{
  "20": {
    "FIFO": [
      [
        122.50000000000003,
        201.79999999999998
      ],
      [
        122.50000000000003,
        201.79999999999998
      ],
      [
        122.50000000000003,
        201.79999999999998
      ],
      [
        122.50000000000003,
        201.79999999999998
      ],
      [
        122.50000000000003,
        201.79999999999998
      ],
      [
        124.10000000000002,
        199.89999999999998
      ],
      [
        122.50000000000003,
        201.79999999999998
      ],
      [
        124.10000000000002,
        199.89999999999998
      ],
      [
        124.10000000000002,
        199.89999999999998
      ]
    ],
    "LTP": [
      [
        45.9,
        180.3
      ],
      [
        45.9,
        180.3
      ],
      [
        45.9,
        180.3
      ],
      [
        45.9,
        180.3
      ],
      [
        45.9,
        180.3
      ],
      [
        46.2,
        177.90000000000003
      ],
      [
        49.2,
        177.1
      ],
      [
        49.2,
        177.1
      ],
      [
        46.2,
        177.90000000000003
      ],
      [
        46.2,
        177.90000000000003
      ]
    ],
    "STP": [
      [
        46.1,
        182.09999999999994
      ],
      [
        46.1,
        182.09999999999994
      ],
      [
        46.1,
        182.09999999999994
      ],
      [
        46.1,
        182.09999999999994
      ],
      [
        46.1,
        182.09999999999994
      ],
      [
        46.1,
        182.09999999999994
      ],
      [
        46.1,
        182.09999999999994
      ],
      [
        46.1,
        182.09999999999994
      ],
      [
        46.1,
        182.09999999999994
      ],
      [
        46.1,
        182.09999999999994
      ]
    ],
    "RRFIFO": [
      [
        50.6,
        178.89999999999998
      ],
      [
        50.6,
        178.89999999999998
      ],
      [
        50.6,
        178.89999999999998
      ],
      [
        50.6,
        178.89999999999998
      ],
      [
        50.6,
        178.89999999999998
      ],
      [
        50.6,
        178.89999999999998
      ],
      [
        50.6,
        178.89999999999998
      ],
      [
        50.6,
        178.89999999999998
      ],
      [
        50.6,
        178.89999999999998
      ],
      [
        50.6,
        178.89999999999998
      ]
    ],
    "RRLTP": [
      [
        50.5,
        189.20000000000002
      ],
      [
        50.5,
        189.20000000000002
      ],
      [
        50.5,
        189.20000000000002
      ],
      [
        50.5,
        189.20000000000002
      ],
      [
        50.5,
        189.20000000000002
      ],
      [
        50.3,
        191.90000000000003
      ],
      [
        49.4,
        192.4
      ],
      [
        49.4,
        192.4
      ]
    ],
    "RRECA": [
      [
        78.19999999999999,
        197.6
      ],
      [
        78.19999999999999,
        197.6
      ],
      [
        78.19999999999999,
        197.6
      ],
      [
        78.19999999999999,
        197.6
      ],
      [
        78.19999999999999,
        197.6
      ],
      [
        78.19999999999999,
        197.6
      ],
      [
        78.19999999999999,
        197.6
      ]
    ]
  },
  "40": {
    "FIFO": [
      [
        122.50000000000003,
        201.79999999999998
      ],
      [
        122.50000000000003,
        201.79999999999998
      ],
      [
        122.50000000000003,
        201.79999999999998
      ],
      [
        122.50000000000003,
        201.79999999999998
      ],
      [
        122.50000000000003,
        201.79999999999998
      ],
      [
        122.50000000000003,
        201.79999999999998
      ],
      [
        122.50000000000003,
        201.79999999999998
      ],
      [
        122.50000000000003,
        201.79999999999998
      ],
      [
        122.50000000000003,
        201.79999999999998
      ],
      [
        122.50000000000003,
        201.79999999999998
      ]
    ],
    "LTP": [
      [
        44.5,
        174.2
      ],
      [
        49.2,
        173.29999999999998
      ],
      [
        49.2,
        173.29999999999998
      ],
      [
        44.5,
        174.2
      ],
      [
        49.2,
        173.29999999999998
      ],
      [
        44.5,
        174.2
      ],
      [
        44.5,
        174.2
      ],
      [
        49.2,
        173.29999999999998
      ],
      [
        44.5,
        174.2
      ],
      [
        49.2,
        173.29999999999998
      ]
    ],
    "STP": [
      [
        46.1,
        182.09999999999994
      ],
      [
        46.1,
        182.09999999999994
      ],
      [
        46.1,
        182.09999999999994
      ],
      [
        46.1,
        182.09999999999994
      ],
      [
        46.1,
        182.09999999999994
      ],
      [
        46.1,
        182.09999999999994
      ],
      [
        46.1,
        182.09999999999994
      ],
      [
        46.1,
        182.09999999999994
      ],
      [
        46.1,
        182.09999999999994
      ],
      [
        46.1,
        182.09999999999994
      ]
    ],
    "RRFIFO": [
      [
        50.6,
        178.89999999999998
      ],
      [
        50.6,
        178.89999999999998
      ],
      [
        50.6,
        178.89999999999998
      ],
      [
        50.6,
        178.89999999999998
      ],
      [
        50.6,
        178.89999999999998
      ],
      [
        50.6,
        178.89999999999998
      ],
      [
        50.6,
        178.89999999999998
      ],
      [
        50.6,
        178.89999999999998
      ],
      [
        50.6,
        178.89999999999998
      ],
      [
        50.6,
        178.89999999999998
      ]
    ],
    "RRLTP": [
      [
        49.4,
        186.50000000000003
      ],
      [
        49.4,
        186.50000000000003
      ],
      [
        49.4,
        186.50000000000003
      ],
      [
        49.4,
        186.50000000000003
      ],
      [
        49.4,
        186.50000000000003
      ],
      [
        49.4,
        186.50000000000003
      ],
      [
        49.4,
        186.50000000000003
      ],
      [
        49.4,
        186.50000000000003
      ],
      [
        49.4,
        186.50000000000003
      ],
      [
        49.4,
        186.50000000000003
      ]
    ],
    "RRECA": [
      [
        78.19999999999999,
        197.6
      ],
      [
        78.19999999999999,
        197.6
      ],
      [
        78.19999999999999,
        197.6
      ],
      [
        78.19999999999999,
        197.6
      ],
      [
        78.19999999999999,
        197.6
      ],
      [
        78.19999999999999,
        197.6
      ],
      [
        78.19999999999999,
        197.6
      ],
      [
        78.19999999999999,
        197.6
      ],
      [
        78.19999999999999,
        197.6
      ],
      [
        78.19999999999999,
        197.6
      ]
    ]
  },
  "60": {
    "FIFO": [
      [
        122.50000000000003,
        201.79999999999998
      ],
      [
        122.50000000000003,
        201.79999999999998
      ],
      [
        122.50000000000003,
        201.79999999999998
      ],
      [
        122.50000000000003,
        201.79999999999998
      ],
      [
        122.50000000000003,
        201.79999999999998
      ],
      [
        122.50000000000003,
        201.79999999999998
      ],
      [
        122.50000000000003,
        201.79999999999998
      ],
      [
        122.50000000000003,
        201.79999999999998
      ],
      [
        122.50000000000003,
        201.79999999999998
      ],
      [
        122.50000000000003,
        201.79999999999998
      ]
    ],