{
  "20": {
    "FIFO": [
      [
        186.39999999999998,
        298.7
      ],
      [
        186.39999999999998,
        298.7
      ],
      [
        186.39999999999998,
        298.7
      ],
      [
        186.39999999999998,
        298.7
      ],
      [
        186.39999999999998,
        298.7
      ],
      [
        186.39999999999998,
        298.7
      ],
      [
        186.39999999999998,
        298.7
      ],
      [
        186.39999999999998,
        298.7
      ],
      [
        186.39999999999998,
        298.7
      ],
      [
        186.39999999999998,
        298.7
      ]
    ],
    "LTP": [
      [
        83.99999999999999,
        304.7
      ],
      [
        83.99999999999999,
        304.7
      ],
      [
        83.99999999999999,
        304.7
      ],
      [
        83.99999999999999,
        304.7
      ],
      [
        83.99999999999999,
        304.7
      ],
      [
        83.99999999999999,
        304.7
      ],
      [
        83.99999999999999,
        304.7
      ],
      [
        83.99999999999999,
        304.7
      ],
      [
        83.99999999999999,
        304.7
      ],
      [
        83.99999999999999,
        304.7
      ]
    ],
    "STP": [
      [
        92.7,
        304.8000000000001
      ],
      [
        99.0,
        297.10000000000014
      ],
      [
        92.7,
        304.8000000000001
      ],
      [
        99.0,
        297.10000000000014
      ],
      [
        92.7,
        304.8000000000001
      ],
      [
        99.0,
        297.10000000000014
      ],
      [
        92.7,
        304.8000000000001
      ],
      [
        99.0,
        297.10000000000014
      ],
      [
        99.0,
        297.10000000000014
      ],
      [
        92.7,
        304.8000000000001
      ]
    ],
    "RRFIFO": [
      [
        99.29999999999998,
        297.70000000000005
      ],
      [
        99.29999999999998,
        297.70000000000005
      ],
      [
        99.29999999999998,
        297.70000000000005
      ],
      [
        99.29999999999998,
        297.70000000000005
      ],
      [
        99.29999999999998,
        297.70000000000005
      ],
      [
        99.29999999999998,
        297.70000000000005
      ],
      [
        99.29999999999998,
        297.70000000000005
      ],
      [
        99.29999999999998,
        297.70000000000005
      ],
      [
        99.29999999999998,
        297.70000000000005
      ],
      [
        99.29999999999998,
        297.70000000000005
      ]
    ],
    "RRLTP": [
      [
        108.20000000000002,
        326.6000000000001
      ],
      [
        108.20000000000002,
        326.6000000000001
      ],
      [
        108.20000000000002,
        326.6000000000001
      ],
      [
        108.20000000000002,
        326.6000000000001
      ],
      [
        108.20000000000002,
        326.6000000000001
      ],
      [
        108.20000000000002,
        326.6000000000001
      ],
      [
        108.20000000000002,
        326.6000000000001
      ],
      [
        108.20000000000002,
        326.6000000000001
      ],
      [
        108.20000000000002,
        326.6000000000001
      ],
      [
        108.20000000000002,
        326.6000000000001
      ]
    ],
    "RRECA": [
      [
        109.8,
        314.20000000000005
      ],
      [
        109.8,
        314.20000000000005
      ],
      [
        109.8,
        314.20000000000005
      ],
      [
        109.8,
        314.20000000000005
      ],
      [
        109.8,
        314.20000000000005
      ],
      [
        109.8,
        314.20000000000005
      ],
      [
        109.8,
        314.20000000000005
      ],
      [
        109.8,
        314.20000000000005
      ],
      [
        109.8,
        314.20000000000005
      ],
      [
        109.8,
        314.20000000000005
      ]
    ]
  },
  "40": {
    "FIFO": [
      [
        186.39999999999998,
        298.7
      ],
      [
        186.39999999999998,
        298.7
      ],
      [
        186.39999999999998,
        298.7
      ],
      [
        186.39999999999998,
        298.7
      ],
      [
        186.39999999999998,
        298.7
      ],
      [
        186.39999999999998,
        298.7
      ],
      [
        186.39999999999998,
        298.7
      ],
      [
        186.39999999999998,
        298.7
      ],
      [
        186.39999999999998,
        298.7
      ],
      [
        186.39999999999998,
        298.7
      ]
    ],
    "LTP": [
      [
        83.99999999999999,
        304.7
      ],
      [
        83.99999999999999,
        304.7
      ],
      [
        83.99999999999999,
        304.7
      ],
      [
        83.99999999999999,
        304.7
      ],
      [
        83.99999999999999,
        304.7
      ],
      [
        83.99999999999999,
        304.7
      ],
      [
        83.99999999999999,
        304.7
      ],
      [
        83.99999999999999,
        304.7
      ],
      [
        83.99999999999999,
        304.7
      ],
      [
        83.99999999999999,
        304.7
      ]
    ],
    "STP": [
      [
        99.0,
        297.10000000000014
      ],
      [
        92.7,
        304.8000000000001
      ],
      [
        92.7,
        304.8000000000001
      ],
      [
        99.0,
        297.10000000000014
      ],
      [
        99.0,
        297.10000000000014
      ],
      [
        92.7,
        304.8000000000001
      ],
      [
        99.0,
        297.10000000000014
      ],
      [
        92.7,
        304.8000000000001
      ],
      [
        92.7,
        304.8000000000001
      ],
      [
        99.0,
        297.10000000000014
      ]
    ],
    "RRFIFO": [
      [
        99.29999999999998,
        297.70000000000005
      ],
      [
        99.29999999999998,
        297.70000000000005
      ],
      [
        108.30000000000001,
        292.40000000000003
      ],
      [
        99.29999999999998,
        297.70000000000005
      ],
      [
        108.30000000000001,
        292.40000000000003
      ],
      [
        99.29999999999998,
        297.70000000000005
      ],
      [
        99.29999999999998,
        297.70000000000005
      ],
      [
        108.30000000000001,
        292.40000000000003
      ],
      [
        99.29999999999998,
        297.70000000000005
      ],
      [
        99.29999999999998,
        297.70000000000005
      ]
    ],
    "RRLTP": [
      [
        108.20000000000002,
        326.6000000000001
      ],
      [
        108.20000000000002,
        326.6000000000001
      ],
      [
        108.20000000000002,
        326.6000000000001
      ],
      [
        108.20000000000002,
        326.6000000000001
      ],
      [
        108.20000000000002,
        326.6000000000001
      ],
      [
        108.20000000000002,
        326.6000000000001
      ],
      [
        108.20000000000002,
        326.6000000000001
      ],
      [
        108.20000000000002,
        326.6000000000001
      ],
      [
        108.20000000000002,
        326.6000000000001
      ],
      [
        108.20000000000002,
        326.6000000000001
      ]
    ],
    "RRECA": [
      [
        105.0,
        313.70000000000005
      ],
      [
        105.0,
        313.70000000000005
      ],
      [
        109.8,
        307.00000000000006
      ],
      [
        109.8,
        307.00000000000006
      ],
      [
        109.8,
        307.00000000000006
      ],
      [
        105.0,
        313.70000000000005
      ],
      [
        105.0,
        313.70000000000005
      ],
      [
        105.0,
        313.70000000000005
      ],
      [
        109.8,
        307.00000000000006
      ],
      [
        105.0,
        313.70000000000005
      ]
    ]
  },