{
  "20": {
    "FIFO": [
      [
        60.39999999999999,
        69.8
      ],
      [
        60.39999999999999,
        69.8
      ],
      [
        60.39999999999999,
        69.8
      ],
      [
        60.39999999999999,
        69.8
      ],
      [
        60.39999999999999,
        69.8
      ],
      [
        60.39999999999999,
        69.8
      ],
      [
        60.39999999999999,
        69.8
      ],
      [
        60.39999999999999,
        69.8
      ],
      [
        60.39999999999999,
        69.8
      ],
      [
        60.39999999999999,
        69.8
      ]
    ],
    "LTP": [
      [
        31.4,
        89.6
      ],
      [
        33.1,
        84.49999999999999
      ],
      [
        31.4,
        89.6
      ],
      [
        33.1,
        84.49999999999999
      ],
      [
        31.4,
        89.6
      ],
      [
        33.1,
        84.49999999999999
      ],
      [
        31.4,
        89.6
      ],
      [
        33.1,
        84.49999999999999
      ],
      [
        31.4,
        89.6
      ],
      [
        31.4,
        89.6
      ]
    ],
    "STP": [
      [
        34.8,
        83.1
      ],
      [
        34.8,
        83.1
      ],
      [
        34.8,
        83.1
      ],
      [
        34.8,
        83.1
      ],
      [
        34.8,
        83.1
      ],
      [
        34.8,
        83.1
      ],
      [
        34.8,
        83.1
      ],
      [
        34.8,
        83.1
      ],
      [
        34.8,
        83.1
      ],
      [
        34.8,
        83.1
      ]
    ],
    "RRFIFO": [
      [
        34.7,
        100.9
      ],
      [
        34.7,
        100.9
      ],
      [
        34.7,
        100.9
      ],
      [
        34.7,
        100.9
      ],
      [
        34.7,
        100.9
      ],
      [
        34.7,
        100.9
      ],
      [
        34.7,
        100.9
      ],
      [
        34.7,
        100.9
      ],
      [
        34.7,
        100.9
      ],
      [
        34.7,
        100.9
      ]
    ],
    "RRLTP": [
      [
        41.49999999999999,
        89.3
      ],
      [
        32.5,
        93.3
      ],
      [
        41.49999999999999,
        89.3
      ],
      [
        32.5,
        93.3
      ],
      [
        41.49999999999999,
        89.3
      ],
      [
        32.5,
        93.3
      ],
      [
        32.5,
        93.3
      ],
      [
        32.5,
        93.3
      ],
      [
        41.49999999999999,
        89.3
      ],
      [
        41.49999999999999,
        89.3
      ]
    ],
    "RRECA": [
      [
        34.2,
        92.60000000000001
      ],
      [
        42.6,
        81.2
      ],
      [
        34.2,
        92.60000000000001
      ],
      [
        36.4,
        85.2
      ],
      [
        42.6,
        81.2
      ],
      [
        42.6,
        81.2
      ],
      [
        36.4,
        85.2
      ],
      [
        42.6,
        81.2
      ],
      [
        42.6,
        81.2
      ],
      [
        36.4,
        85.2
      ]
    ]
  },
  "40": {
    "FIFO": [
      [
        60.39999999999999,
        69.8
      ],
      [
        60.39999999999999,
        69.8
      ],
      [
        60.39999999999999,
        69.8
      ],
      [
        60.39999999999999,
        69.8
      ],
      [
        60.39999999999999,
        69.8
      ],
      [
        60.39999999999999,
        69.8
      ],
      [
        60.39999999999999,
        69.8
      ],
      [
        60.39999999999999,
        69.8
      ],
      [
        60.39999999999999,
        69.8
      ],
      [
        60.39999999999999,
        69.8
      ]
    ],
    "LTP": [
      [
        33.1,
        84.49999999999999
      ],
      [
        31.4,
        89.6
      ],
      [
        31.4,
        89.6
      ],
      [
        33.1,
        84.49999999999999
      ],
      [
        33.1,
        84.49999999999999
      ],
      [
        31.4,
        89.6
      ],
      [
        33.1,
        84.49999999999999
      ],
      [
        33.1,
        84.49999999999999
      ],
      [
        31.4,
        89.6
      ],
      [
        31.4,
        89.6
      ]
    ],
    "STP": [
      [
        34.8,
        83.1
      ],
      [
        34.8,
        83.1
      ],
      [
        34.8,
        83.1
      ],
      [
        34.8,
        83.1
      ],
      [
        34.8,
        83.1
      ],
      [
        34.8,
        83.1
      ],
      [
        34.8,
        83.1
      ],
      [
        34.8,
        83.1
      ],
      [
        34.8,
        83.1
      ],
      [
        34.8,
        83.1
      ]
    ],
    "RRFIFO": [
      [
        34.7,
        100.9
      ],
      [
        34.7,
        100.9
      ],
      [
        34.7,
        100.9
      ],
      [
        34.7,
        100.9
      ],
      [
        34.7,
        100.9
      ],
      [
        34.7,
        100.9
      ],
      [
        34.7,
        100.9
      ],
      [
        34.7,
        100.9
      ],
      [
        34.7,
        100.9
      ],
      [
        34.7,
        100.9
      ]
    ],
    "RRLTP": [
      [
        32.5,
        83.80000000000001
      ],
      [
        32.5,
        83.80000000000001
      ],
      [
        32.5,
        83.80000000000001
      ],
      [
        31.7,
        100.8
      ],
      [
        31.7,
        100.8
      ],
      [
        32.5,
        83.80000000000001
      ],
      [
        32.5,
        83.80000000000001
      ],
      [
        32.5,
        83.80000000000001
      ],
      [
        32.5,
        83.80000000000001
      ],
      [
        32.5,
        83.80000000000001
      ]
    ],
    "RRECA": [
      [
        42.6,
        81.2
      ],
      [
        42.6,
        81.2
      ],
      [
        34.2,
        92.60000000000001
      ],
      [
        42.6,
        81.2
      ],
      [
        42.6,
        81.2
      ],
      [
        42.6,
        81.2
      ],
      [
        42.6,
        81.2
      ],
      [
        36.4,
        85.2
      ],
      [
        42.6,
        81.2
      ],
      [
        34.2,
        92.60000000000001
      ]
    ]
  },
  "60": {
    "FIFO": [
      [
        60.39999999999999,
        69.8
      ],
      [
        60.39999999999999,
        69.8
      ],
      [
        60.39999999999999,
        69.8
      ],
      [
        60.39999999999999,
        69.8
      ],
      [
        60.39999999999999,
        69.8
      ],
      [
        60.39999999999999,
        69.8
      ],
      [
        60.39999999999999,
        69.8
      ],
      [
        60.39999999999999,
        69.8
      ],
      [
        60.39999999999999,
        69.8
      ],
      [
        60.39999999999999,
        69.8
      ]
    ],
    "LTP": [
      [
        31.4,
        89.6
      ],
      [
        31.4,
        89.6
      ],
      [
        31.4,
        89.6
      ],
      [
        31.4,
        89.6
      ],
      [
        31.4,
        89.6
      ],
      [
        31.4,
        89.6
      ],
      [
        31.4,
        89.6
      ],
      [
        31.4,
        89.6
      ],
      [
        31.4,
        89.6
      ],
      [
        31.4,
        89.6
      ]
    ],
    "STP": [
      [
        34.8,
        83.1
      ],
      [
        34.8,
        83.1
      ],
      [
        34.8,
        83.1
      ],
      [
        34.8,
        83.1
      ],
      [
        34.8,
        83.1
      ],
      [
        34.8,
        83.1
      ],
      [
        34.8,
        83.1
      ],
      [
        34.8,
        83.1
      ],
      [
        34.8,
        83.1
      ],
      [
        34.8,
        83.1
      ]
    ],