{
  "20": {
    "FIFO": [
      [
        58.099999999999994,
        89.79999999999998
      ],
      [
        58.099999999999994,
        89.79999999999998
      ],
      [
        58.099999999999994,
        89.79999999999998
      ],
      [
        58.099999999999994,
        89.79999999999998
      ],
      [
        58.099999999999994,
        89.79999999999998
      ],
      [
        58.099999999999994,
        89.79999999999998
      ],
      [
        58.099999999999994,
        89.79999999999998
      ]
    ],
    "LTP": [
      [
        35.4,
        74.99999999999999
      ],
      [
        39.6,
        72.99999999999999
      ],
      [
        35.4,
        74.99999999999999
      ],
      [
        35.4,
        74.99999999999999
      ],
      [
        35.4,
        74.99999999999999
      ],
      [
        38.4,
        73.39999999999998
      ],
      [
        39.6,
        72.99999999999999
      ],
      [
        38.4,
        73.39999999999998
      ],
      [
        35.4,
        74.99999999999999
      ],
      [
        38.4,
        73.39999999999998
      ]
    ],
    "STP": [
      [
        38.8,
        100.2
      ],
      [
        38.8,
        100.2
      ],
      [
        38.8,
        100.2
      ],
      [
        38.8,
        100.2
      ],
      [
        40.8,
        92.8
      ],
      [
        40.8,
        92.8
      ],
      [
        38.8,
        100.2
      ],
      [
        40.8,
        92.8
      ],
      [
        38.8,
        100.2
      ]
    ],
    "RRFIFO": [
      [
        30.3,
        79.3
      ],
      [
        30.3,
        79.3
      ],
      [
        30.3,
        79.3
      ],
      [
        30.3,
        79.3
      ],
      [
        30.3,
        79.3
      ],
      [
        32.2,
        78.39999999999999
      ],
      [
        30.3,
        79.3
      ],
      [
        30.3,
        79.3
      ]
    ],
    "RRLTP": [
      [
        30.299999999999997,
        99.10000000000001
      ],
      [
        30.299999999999997,
        99.10000000000001
      ],
      [
        30.299999999999997,
        99.10000000000001
      ],
      [
        30.299999999999997,
        99.10000000000001
      ],
      [
        30.299999999999997,
        99.10000000000001
      ],
      [
        30.299999999999997,
        99.10000000000001
      ],
      [
        30.299999999999997,
        99.10000000000001
      ],
      [
        30.299999999999997,
        99.10000000000001
      ],
      [
        30.299999999999997,
        99.10000000000001
      ],
      [
        30.299999999999997,
        99.10000000000001
      ]
    ],
    "RRECA": [
      [
        32.2,
        85.10000000000001
      ],
      [
        32.2,
        85.10000000000001
      ],
      [
        32.2,
        85.10000000000001
      ],
      [
        32.2,
        85.10000000000001
      ],
      [
        32.2,
        85.10000000000001
      ],
      [
        32.2,
        85.10000000000001
      ],
      [
        32.2,
        85.10000000000001
      ],
      [
        32.2,
        85.10000000000001
      ],
      [
        32.2,
        85.10000000000001
      ],
      [
        37.3,
        79.60000000000001
      ]
    ]
  },
  "40": {
    "FIFO": [
      [
        58.099999999999994,
        89.79999999999998
      ],
      [
        58.099999999999994,
        89.79999999999998
      ],
      [
        58.099999999999994,
        89.79999999999998
      ],
      [
        58.099999999999994,
        89.79999999999998
      ],
      [
        58.099999999999994,
        89.79999999999998
      ],
      [
        58.099999999999994,
        89.79999999999998
      ],
      [
        58.099999999999994,
        89.79999999999998
      ],
      [
        58.099999999999994,
        89.79999999999998
      ],
      [
        58.099999999999994,
        89.79999999999998
      ],
      [
        58.099999999999994,
        89.79999999999998
      ]
    ],
    "LTP": [
      [
        35.4,
        74.99999999999999
      ],
      [
        35.4,
        74.99999999999999
      ],
      [
        42.6,
        71.39999999999998
      ],
      [
        42.6,
        71.39999999999998
      ],
      [
        35.4,
        74.99999999999999
      ],
      [
        35.4,
        74.99999999999999
      ],
      [
        42.6,
        71.39999999999998
      ],
      [
        38.4,
        73.39999999999998
      ],
      [
        39.6,
        72.99999999999999
      ],
      [
        35.4,
        74.99999999999999
      ]
    ],
    "STP": [
      [
        38.8,
        100.2
      ],
      [
        40.8,
        92.8
      ],
      [
        38.8,
        100.2
      ],
      [
        38.8,
        100.2
      ],
      [
        38.8,
        100.2
      ],
      [
        40.8,
        92.8
      ],
      [
        38.8,
        100.2
      ],
      [
        40.8,
        92.8
      ],
      [
        38.8,
        100.2
      ],
      [
        38.8,
        100.2
      ]
    ],
    "RRFIFO": [
      [
        30.3,
        79.3
      ],
      [
        30.3,
        79.3
      ],
      [
        32.2,
        78.39999999999999
      ],
      [
        30.3,
        79.3
      ],
      [
        30.3,
        79.3
      ],
      [
        32.2,
        78.39999999999999
      ],
      [
        32.2,
        78.39999999999999
      ],
      [
        32.2,
        78.39999999999999
      ],
      [
        32.2,
        78.39999999999999
      ],
      [
        30.3,
        79.3
      ]
    ],
    "RRLTP": [
      [
        30.299999999999997,
        99.10000000000001
      ],
      [
        30.299999999999997,
        99.10000000000001
      ],
      [
        30.299999999999997,
        99.10000000000001
      ],
      [
        30.299999999999997,
        99.10000000000001
      ],
      [
        30.299999999999997,
        99.10000000000001
      ],
      [
        30.299999999999997,
        99.10000000000001
      ],
      [
        30.299999999999997,
        99.10000000000001
      ],
      [
        30.299999999999997,
        99.10000000000001
      ],
      [
        30.299999999999997,
        99.10000000000001
      ],
      [
        30.299999999999997,
        99.10000000000001
      ]
    ],
    "RRECA": [
      [
        32.2,
        85.10000000000001
      ],
      [
        32.2,
        85.10000000000001
      ],
      [
        32.2,
        85.10000000000001
      ],
      [
        32.2,
        85.10000000000001
      ],
      [
        32.2,
        85.10000000000001
      ],
      [
        32.2,
        85.10000000000001
      ],
      [
        32.2,
        85.10000000000001
      ],
      [
        32.2,
        85.10000000000001
      ],
      [
        32.2,
        85.10000000000001
      ],
      [
        32.2,
        85.10000000000001
      ]
    ]
  },
  "60": {
    "FIFO": [
      [
        56.89999999999999,
        84.19999999999997
      ],
      [
        56.89999999999999,
        84.19999999999997
      ],
      [
        56.89999999999999,
        84.19999999999997
      ],
      [
        56.89999999999999,
        84.19999999999997
      ],
      [
        58.39999999999999,
        78.69999999999997
      ],
      [
        58.39999999999999,
        78.69999999999997
      ],
      [
        56.89999999999999,
        84.19999999999997
      ],
      [
        64.59999999999998,
        73.19999999999997
      ],
      [
        56.89999999999999,
        84.19999999999997
      ],
      [
        64.59999999999998,
        73.19999999999997
      ]
    ],