{
  "20": {
    "FIFO": [
      [
        91.5,
        186.6
      ],
      [
        91.5,
        186.6
      ],
      [
        110.8,
        185.2
      ],
      [
        110.8,
        185.2
      ],
      [
        110.8,
        185.2
      ],
      [
        110.8,
        185.2
      ],
      [
        110.8,
        185.2
      ]
    ],
    "LTP": [
      [
        45.5,
        213.7
      ],
      [
        52.900000000000006,
        209.7
      ],
      [
        37.5,
        226.20000000000005
      ],
      [
        39.4,
        219.50000000000003
      ],
      [
        61.300000000000004,
        209.49999999999997
      ]
    ],
    "STP": [
      [
        56.6,
        198.99999999999994
      ],
      [
        47.199999999999996,
        202.09999999999994
      ],
      [
        47.900000000000006,
        200.09999999999997
      ],
      [
        47.900000000000006,
        200.09999999999997
      ],
      [
        47.199999999999996,
        202.09999999999994
      ]
    ],
    "RRFIFO": [
      [
        42.5,
        208.39999999999998
      ],
      [
        43.4,
        207.09999999999997
      ],
      [
        43.4,
        207.09999999999997
      ]
    ],
    "RRLTP": [
      [
        61.50000000000001,
        201.90000000000003
      ],
      [
        49.7,
        210.60000000000002
      ],
      [
        64.60000000000001,
        199.40000000000003
      ],
      [
        64.60000000000001,
        199.40000000000003
      ],
      [
        64.60000000000001,
        199.40000000000003
      ],
      [
        54.8,
        202.7
      ]
    ],
    "RRECA": [
      [
        55.4,
        198.10000000000005
      ],
      [
        50.7,
        200.60000000000005
      ],
      [
        50.7,
        200.60000000000005
      ],
      [
        50.7,
        200.60000000000005
      ]
    ]
  },
  "40": {
    "FIFO": [
      [
        110.8,
        185.2
      ],
      [
        110.8,
        185.2
      ],
      [
        110.8,
        185.2
      ],
      [
        110.8,
        185.2
      ],
      [
        110.8,
        185.2
      ],
      [
        110.8,
        185.2
      ],
      [
        110.8,
        185.2
      ],
      [
        110.8,
        185.2
      ],
      [
        110.8,
        185.2
      ],
      [
        110.8,
        185.2
      ]
    ],
    "LTP": [
      [
        43.10000000000001,
        208.0
      ],
      [
        43.10000000000001,
        208.0
      ],
      [
        43.10000000000001,
        208.0
      ],
      [
        43.10000000000001,
        208.0
      ],
      [
        43.10000000000001,
        208.0
      ],
      [
        43.10000000000001,
        208.0
      ],
      [
        43.10000000000001,
        208.0
      ],
      [
        43.10000000000001,
        208.0
      ],
      [
        43.10000000000001,
        208.0
      ],
      [
        43.10000000000001,
        208.0
      ]
    ],
    "STP": [
      [
        56.6,
        198.79999999999995
      ],
      [
        47.199999999999996,
        202.09999999999994
      ],
      [
        56.6,
        198.79999999999995
      ],
      [
        47.199999999999996,
        202.09999999999994
      ],
      [
        56.6,
        198.79999999999995
      ],
      [
        47.199999999999996,
        202.09999999999994
      ],
      [
        56.6,
        198.79999999999995
      ],
      [
        47.199999999999996,
        202.09999999999994
      ],
      [
        56.6,
        198.79999999999995
      ],
      [
        47.199999999999996,
        202.09999999999994
      ]
    ],
    "RRFIFO": [
      [
        42.5,
        206.79999999999995
      ],
      [
        42.5,
        206.79999999999995
      ],
      [
        42.5,
        206.79999999999995
      ],
      [
        42.5,
        206.79999999999995
      ],
      [
        42.5,
        206.79999999999995
      ],
      [
        42.5,
        206.79999999999995
      ],
      [
        42.5,
        206.79999999999995
      ],
      [
        42.5,
        206.79999999999995
      ],
      [
        42.5,
        206.79999999999995
      ],
      [
        42.5,
        206.79999999999995
      ]
    ],
    "RRLTP": [
      [
        53.300000000000004,
        191.7
      ],
      [
        53.300000000000004,
        191.7
      ],
      [
        53.300000000000004,
        191.7
      ],
      [
        53.300000000000004,
        191.7
      ],
      [
        53.300000000000004,
        191.7
      ],
      [
        53.300000000000004,
        191.7
      ],
      [
        53.300000000000004,
        191.7
      ],
      [
        53.300000000000004,
        191.7
      ],
      [
        53.300000000000004,
        191.7
      ],
      [
        53.300000000000004,
        191.7
      ]
    ],
    "RRECA": [
      [
        50.2,
        200.50000000000006
      ],
      [
        50.2,
        200.50000000000006
      ],
      [
        50.2,
        200.50000000000006
      ],
      [
        50.2,
        200.50000000000006
      ],
      [
        50.2,
        200.50000000000006
      ],
      [
        50.2,
        200.50000000000006
      ],
      [
        50.2,
        200.50000000000006
      ],
      [
        50.2,
        200.50000000000006
      ],
      [
        50.2,
        200.50000000000006
      ],
      [
        50.2,
        200.50000000000006
      ]
    ]
  },
  "60": {
    "FIFO": [
      [
        110.8,
        185.2
      ],
      [
        110.8,
        185.2
      ],
      [
        110.8,
        185.2
      ],
      [
        110.8,
        185.2
      ],
      [
        110.8,
        185.2
      ],
      [
        110.8,
        185.2
      ],
      [
        110.8,
        185.2
      ],
      [
        110.8,
        185.2
      ],
      [
        110.8,
        185.2
      ],
      [
        110.8,
        185.2
      ]
    ],
    "LTP": [
      [
        43.10000000000001,
        208.0
      ],
      [
        43.10000000000001,
        208.0
      ],
      [
        43.10000000000001,
        208.0
      ],
      [
        43.10000000000001,
        208.0
      ],
      [
        43.10000000000001,
        208.0
      ],
      [
        43.10000000000001,
        208.0
      ],
      [
        43.10000000000001,
        208.0
      ],
      [
        43.10000000000001,
        208.0
      ],
      [
        43.10000000000001,
        208.0
      ],
      [
        43.10000000000001,
        208.0
      ]
    ],
    "STP": [
      [
        56.6,
        198.79999999999995
      ],
      [
        56.6,
        198.79999999999995
      ],
      [
        56.6,
        198.79999999999995
      ],
      [
        56.6,
        198.79999999999995
      ],
      [
        56.6,
        198.79999999999995
      ],
      [
        56.6,
        198.79999999999995
      ],
      [
        56.6,
        198.79999999999995
      ],
      [
        56.6,
        198.79999999999995
      ],
      [
        56.6,
        198.79999999999995
      ],
      [
        56.6,
        198.79999999999995
      ]
    ],
    "RRFIFO": [
      [
        42.5,
        206.79999999999995
      ],
      [
        42.5,
        206.79999999999995
      ],
      [
        42.5,
        206.79999999999995
      ],
      [
        42.5,
        206.79999999999995
      ],
      [
        42.5,
        206.79999999999995
      ],
      [
        42.5,
        206.79999999999995
      ],
      [
        42.5,
        206.79999999999995
      ],
      [
        42.5,
        206.79999999999995
      ],
      [
        42.5,
        206.79999999999995
      ],
      [
        42.5,
        206.79999999999995
      ]
    ],