{
  "20": {
    "FIFO": [
      [
        44.2,
        74.3
      ],
      [
        44.2,
        74.3
      ],
      [
        46.9,
        72.4
      ],
      [
        44.00000000000001,
        75.99999999999999
      ],
      [
        46.9,
        72.4
      ],
      [
        44.00000000000001,
        75.99999999999999
      ],
      [
        44.2,
        74.3
      ],
      [
        44.00000000000001,
        75.99999999999999
      ],
      [
        46.7,
        74.1
      ],
      [
        46.9,
        72.4
      ]
    ],
    "LTP": [
      [
        48.99999999999999,
        75.10000000000001
      ],
      [
        48.99999999999999,
        75.10000000000001
      ],
      [
        48.99999999999999,
        75.10000000000001
      ],
      [
        48.99999999999999,
        75.10000000000001
      ],
      [
        48.99999999999999,
        75.10000000000001
      ],
      [
        48.99999999999999,
        75.10000000000001
      ],
      [
        48.99999999999999,
        75.10000000000001
      ],
      [
        48.99999999999999,
        75.10000000000001
      ],
      [
        48.99999999999999,
        75.10000000000001
      ],
      [
        48.99999999999999,
        75.10000000000001
      ]
    ],
    "STP": [
      [
        37.400000000000006,
        79.49999999999999
      ],
      [
        37.400000000000006,
        79.49999999999999
      ],
      [
        37.400000000000006,
        79.49999999999999
      ],
      [
        37.400000000000006,
        79.49999999999999
      ],
      [
        37.400000000000006,
        79.49999999999999
      ],
      [
        37.400000000000006,
        79.49999999999999
      ],
      [
        37.400000000000006,
        79.49999999999999
      ],
      [
        37.400000000000006,
        79.49999999999999
      ],
      [
        37.400000000000006,
        79.49999999999999
      ],
      [
        37.400000000000006,
        79.49999999999999
      ]
    ],
    "RRFIFO": [
      [
        33.1,
        89.89999999999999
      ],
      [
        33.1,
        89.89999999999999
      ],
      [
        33.1,
        89.89999999999999
      ],
      [
        33.1,
        89.89999999999999
      ],
      [
        33.1,
        89.89999999999999
      ],
      [
        33.1,
        89.89999999999999
      ],
      [
        33.1,
        89.89999999999999
      ],
      [
        33.1,
        89.89999999999999
      ],
      [
        33.1,
        89.89999999999999
      ],
      [
        33.1,
        89.89999999999999
      ]
    ],
    "RRLTP": [
      [
        31.8,
        95.0
      ],
      [
        33.5,
        89.5
      ],
      [
        31.8,
        95.0
      ],
      [
        33.5,
        89.5
      ],
      [
        31.8,
        95.0
      ],
      [
        33.5,
        89.5
      ],
      [
        31.8,
        95.0
      ],
      [
        33.5,
        89.5
      ],
      [
        33.5,
        89.5
      ],
      [
        31.8,
        95.0
      ]
    ],
    "RRECA": [
      [
        46.2,
        89.19999999999999
      ],
      [
        46.2,
        89.19999999999999
      ],
      [
        46.2,
        89.19999999999999
      ],
      [
        46.2,
        89.19999999999999
      ],
      [
        46.2,
        89.19999999999999
      ],
      [
        46.2,
        89.19999999999999
      ],
      [
        46.2,
        89.19999999999999
      ],
      [
        46.2,
        89.19999999999999
      ],
      [
        46.2,
        89.19999999999999
      ],
      [
        46.2,
        89.19999999999999
      ]
    ]
  },
  "40": {
    "FIFO": [
      [
        44.2,
        74.3
      ],
      [
        46.9,
        72.4
      ],
      [
        46.9,
        72.4
      ],
      [
        46.9,
        72.4
      ],
      [
        46.9,
        72.4
      ],
      [
        46.9,
        72.4
      ],
      [
        44.2,
        74.3
      ],
      [
        46.9,
        72.4
      ],
      [
        46.9,
        72.4
      ],
      [
        44.2,
        74.3
      ]
    ],
    "LTP": [
      [
        48.99999999999999,
        75.10000000000001
      ],
      [
        48.99999999999999,
        75.10000000000001
      ],
      [
        48.99999999999999,
        75.10000000000001
      ],
      [
        48.99999999999999,
        75.10000000000001
      ],
      [
        48.99999999999999,
        75.10000000000001
      ],
      [
        48.99999999999999,
        75.10000000000001
      ],
      [
        48.99999999999999,
        75.10000000000001
      ],
      [
        48.99999999999999,
        75.10000000000001
      ],
      [
        48.99999999999999,
        75.10000000000001
      ],
      [
        48.99999999999999,
        75.10000000000001
      ]
    ],
    "STP": [
      [
        37.400000000000006,
        79.49999999999999
      ],
      [
        37.400000000000006,
        79.49999999999999
      ],
      [
        37.400000000000006,
        79.49999999999999
      ],
      [
        37.400000000000006,
        79.49999999999999
      ],
      [
        37.400000000000006,
        79.49999999999999
      ],
      [
        37.400000000000006,
        79.49999999999999
      ],
      [
        37.400000000000006,
        79.49999999999999
      ],
      [
        37.400000000000006,
        79.49999999999999
      ],
      [
        37.400000000000006,
        79.49999999999999
      ],
      [
        37.400000000000006,
        79.49999999999999
      ]
    ],
    "RRFIFO": [
      [
        39.599999999999994,
        67.5
      ],
      [
        36.6,
        70.89999999999999
      ],
      [
        31.0,
        72.5
      ],
      [
        43.4,
        65.3
      ],
      [
        31.0,
        72.5
      ],
      [
        40.599999999999994,
        66.7
      ]
    ],
    "RRLTP": [
      [
        33.5,
        89.5
      ],
      [
        31.8,
        95.0
      ],
      [
        31.8,
        95.0
      ],
      [
        31.8,
        95.0
      ],
      [
        31.8,
        95.0
      ],
      [
        31.8,
        95.0
      ],
      [
        33.5,
        89.5
      ],
      [
        31.8,
        95.0
      ],
      [
        31.8,
        95.0
      ],
      [
        33.5,
        89.5
      ]
    ],
    "RRECA": [
      [
        46.2,
        89.19999999999999
      ],
      [
        46.2,
        89.19999999999999
      ],
      [
        46.2,
        89.19999999999999
      ],
      [
        46.2,
        89.19999999999999
      ],
      [
        46.2,
        89.19999999999999
      ],
      [
        46.2,
        89.19999999999999
      ],
      [
        46.2,
        89.19999999999999
      ],
      [
        46.2,
        89.19999999999999
      ],
      [
        46.2,
        89.19999999999999
      ],
      [
        46.2,
        89.19999999999999
      ]
    ]
  },
  "60": {
    "FIFO": [
      [
        44.2,
        74.3
      ],
      [
        46.9,
        72.4
      ],
      [
        46.9,
        72.4
      ],
      [
        46.9,
        72.4
      ],
      [
        46.9,
        72.4
      ],
      [
        44.2,
        74.3
      ],
      [
        44.2,
        74.3
      ],
      [
        46.9,
        72.4
      ],
      [
        46.9,
        72.4
      ],
      [
        44.2,
        74.3
      ]
    ],