{
  "20": {
    "FIFO": [
      [
        99.20000000000002,
        183.20000000000002
      ],
      [
        99.20000000000002,
        183.20000000000002
      ],
      [
        99.20000000000002,
        183.20000000000002
      ],
      [
        99.20000000000002,
        183.20000000000002
      ],
      [
        99.20000000000002,
        183.20000000000002
      ],
      [
        99.20000000000002,
        183.20000000000002
      ],
      [
        99.20000000000002,
        183.20000000000002
      ]
    ],
    "LTP": [
      [
        50.099999999999994,
        193.9
      ],
      [
        50.099999999999994,
        193.9
      ],
      [
        50.099999999999994,
        193.9
      ]
    ],
    "STP": [
      [
        56.8,
        195.2
      ],
      [
        59.50000000000001,
        190.0
      ],
      [
        59.50000000000001,
        190.0
      ],
      [
        56.8,
        195.2
      ],
      [
        59.50000000000001,
        190.0
      ],
      [
        59.50000000000001,
        190.0
      ],
      [
        56.8,
        195.2
      ],
      [
        59.50000000000001,
        190.0
      ],
      [
        56.8,
        195.2
      ],
      [
        59.50000000000001,
        190.0
      ]
    ],
    "RRFIFO": [
      [
        60.99999999999999,
        187.29999999999995
      ],
      [
        60.99999999999999,
        187.29999999999995
      ],
      [
        60.99999999999999,
        187.29999999999995
      ],
      [
        60.99999999999999,
        187.29999999999995
      ],
      [
        60.99999999999999,
        187.29999999999995
      ],
      [
        60.99999999999999,
        187.29999999999995
      ],
      [
        60.99999999999999,
        187.29999999999995
      ],
      [
        60.99999999999999,
        187.29999999999995
      ],
      [
        60.99999999999999,
        187.29999999999995
      ],
      [
        60.99999999999999,
        187.29999999999995
      ]
    ],
    "RRLTP": [
      [
        55.6,
        195.19999999999993
      ],
      [
        55.6,
        195.19999999999993
      ],
      [
        55.6,
        195.19999999999993
      ],
      [
        55.6,
        195.19999999999993
      ],
      [
        55.6,
        195.19999999999993
      ],
      [
        55.6,
        195.19999999999993
      ],
      [
        55.6,
        195.19999999999993
      ],
      [
        55.6,
        195.19999999999993
      ],
      [
        55.6,
        195.19999999999993
      ],
      [
        55.6,
        195.19999999999993
      ]
    ],
    "RRECA": [
      [
        57.39999999999999,
        213.9
      ],
      [
        57.39999999999999,
        213.9
      ],
      [
        57.39999999999999,
        213.9
      ],
      [
        57.39999999999999,
        213.9
      ],
      [
        57.39999999999999,
        213.9
      ],
      [
        57.39999999999999,
        213.9
      ],
      [
        57.39999999999999,
        213.9
      ],
      [
        57.39999999999999,
        213.9
      ],
      [
        57.39999999999999,
        213.9
      ],
      [
        57.39999999999999,
        213.9
      ]
    ]
  },
  "40": {
    "FIFO": [
      [
        81.7,
        180.09999999999997
      ],
      [
        76.5,
        183.29999999999995
      ],
      [
        90.8,
        175.0
      ],
      [
        86.60000000000001,
        178.89999999999998
      ]
    ],
    "LTP": [
      [
        50.099999999999994,
        193.9
      ],
      [
        50.099999999999994,
        193.9
      ],
      [
        50.099999999999994,
        193.9
      ],
      [
        50.099999999999994,
        193.9
      ],
      [
        50.099999999999994,
        193.9
      ],
      [
        50.099999999999994,
        193.9
      ],
      [
        50.099999999999994,
        193.9
      ],
      [
        50.099999999999994,
        193.9
      ],
      [
        50.099999999999994,
        193.9
      ],
      [
        50.099999999999994,
        193.9
      ]
    ],
    "STP": [
      [
        59.50000000000001,
        190.0
      ],
      [
        59.50000000000001,
        190.0
      ],
      [
        59.50000000000001,
        190.0
      ],
      [
        59.50000000000001,
        190.0
      ],
      [
        59.50000000000001,
        190.0
      ],
      [
        59.50000000000001,
        190.0
      ],
      [
        59.50000000000001,
        190.0
      ],
      [
        59.50000000000001,
        190.0
      ],
      [
        59.50000000000001,
        190.0
      ],
      [
        59.50000000000001,
        190.0
      ]
    ],
    "RRFIFO": [
      [
        60.99999999999999,
        187.29999999999995
      ],
      [
        60.99999999999999,
        187.29999999999995
      ],
      [
        60.99999999999999,
        187.29999999999995
      ],
      [
        60.99999999999999,
        187.29999999999995
      ],
      [
        60.99999999999999,
        187.29999999999995
      ],
      [
        60.99999999999999,
        187.29999999999995
      ],
      [
        60.99999999999999,
        187.29999999999995
      ],
      [
        60.99999999999999,
        187.29999999999995
      ],
      [
        60.99999999999999,
        187.29999999999995
      ],
      [
        60.99999999999999,
        187.29999999999995
      ]
    ],
    "RRLTP": [
      [
        55.6,
        195.19999999999993
      ],
      [
        55.6,
        195.19999999999993
      ],
      [
        55.6,
        195.19999999999993
      ],
      [
        55.6,
        195.19999999999993
      ],
      [
        55.6,
        195.19999999999993
      ],
      [
        55.6,
        195.19999999999993
      ],
      [
        55.6,
        195.19999999999993
      ],
      [
        55.6,
        195.19999999999993
      ],
      [
        55.6,
        195.19999999999993
      ],
      [
        55.6,
        195.19999999999993
      ]
    ],
    "RRECA": [
      [
        57.39999999999999,
        213.9
      ],
      [
        57.39999999999999,
        213.9
      ],
      [
        57.39999999999999,
        213.9
      ],
      [
        57.39999999999999,
        213.9
      ],
      [
        57.39999999999999,
        213.9
      ],
      [
        57.39999999999999,
        213.9
      ],
      [
        57.39999999999999,
        213.9
      ],
      [
        57.39999999999999,
        213.9
      ],
      [
        57.39999999999999,
        213.9
      ],
      [
        57.39999999999999,
        213.9
      ]
    ]
  },
  "60": {
    "FIFO": [
      [
        101.7,
        173.9
      ],
      [
        75.9,
        178.79999999999998
      ],
      [
        75.9,
        178.79999999999998
      ],
      [
        101.7,
        173.9
      ],
      [
        90.8,
        175.0
      ],
      [
        88.39999999999999,
        178.39999999999998
      ],
      [
        101.7,
        173.9
      ],
      [
        90.8,
        175.0
      ],
      [
        88.39999999999999,
        178.39999999999998
      ],
      [
        90.8,
        175.0
      ]
    ],
    "LTP": [
      [
        50.099999999999994,
        193.9
      ],
      [
        50.099999999999994,
        193.9
      ],
      [
        50.099999999999994,
        193.9
      ],
      [
        50.099999999999994,
        193.9
      ],
      [
        50.099999999999994,
        193.9
      ],
      [
        50.099999999999994,
        193.9
      ],
      [
        50.099999999999994,
        193.9
      ],
      [
        50.099999999999994,
        193.9
      ],
      [
        50.099999999999994,
        193.9
      ],
      [
        50.099999999999994,
        193.9
      ]
    ],