{
  "20": {
    "FIFO": [
      [
        86.60000000000001,
        199.99999999999997
      ],
      [
        86.60000000000001,
        199.99999999999997
      ],
      [
        86.60000000000001,
        199.99999999999997
      ],
      [
        86.60000000000001,
        199.99999999999997
      ],
      [
        86.60000000000001,
        199.99999999999997
      ],
      [
        86.60000000000001,
        199.99999999999997
      ],
      [
        86.60000000000001,
        199.99999999999997
      ],
      [
        86.60000000000001,
        199.99999999999997
      ]
    ],
    "LTP": [
      [
        53.4,
        214.70000000000002
      ],
      [
        53.4,
        214.70000000000002
      ],
      [
        53.4,
        214.70000000000002
      ],
      [
        53.4,
        214.70000000000002
      ],
      [
        53.4,
        214.70000000000002
      ],
      [
        53.4,
        214.70000000000002
      ],
      [
        53.4,
        214.70000000000002
      ],
      [
        53.4,
        214.70000000000002
      ],
      [
        53.4,
        214.70000000000002
      ],
      [
        53.4,
        214.70000000000002
      ]
    ],
    "STP": [
      [
        57.7,
        180.29999999999995
      ],
      [
        57.7,
        180.29999999999995
      ],
      [
        57.7,
        180.29999999999995
      ]
    ],
    "RRFIFO": [
      [
        46.5,
        190.2
      ],
      [
        46.5,
        190.2
      ],
      [
        46.5,
        190.2
      ],
      [
        46.5,
        190.2
      ],
      [
        46.5,
        190.2
      ],
      [
        46.5,
        190.2
      ],
      [
        46.5,
        190.2
      ],
      [
        46.5,
        190.2
      ],
      [
        46.5,
        190.2
      ],
      [
        46.5,
        190.2
      ]
    ],
    "RRLTP": [
      [
        49.5,
        176.29999999999998
      ],
      [
        49.5,
        176.29999999999998
      ],
      [
        49.5,
        176.29999999999998
      ],
      [
        49.5,
        176.29999999999998
      ],
      [
        49.5,
        176.29999999999998
      ],
      [
        49.5,
        176.29999999999998
      ],
      [
        49.5,
        176.29999999999998
      ],
      [
        49.5,
        176.29999999999998
      ],
      [
        49.5,
        176.29999999999998
      ],
      [
        49.5,
        176.29999999999998
      ]
    ],
    "RRECA": [
      [
        50.1,
        185.0
      ],
      [
        46.9,
        189.9
      ],
      [
        50.1,
        185.0
      ],
      [
        50.1,
        185.0
      ],
      [
        50.1,
        185.0
      ],
      [
        50.1,
        185.0
      ],
      [
        46.9,
        189.9
      ],
      [
        46.9,
        189.9
      ],
      [
        50.1,
        185.0
      ],
      [
        50.1,
        185.0
      ]
    ]
  },
  "40": {
    "FIFO": [
      [
        86.60000000000001,
        199.99999999999997
      ],
      [
        86.60000000000001,
        199.99999999999997
      ],
      [
        86.60000000000001,
        199.99999999999997
      ],
      [
        86.60000000000001,
        199.99999999999997
      ],
      [
        86.60000000000001,
        199.99999999999997
      ],
      [
        86.60000000000001,
        199.99999999999997
      ],
      [
        86.60000000000001,
        199.99999999999997
      ],
      [
        86.60000000000001,
        199.99999999999997
      ],
      [
        86.60000000000001,
        199.99999999999997
      ],
      [
        86.60000000000001,
        199.99999999999997
      ]
    ],
    "LTP": [
      [
        53.4,
        214.70000000000002
      ],
      [
        53.4,
        214.70000000000002
      ],
      [
        53.4,
        214.70000000000002
      ],
      [
        53.4,
        214.70000000000002
      ],
      [
        53.4,
        214.70000000000002
      ],
      [
        53.4,
        214.70000000000002
      ],
      [
        53.4,
        214.70000000000002
      ],
      [
        53.4,
        214.70000000000002
      ],
      [
        53.4,
        214.70000000000002
      ],
      [
        53.4,
        214.70000000000002
      ]
    ],
    "STP": [
      [
        57.7,
        180.29999999999995
      ],
      [
        57.7,
        180.29999999999995
      ],
      [
        57.7,
        180.29999999999995
      ],
      [
        57.7,
        180.29999999999995
      ],
      [
        57.7,
        180.29999999999995
      ],
      [
        57.7,
        180.29999999999995
      ],
      [
        57.7,
        180.29999999999995
      ],
      [
        57.7,
        180.29999999999995
      ],
      [
        57.7,
        180.29999999999995
      ],
      [
        57.7,
        180.29999999999995
      ]
    ],
    "RRFIFO": [
      [
        46.5,
        190.2
      ],
      [
        46.5,
        190.2
      ],
      [
        46.5,
        190.2
      ],
      [
        46.5,
        190.2
      ],
      [
        46.5,
        190.2
      ],
      [
        46.5,
        190.2
      ],
      [
        46.5,
        190.2
      ],
      [
        46.5,
        190.2
      ],
      [
        46.5,
        190.2
      ],
      [
        46.5,
        190.2
      ]
    ],
    "RRLTP": [
      [
        49.5,
        176.29999999999998
      ],
      [
        49.5,
        176.29999999999998
      ],
      [
        49.5,
        176.29999999999998
      ],
      [
        49.5,
        176.29999999999998
      ],
      [
        49.5,
        176.29999999999998
      ],
      [
        49.5,
        176.29999999999998
      ],
      [
        49.5,
        176.29999999999998
      ],
      [
        49.5,
        176.29999999999998
      ],
      [
        49.5,
        176.29999999999998
      ],
      [
        49.5,
        176.29999999999998
      ]
    ],
    "RRECA": [
      [
        50.1,
        185.0
      ],
      [
        46.9,
        189.9
      ],
      [
        50.1,
        185.0
      ],
      [
        46.9,
        189.9
      ],
      [
        50.1,
        185.0
      ],
      [
        46.9,
        189.9
      ],
      [
        46.9,
        189.9
      ],
      [
        50.1,
        185.0
      ],
      [
        46.9,
        189.9
      ],
      [
        50.1,
        185.0
      ]
    ]
  },
  "60": {
    "FIFO": [
      [
        86.60000000000001,
        199.99999999999997
      ],
      [
        86.60000000000001,
        199.99999999999997
      ],
      [
        86.60000000000001,
        199.99999999999997
      ],
      [
        86.60000000000001,
        199.99999999999997
      ],
      [
        86.60000000000001,
        199.99999999999997
      ],
      [
        86.60000000000001,
        199.99999999999997
      ],
      [
        86.60000000000001,
        199.99999999999997
      ],
      [
        86.60000000000001,
        199.99999999999997
      ],
      [
        86.60000000000001,
        199.99999999999997
      ],
      [
        86.60000000000001,
        199.99999999999997
      ]
    ],
    "LTP": [
      [
        53.4,
        214.70000000000002
      ],
      [
        53.4,
        214.70000000000002
      ],
      [
        53.4,
        214.70000000000002
      ],
      [
        53.4,
        214.70000000000002
      ],
      [
        53.4,
        214.70000000000002
      ],
      [
        53.4,
        214.70000000000002
      ],
      [
        53.4,
        214.70000000000002
      ],
      [
        53.4,
        214.70000000000002
      ],
      [
        53.4,
        214.70000000000002
      ],
      [
        53.4,
        214.70000000000002
      ]
    ],