{
  "20": {
    "FIFO": [
      [
        241.70000000000002,
        278.6999999999999
      ],
      [
        241.70000000000002,
        278.6999999999999
      ],
      [
        241.70000000000002,
        278.6999999999999
      ],
      [
        241.70000000000002,
        278.6999999999999
      ],
      [
        241.70000000000002,
        278.6999999999999
      ],
      [
        241.70000000000002,
        278.6999999999999
      ],
      [
        241.70000000000002,
        278.6999999999999
      ],
      [
        241.70000000000002,
        278.6999999999999
      ],
      [
        241.70000000000002,
        278.6999999999999
      ],
      [
        241.70000000000002,
        278.6999999999999
      ]
    ],
    "LTP": [
      [
        98.1,
        323.1
      ],
      [
        98.1,
        323.1
      ],
      [
        98.1,
        323.1
      ],
      [
        98.1,
        323.1
      ],
      [
        98.1,
        323.1
      ],
      [
        98.1,
        323.1
      ],
      [
        98.1,
        323.1
      ],
      [
        98.1,
        323.1
      ],
      [
        98.1,
        323.1
      ],
      [
        98.1,
        323.1
      ]
    ],
    "STP": [
      [
        87.4,
        354.90000000000003
      ],
      [
        87.4,
        354.90000000000003
      ],
      [
        87.4,
        354.90000000000003
      ],
      [
        87.4,
        354.90000000000003
      ],
      [
        87.4,
        354.90000000000003
      ],
      [
        87.4,
        354.90000000000003
      ],
      [
        87.4,
        354.90000000000003
      ],
      [
        87.4,
        354.90000000000003
      ],
      [
        87.4,
        354.90000000000003
      ],
      [
        87.4,
        354.90000000000003
      ]
    ],
    "RRFIFO": [
      [
        97.3,
        355.99999999999994
      ],
      [
        97.3,
        355.99999999999994
      ],
      [
        97.3,
        355.99999999999994
      ],
      [
        97.3,
        355.99999999999994
      ],
      [
        97.3,
        355.99999999999994
      ],
      [
        97.3,
        355.99999999999994
      ],
      [
        97.3,
        355.99999999999994
      ],
      [
        97.3,
        355.99999999999994
      ],
      [
        97.3,
        355.99999999999994
      ],
      [
        97.3,
        355.99999999999994
      ]
    ],
    "RRLTP": [
      [
        100.89999999999999,
        296.50000000000006
      ],
      [
        107.80000000000001,
        279.09999999999997
      ],
      [
        100.89999999999999,
        296.50000000000006
      ],
      [
        100.89999999999999,
        296.50000000000006
      ],
      [
        100.89999999999999,
        296.50000000000006
      ],
      [
        100.89999999999999,
        296.50000000000006
      ],
      [
        100.89999999999999,
        296.50000000000006
      ],
      [
        100.89999999999999,
        296.50000000000006
      ],
      [
        100.89999999999999,
        296.50000000000006
      ],
      [
        100.89999999999999,
        296.50000000000006
      ]
    ],
    "RRECA": [
      [
        132.8,
        295.19999999999993
      ],
      [
        132.8,
        295.19999999999993
      ],
      [
        132.8,
        295.19999999999993
      ],
      [
        132.8,
        295.19999999999993
      ],
      [
        132.8,
        295.19999999999993
      ],
      [
        132.8,
        295.19999999999993
      ],
      [
        132.8,
        295.19999999999993
      ],
      [
        132.8,
        295.19999999999993
      ],
      [
        132.8,
        295.19999999999993
      ],
      [
        132.8,
        295.19999999999993
      ]
    ]
  },
  "40": {
    "FIFO": [
      [
        241.70000000000002,
        278.6999999999999
      ],
      [
        241.70000000000002,
        278.6999999999999
      ],
      [
        241.70000000000002,
        278.6999999999999
      ],
      [
        241.70000000000002,
        278.6999999999999
      ],
      [
        241.70000000000002,
        278.6999999999999
      ],
      [
        241.70000000000002,
        278.6999999999999
      ],
      [
        241.70000000000002,
        278.6999999999999
      ],
      [
        241.70000000000002,
        278.6999999999999
      ],
      [
        241.70000000000002,
        278.6999999999999
      ],
      [
        241.70000000000002,
        278.6999999999999
      ]
    ],
    "LTP": [
      [
        98.1,
        323.1
      ],
      [
        98.1,
        323.1
      ],
      [
        98.1,
        323.1
      ],
      [
        98.1,
        323.1
      ],
      [
        98.1,
        323.1
      ],
      [
        98.1,
        323.1
      ],
      [
        98.1,
        323.1
      ],
      [
        98.1,
        323.1
      ],
      [
        98.1,
        323.1
      ],
      [
        98.1,
        323.1
      ]
    ],
    "STP": [
      [
        87.4,
        354.90000000000003
      ],
      [
        87.4,
        354.90000000000003
      ],
      [
        87.4,
        354.90000000000003
      ],
      [
        87.4,
        354.90000000000003
      ],
      [
        87.4,
        354.90000000000003
      ],
      [
        87.4,
        354.90000000000003
      ],
      [
        87.4,
        354.90000000000003
      ],
      [
        87.4,
        354.90000000000003
      ],
      [
        87.4,
        354.90000000000003
      ],
      [
        87.4,
        354.90000000000003
      ]
    ],
    "RRFIFO": [
      [
        97.3,
        355.99999999999994
      ],
      [
        97.3,
        355.99999999999994
      ],
      [
        97.3,
        355.99999999999994
      ],
      [
        97.3,
        355.99999999999994
      ],
      [
        97.3,
        355.99999999999994
      ],
      [
        97.3,
        355.99999999999994
      ],
      [
        97.3,
        355.99999999999994
      ],
      [
        97.3,
        355.99999999999994
      ],
      [
        97.3,
        355.99999999999994
      ],
      [
        97.3,
        355.99999999999994
      ]
    ],
    "RRLTP": [
      [
        92.7,
        284.7000000000001
      ],
      [
        105.6,
        266.4000000000001
      ],
      [
        105.6,
        266.4000000000001
      ],
      [
        92.7,
        284.7000000000001
      ],
      [
        97.9,
        277.20000000000005
      ],
      [
        98.39999999999999,
        271.9000000000001
      ],
      [
        104.4,
        267.30000000000007
      ],
      [
        97.9,
        277.20000000000005
      ],
      [
        98.39999999999999,
        271.9000000000001
      ],
      [
        104.4,
        267.30000000000007
      ]
    ],
    "RRECA": [
      [
        132.8,
        295.19999999999993
      ],
      [
        132.8,
        295.19999999999993
      ],
      [
        132.8,
        295.19999999999993
      ],
      [
        132.8,
        295.19999999999993
      ],
      [
        132.8,
        295.19999999999993
      ],
      [
        132.8,
        295.19999999999993
      ],
      [
        132.8,
        295.19999999999993
      ],
      [
        132.8,
        295.19999999999993
      ],
      [
        132.8,
        295.19999999999993
      ],
      [
        132.8,
        295.19999999999993
      ]
    ]
  },