{
  "FIFO": {
    "ref_makespan": 347.03999999999996,
    "ref_energy": 464.4000000000001
  },
  "LTP": {
    "ref_makespan": 347.03999999999996,
    "ref_energy": 464.4000000000001
  },
  "STP": {
    "ref_makespan": 347.03999999999996,
    "ref_energy": 464.4000000000001
  },
  "RRFIFO": {
    "ref_makespan": 347.03999999999996,
    "ref_energy": 464.4000000000001
  },
  "RRLTP": {
    "ref_makespan": 347.03999999999996,
    "ref_energy": 464.4000000000001
  },
  "RRECA": {
    "ref_makespan": 347.03999999999996,
    "ref_energy": 464.4000000000001
  }
}