{
  "20": {
    "FIFO": [
      [
        73.69999999999997,
        192.1
      ],
      [
        73.69999999999997,
        192.1
      ],
      [
        73.69999999999997,
        192.1
      ],
      [
        73.69999999999997,
        192.1
      ],
      [
        73.69999999999997,
        192.1
      ],
      [
        73.69999999999997,
        192.1
      ],
      [
        73.69999999999997,
        192.1
      ],
      [
        73.69999999999997,
        192.1
      ],
      [
        73.69999999999997,
        192.1
      ],
      [
        73.69999999999997,
        192.1
      ]
    ],
    "LTP": [
      [
        63.0,
        216.49999999999997
      ],
      [
        63.0,
        216.49999999999997
      ],
      [
        63.0,
        216.49999999999997
      ],
      [
        63.0,
        216.49999999999997
      ],
      [
        63.0,
        216.49999999999997
      ],
      [
        63.0,
        216.49999999999997
      ],
      [
        63.0,
        216.49999999999997
      ],
      [
        63.0,
        216.49999999999997
      ],
      [
        63.0,
        216.49999999999997
      ],
      [
        63.0,
        216.49999999999997
      ]
    ],
    "STP": [
      [
        49.69999999999999,
        220.60000000000002
      ],
      [
        49.69999999999999,
        220.60000000000002
      ],
      [
        49.69999999999999,
        220.60000000000002
      ],
      [
        49.69999999999999,
        220.60000000000002
      ],
      [
        49.69999999999999,
        220.60000000000002
      ],
      [
        49.69999999999999,
        220.60000000000002
      ],
      [
        49.69999999999999,
        220.60000000000002
      ],
      [
        49.69999999999999,
        220.60000000000002
      ],
      [
        49.69999999999999,
        220.60000000000002
      ],
      [
        49.69999999999999,
        220.60000000000002
      ]
    ],
    "RRFIFO": [
      [
        67.6,
        211.40000000000006
      ],
      [
        67.6,
        211.40000000000006
      ],
      [
        67.6,
        211.40000000000006
      ],
      [
        67.6,
        211.40000000000006
      ],
      [
        67.6,
        211.40000000000006
      ],
      [
        67.6,
        211.40000000000006
      ],
      [
        67.6,
        211.40000000000006
      ],
      [
        67.6,
        211.40000000000006
      ],
      [
        67.6,
        211.40000000000006
      ],
      [
        67.6,
        211.40000000000006
      ]
    ],
    "RRLTP": [
      [
        41.800000000000004,
        201.80000000000004
      ],
      [
        41.800000000000004,
        201.80000000000004
      ],
      [
        41.800000000000004,
        201.80000000000004
      ],
      [
        41.800000000000004,
        201.80000000000004
      ],
      [
        41.800000000000004,
        201.80000000000004
      ],
      [
        41.800000000000004,
        201.80000000000004
      ],
      [
        41.800000000000004,
        201.80000000000004
      ],
      [
        41.800000000000004,
        201.80000000000004
      ],
      [
        41.800000000000004,
        201.80000000000004
      ],
      [
        41.800000000000004,
        201.80000000000004
      ]
    ],
    "RRECA": [
      [
        42.900000000000006,
        218.5
      ],
      [
        42.900000000000006,
        218.5
      ],
      [
        42.900000000000006,
        218.5
      ],
      [
        42.900000000000006,
        218.5
      ],
      [
        42.900000000000006,
        218.5
      ],
      [
        42.900000000000006,
        218.5
      ],
      [
        42.900000000000006,
        218.5
      ],
      [
        42.900000000000006,
        218.5
      ],
      [
        42.900000000000006,
        218.5
      ],
      [
        42.900000000000006,
        218.5
      ]
    ]
  },
  "40": {
    "FIFO": [
      [
        73.69999999999997,
        192.1
      ],
      [
        73.69999999999997,
        192.1
      ],
      [
        73.69999999999997,
        192.1
      ],
      [
        73.69999999999997,
        192.1
      ],
      [
        73.69999999999997,
        192.1
      ],
      [
        73.69999999999997,
        192.1
      ],
      [
        73.69999999999997,
        192.1
      ],
      [
        73.69999999999997,
        192.1
      ],
      [
        73.69999999999997,
        192.1
      ],
      [
        73.69999999999997,
        192.1
      ]
    ],
    "LTP": [
      [
        63.0,
        216.49999999999997
      ],
      [
        63.0,
        216.49999999999997
      ],
      [
        63.0,
        216.49999999999997
      ],
      [
        63.0,
        216.49999999999997
      ],
      [
        63.0,
        216.49999999999997
      ],
      [
        63.0,
        216.49999999999997
      ],
      [
        63.0,
        216.49999999999997
      ],
      [
        63.0,
        216.49999999999997
      ],
      [
        63.0,
        216.49999999999997
      ],
      [
        63.0,
        216.49999999999997
      ]
    ],
    "STP": [
      [
        49.69999999999999,
        220.60000000000002
      ],
      [
        49.69999999999999,
        220.60000000000002
      ],
      [
        49.69999999999999,
        220.60000000000002
      ],
      [
        49.69999999999999,
        220.60000000000002
      ],
      [
        49.69999999999999,
        220.60000000000002
      ],
      [
        49.69999999999999,
        220.60000000000002
      ],
      [
        49.69999999999999,
        220.60000000000002
      ],
      [
        49.69999999999999,
        220.60000000000002
      ],
      [
        49.69999999999999,
        220.60000000000002
      ],
      [
        49.69999999999999,
        220.60000000000002
      ]
    ],
    "RRFIFO": [
      [
        67.6,
        211.40000000000006
      ],
      [
        67.6,
        211.40000000000006
      ],
      [
        67.6,
        211.40000000000006
      ],
      [
        67.6,
        211.40000000000006
      ],
      [
        67.6,
        211.40000000000006
      ],
      [
        67.6,
        211.40000000000006
      ],
      [
        67.6,
        211.40000000000006
      ],
      [
        67.6,
        211.40000000000006
      ],
      [
        67.6,
        211.40000000000006
      ],
      [
        67.6,
        211.40000000000006
      ]
    ],
    "RRLTP": [
      [
        41.800000000000004,
        201.80000000000004
      ],
      [
        41.800000000000004,
        201.80000000000004
      ],
      [
        41.800000000000004,
        201.80000000000004
      ],
      [
        41.800000000000004,
        201.80000000000004
      ],
      [
        41.800000000000004,
        201.80000000000004
      ],
      [
        41.800000000000004,
        201.80000000000004
      ],
      [
        41.800000000000004,
        201.80000000000004
      ],
      [
        41.800000000000004,
        201.80000000000004
      ],
      [
        41.800000000000004,
        201.80000000000004
      ],
      [
        41.800000000000004,
        201.80000000000004
      ]
    ],
    "RRECA": [
      [
        42.900000000000006,
        218.5
      ],
      [
        42.900000000000006,
        218.5
      ],
      [
        42.900000000000006,
        218.5
      ],
      [
        42.900000000000006,
        218.5
      ],
      [
        42.900000000000006,
        218.5
      ],
      [
        42.900000000000006,
        218.5
      ],
      [
        42.900000000000006,
        218.5
      ],
      [
        42.900000000000006,
        218.5
      ],
      [
        42.900000000000006,
        218.5
      ],
      [
        42.900000000000006,
        218.5
      ]
    ]
  },