{
  "20": {
    "FIFO": [
      [
        234.99999999999994,
        283.29999999999995
      ],
      [
        216.69999999999996,
        303.2999999999999
      ],
      [
        230.49999999999994,
        300.99999999999994
      ],
      [
        222.89999999999995,
        302.59999999999997
      ]
    ],
    "LTP": [
      [
        94.60000000000002,
        327.19999999999993
      ],
      [
        95.49999999999999,
        317.4
      ],
      [
        106.69999999999999,
        313.9
      ],
      [
        83.00000000000001,
        341.6999999999999
      ]
    ],
    "STP": [
      [
        106.50000000000001,
        327.2
      ],
      [
        105.00000000000001,
        331.70000000000005
      ],
      [
        98.10000000000002,
        342.20000000000005
      ],
      [
        98.10000000000002,
        342.20000000000005
      ],
      [
        101.70000000000002,
        339.80000000000007
      ],
      [
        101.70000000000002,
        339.80000000000007
      ],
      [
        96.30000000000001,
        347.5
      ]
    ],
    "RRFIFO": [
      [
        91.20000000000002,
        327.69999999999993
      ],
      [
        112.40000000000002,
        298.20000000000005
      ],
      [
        110.4,
        298.59999999999997
      ],
      [
        117.90000000000002,
        293.70000000000005
      ],
      [
        122.10000000000001,
        290.50000000000006
      ],
      [
        98.50000000000003,
        319.7
      ],
      [
        98.50000000000003,
        319.7
      ],
      [
        102.50000000000003,
        314.8
      ]
    ],
    "RRLTP": [
      [
        100.9,
        307.09999999999997
      ],
      [
        111.60000000000001,
        296.6
      ],
      [
        104.10000000000001,
        305.1
      ],
      [
        119.8,
        288.2
      ],
      [
        113.5,
        290.40000000000003
      ],
      [
        106.50000000000001,
        302.1
      ],
      [
        107.3,
        296.9
      ]
    ],
    "RRECA": [
      [
        125.6,
        292.69999999999993
      ],
      [
        130.39999999999998,
        288.8999999999999
      ],
      [
        130.39999999999998,
        288.8999999999999
      ],
      [
        133.2,
        288.40000000000003
      ],
      [
        136.39999999999998,
        286.6
      ]
    ]
  },
  "40": {
    "FIFO": [
      [
        230.69999999999996,
        284.8999999999999
      ],
      [
        230.69999999999996,
        284.8999999999999
      ],
      [
        230.69999999999996,
        284.8999999999999
      ],
      [
        230.69999999999996,
        284.8999999999999
      ],
      [
        230.69999999999996,
        284.8999999999999
      ],
      [
        230.69999999999996,
        284.8999999999999
      ],
      [
        230.69999999999996,
        284.8999999999999
      ],
      [
        230.69999999999996,
        284.8999999999999
      ],
      [
        230.69999999999996,
        284.8999999999999
      ],
      [
        230.69999999999996,
        284.8999999999999
      ]
    ],
    "LTP": [
      [
        84.5,
        323.69999999999993
      ],
      [
        84.5,
        323.69999999999993
      ],
      [
        84.5,
        323.69999999999993
      ],
      [
        84.5,
        323.69999999999993
      ],
      [
        84.5,
        323.69999999999993
      ],
      [
        84.5,
        323.69999999999993
      ],
      [
        84.5,
        323.69999999999993
      ],
      [
        84.5,
        323.69999999999993
      ],
      [
        84.5,
        323.69999999999993
      ],
      [
        84.5,
        323.69999999999993
      ]
    ],
    "STP": [
      [
        105.80000000000001,
        323.9000000000001
      ],
      [
        105.80000000000001,
        323.9000000000001
      ],
      [
        105.80000000000001,
        323.9000000000001
      ],
      [
        105.80000000000001,
        323.9000000000001
      ],
      [
        105.80000000000001,
        323.9000000000001
      ],
      [
        105.80000000000001,
        323.9000000000001
      ],
      [
        105.80000000000001,
        323.9000000000001
      ],
      [
        105.80000000000001,
        323.9000000000001
      ],
      [
        105.80000000000001,
        323.9000000000001
      ],
      [
        105.80000000000001,
        323.9000000000001
      ]
    ],
    "RRFIFO": [
      [
        95.30000000000003,
        319.09999999999997
      ],
      [
        95.30000000000003,
        319.09999999999997
      ],
      [
        95.30000000000003,
        319.09999999999997
      ],
      [
        95.30000000000003,
        319.09999999999997
      ],
      [
        95.30000000000003,
        319.09999999999997
      ],
      [
        95.30000000000003,
        319.09999999999997
      ],
      [
        95.30000000000003,
        319.09999999999997
      ],
      [
        95.30000000000003,
        319.09999999999997
      ],
      [
        95.30000000000003,
        319.09999999999997
      ],
      [
        95.30000000000003,
        319.09999999999997
      ]
    ],
    "RRLTP": [
      [
        103.8,
        299.70000000000005
      ],
      [
        103.8,
        299.70000000000005
      ],
      [
        103.8,
        299.70000000000005
      ],
      [
        103.8,
        299.70000000000005
      ],
      [
        103.8,
        299.70000000000005
      ],
      [
        103.8,
        299.70000000000005
      ],
      [
        103.8,
        299.70000000000005
      ],
      [
        103.8,
        299.70000000000005
      ],
      [
        103.8,
        299.70000000000005
      ],
      [
        103.8,
        299.70000000000005
      ]
    ],
    "RRECA": [
      [
        121.89999999999999,
        289.49999999999994
      ],
      [
        121.89999999999999,
        289.49999999999994
      ],
      [
        121.89999999999999,
        289.49999999999994
      ],
      [
        121.89999999999999,
        289.49999999999994
      ],
      [
        121.89999999999999,
        289.49999999999994
      ],
      [
        121.89999999999999,
        289.49999999999994
      ],
      [
        121.89999999999999,
        289.49999999999994
      ],
      [
        121.89999999999999,
        289.49999999999994
      ],
      [
        121.89999999999999,
        289.49999999999994
      ],
      [
        121.89999999999999,
        289.49999999999994
      ]
    ]
  },
  "60": {
    "FIFO": [
      [
        230.69999999999996,
        284.8999999999999
      ],
      [
        230.69999999999996,
        284.8999999999999
      ],
      [
        230.69999999999996,
        284.8999999999999
      ],
      [
        230.69999999999996,
        284.8999999999999
      ],
      [
        230.69999999999996,
        284.8999999999999
      ],
      [
        230.69999999999996,
        284.8999999999999
      ],
      [
        230.69999999999996,
        284.8999999999999
      ],
      [
        230.69999999999996,
        284.8999999999999
      ],
      [
        230.69999999999996,
        284.8999999999999
      ],
      [
        230.69999999999996,
        284.8999999999999
      ]
    ],
    "LTP": [
      [
        84.5,
        323.69999999999993
      ],
      [
        84.5,
        323.69999999999993
      ],
      [
        84.5,
        323.69999999999993
      ],
      [
        84.5,
        323.69999999999993
      ],
      [
        84.5,
        323.69999999999993
      ],
      [
        84.5,
        323.69999999999993
      ],
      [
        84.5,
        323.69999999999993
      ],
      [
        84.5,
        323.69999999999993
      ],
      [
        84.5,
        323.69999999999993
      ],
      [
        84.5,
        323.69999999999993
      ]
    ],