{
  "20": {
    "FIFO": [
      [
        112.90000000000002,
        212.9
      ],
      [
        112.90000000000002,
        212.9
      ],
      [
        112.90000000000002,
        212.9
      ],
      [
        112.90000000000002,
        212.9
      ],
      [
        112.90000000000002,
        212.9
      ],
      [
        112.90000000000002,
        212.9
      ],
      [
        112.90000000000002,
        212.9
      ],
      [
        112.90000000000002,
        212.9
      ],
      [
        112.90000000000002,
        212.9
      ],
      [
        112.90000000000002,
        212.9
      ]
    ],
    "LTP": [
      [
        49.2,
        172.70000000000002
      ],
      [
        49.2,
        172.70000000000002
      ],
      [
        49.2,
        172.70000000000002
      ],
      [
        49.2,
        172.70000000000002
      ],
      [
        49.2,
        172.70000000000002
      ],
      [
        49.2,
        172.70000000000002
      ],
      [
        49.2,
        172.70000000000002
      ],
      [
        49.2,
        172.70000000000002
      ],
      [
        49.2,
        172.70000000000002
      ],
      [
        49.2,
        172.70000000000002
      ]
    ],
    "STP": [
      [
        64.7,
        208.99999999999991
      ],
      [
        64.7,
        208.99999999999991
      ],
      [
        64.7,
        208.99999999999991
      ],
      [
        64.7,
        208.99999999999991
      ]
    ],
    "RRFIFO": [
      [
        54.0,
        188.3
      ],
      [
        54.0,
        188.3
      ],
      [
        54.0,
        188.3
      ]
    ],
    "RRLTP": [
      [
        43.6,
        194.09999999999994
      ],
      [
        43.6,
        194.09999999999994
      ],
      [
        43.6,
        194.09999999999994
      ],
      [
        43.6,
        194.09999999999994
      ],
      [
        43.6,
        194.09999999999994
      ],
      [
        43.6,
        194.09999999999994
      ],
      [
        43.6,
        194.09999999999994
      ],
      [
        43.6,
        194.09999999999994
      ],
      [
        43.6,
        194.09999999999994
      ],
      [
        43.6,
        194.09999999999994
      ]
    ],
    "RRECA": [
      [
        43.4,
        194.1
      ],
      [
        43.4,
        194.1
      ],
      [
        43.4,
        194.1
      ],
      [
        43.4,
        194.1
      ],
      [
        43.4,
        194.1
      ],
      [
        43.4,
        194.1
      ],
      [
        43.4,
        194.1
      ]
    ]
  },
  "40": {
    "FIFO": [
      [
        112.90000000000002,
        212.9
      ],
      [
        112.90000000000002,
        212.9
      ],
      [
        112.90000000000002,
        212.9
      ],
      [
        112.90000000000002,
        212.9
      ],
      [
        112.90000000000002,
        212.9
      ],
      [
        112.90000000000002,
        212.9
      ],
      [
        112.90000000000002,
        212.9
      ],
      [
        112.90000000000002,
        212.9
      ],
      [
        112.90000000000002,
        212.9
      ],
      [
        112.90000000000002,
        212.9
      ]
    ],
    "LTP": [
      [
        49.2,
        172.70000000000002
      ],
      [
        49.2,
        172.70000000000002
      ],
      [
        49.2,
        172.70000000000002
      ],
      [
        49.2,
        172.70000000000002
      ],
      [
        49.2,
        172.70000000000002
      ],
      [
        49.2,
        172.70000000000002
      ],
      [
        49.2,
        172.70000000000002
      ],
      [
        49.2,
        172.70000000000002
      ],
      [
        49.2,
        172.70000000000002
      ],
      [
        49.2,
        172.70000000000002
      ]
    ],
    "STP": [
      [
        64.7,
        208.99999999999991
      ],
      [
        64.7,
        208.99999999999991
      ],
      [
        64.7,
        208.99999999999991
      ],
      [
        64.7,
        208.99999999999991
      ],
      [
        64.7,
        208.99999999999991
      ],
      [
        64.7,
        208.99999999999991
      ],
      [
        64.7,
        208.99999999999991
      ],
      [
        64.7,
        208.99999999999991
      ],
      [
        64.7,
        208.99999999999991
      ],
      [
        64.7,
        208.99999999999991
      ]
    ],
    "RRFIFO": [
      [
        54.0,
        188.3
      ],
      [
        54.0,
        188.3
      ],
      [
        54.0,
        188.3
      ],
      [
        54.0,
        188.3
      ],
      [
        54.0,
        188.3
      ],
      [
        54.0,
        188.3
      ],
      [
        54.0,
        188.3
      ],
      [
        54.0,
        188.3
      ],
      [
        54.0,
        188.3
      ],
      [
        54.0,
        188.3
      ]
    ],
    "RRLTP": [
      [
        43.6,
        194.09999999999994
      ],
      [
        43.6,
        194.09999999999994
      ],
      [
        43.6,
        194.09999999999994
      ],
      [
        43.6,
        194.09999999999994
      ],
      [
        43.6,
        194.09999999999994
      ],
      [
        43.6,
        194.09999999999994
      ],
      [
        43.6,
        194.09999999999994
      ],
      [
        43.6,
        194.09999999999994
      ],
      [
        43.6,
        194.09999999999994
      ],
      [
        43.6,
        194.09999999999994
      ]
    ],
    "RRECA": [
      [
        43.4,
        194.1
      ],
      [
        43.4,
        194.1
      ],
      [
        43.4,
        194.1
      ],
      [
        43.4,
        194.1
      ],
      [
        43.4,
        194.1
      ],
      [
        43.4,
        194.1
      ],
      [
        43.4,
        194.1
      ],
      [
        43.4,
        194.1
      ],
      [
        43.4,
        194.1
      ],
      [
        43.4,
        194.1
      ]
    ]
  },
  "60": {
    "FIFO": [
      [
        112.90000000000002,
        212.9
      ],
      [
        112.90000000000002,
        212.9
      ],
      [
        112.90000000000002,
        212.9
      ],
      [
        112.90000000000002,
        212.9
      ],
      [
        112.90000000000002,
        212.9
      ],
      [
        112.90000000000002,
        212.9
      ],
      [
        112.90000000000002,
        212.9
      ],
      [
        112.90000000000002,
        212.9
      ],
      [
        112.90000000000002,
        212.9
      ],
      [
        112.90000000000002,
        212.9
      ]
    ],
    "LTP": [
      [
        49.2,
        172.70000000000002
      ],
      [
        49.2,
        172.70000000000002
      ],
      [
        49.2,
        172.70000000000002
      ],
      [
        49.2,
        172.70000000000002
      ],
      [
        49.2,
        172.70000000000002
      ],
      [
        49.2,
        172.70000000000002
      ],
      [
        49.2,
        172.70000000000002
      ],
      [
        49.2,
        172.70000000000002
      ],
      [
        49.2,
        172.70000000000002
      ],
      [
        49.2,
        172.70000000000002
      ]
    ],
    "STP": [
      [
        64.7,
        208.99999999999991
      ],
      [
        64.7,
        208.99999999999991
      ],
      [
        64.7,
        208.99999999999991
      ],
      [
        64.7,
        208.99999999999991
      ],
      [
        64.7,
        208.99999999999991
      ],
      [
        64.7,
        208.99999999999991
      ],
      [
        64.7,
        208.99999999999991
      ],
      [
        64.7,
        208.99999999999991
      ],
      [
        64.7,
        208.99999999999991
      ],
      [
        64.7,
        208.99999999999991
      ]
    ],