{
  "20": {
    "FIFO": [
      [
        171.5,
        363.1
      ],
      [
        171.5,
        363.1
      ],
      [
        171.5,
        363.1
      ],
      [
        171.5,
        363.1
      ],
      [
        171.5,
        363.1
      ],
      [
        171.5,
        363.1
      ],
      [
        171.5,
        363.1
      ],
      [
        171.5,
        363.1
      ],
      [
        171.5,
        363.1
      ],
      [
        171.5,
        363.1
      ]
    ],
    "LTP": [
      [
        115.99999999999999,
        266.8000000000001
      ],
      [
        113.19999999999999,
        269.1000000000001
      ],
      [
        113.19999999999999,
        269.1000000000001
      ],
      [
        115.99999999999999,
        266.8000000000001
      ],
      [
        113.19999999999999,
        269.1000000000001
      ],
      [
        113.19999999999999,
        269.1000000000001
      ],
      [
        115.99999999999999,
        266.8000000000001
      ],
      [
        113.19999999999999,
        269.1000000000001
      ],
      [
        115.99999999999999,
        266.8000000000001
      ],
      [
        115.99999999999999,
        266.8000000000001
      ]
    ],
    "STP": [
      [
        95.00000000000001,
        351.70000000000005
      ],
      [
        95.00000000000001,
        351.70000000000005
      ],
      [
        95.00000000000001,
        351.70000000000005
      ],
      [
        95.00000000000001,
        351.70000000000005
      ],
      [
        95.00000000000001,
        351.70000000000005
      ],
      [
        95.00000000000001,
        351.70000000000005
      ],
      [
        95.00000000000001,
        351.70000000000005
      ],
      [
        95.00000000000001,
        351.70000000000005
      ],
      [
        95.00000000000001,
        351.70000000000005
      ],
      [
        95.00000000000001,
        351.70000000000005
      ]
    ],
    "RRFIFO": [
      [
        124.80000000000001,
        269.1
      ],
      [
        124.80000000000001,
        269.1
      ],
      [
        124.80000000000001,
        269.1
      ],
      [
        124.80000000000001,
        269.1
      ],
      [
        124.80000000000001,
        269.1
      ],
      [
        124.80000000000001,
        269.1
      ],
      [
        124.80000000000001,
        269.1
      ],
      [
        124.80000000000001,
        269.1
      ],
      [
        124.80000000000001,
        269.1
      ],
      [
        124.80000000000001,
        269.1
      ]
    ],
    "RRLTP": [
      [
        98.10000000000001,
        290.7
      ],
      [
        98.10000000000001,
        290.7
      ],
      [
        98.10000000000001,
        290.7
      ],
      [
        98.10000000000001,
        290.7
      ],
      [
        98.10000000000001,
        290.7
      ],
      [
        98.10000000000001,
        290.7
      ],
      [
        98.10000000000001,
        290.7
      ],
      [
        98.10000000000001,
        290.7
      ],
      [
        98.10000000000001,
        290.7
      ],
      [
        98.10000000000001,
        290.7
      ]
    ],
    "RRECA": [
      [
        113.5,
        280.8
      ],
      [
        113.5,
        280.8
      ],
      [
        113.5,
        280.8
      ],
      [
        113.5,
        280.8
      ],
      [
        113.5,
        280.8
      ],
      [
        113.5,
        280.8
      ],
      [
        113.5,
        280.8
      ],
      [
        113.5,
        280.8
      ],
      [
        113.5,
        280.8
      ],
      [
        113.5,
        280.8
      ]
    ]
  },
  "40": {
    "FIFO": [
      [
        171.5,
        363.1
      ],
      [
        171.5,
        363.1
      ],
      [
        171.5,
        363.1
      ],
      [
        171.5,
        363.1
      ],
      [
        171.5,
        363.1
      ],
      [
        171.5,
        363.1
      ],
      [
        171.5,
        363.1
      ],
      [
        171.5,
        363.1
      ],
      [
        171.5,
        363.1
      ],
      [
        171.5,
        363.1
      ]
    ],
    "LTP": [
      [
        115.99999999999999,
        266.8000000000001
      ],
      [
        113.19999999999999,
        269.1000000000001
      ],
      [
        115.99999999999999,
        266.8000000000001
      ],
      [
        113.19999999999999,
        269.1000000000001
      ],
      [
        115.99999999999999,
        266.8000000000001
      ],
      [
        113.19999999999999,
        269.1000000000001
      ],
      [
        113.19999999999999,
        269.1000000000001
      ],
      [
        115.99999999999999,
        266.8000000000001
      ],
      [
        115.99999999999999,
        266.8000000000001
      ],
      [
        113.19999999999999,
        269.1000000000001
      ]
    ],
    "STP": [
      [
        95.00000000000001,
        351.70000000000005
      ],
      [
        95.00000000000001,
        351.70000000000005
      ],
      [
        95.00000000000001,
        351.70000000000005
      ],
      [
        95.00000000000001,
        351.70000000000005
      ],
      [
        95.00000000000001,
        351.70000000000005
      ],
      [
        95.00000000000001,
        351.70000000000005
      ],
      [
        95.00000000000001,
        351.70000000000005
      ],
      [
        95.00000000000001,
        351.70000000000005
      ],
      [
        95.00000000000001,
        351.70000000000005
      ],
      [
        95.00000000000001,
        351.70000000000005
      ]
    ],
    "RRFIFO": [
      [
        124.80000000000001,
        269.1
      ],
      [
        124.80000000000001,
        269.1
      ],
      [
        124.80000000000001,
        269.1
      ],
      [
        124.80000000000001,
        269.1
      ],
      [
        124.80000000000001,
        269.1
      ],
      [
        124.80000000000001,
        269.1
      ],
      [
        124.80000000000001,
        269.1
      ],
      [
        124.80000000000001,
        269.1
      ],
      [
        124.80000000000001,
        269.1
      ],
      [
        124.80000000000001,
        269.1
      ]
    ],
    "RRLTP": [
      [
        98.10000000000001,
        290.7
      ],
      [
        98.10000000000001,
        290.7
      ],
      [
        98.10000000000001,
        290.7
      ],
      [
        98.10000000000001,
        290.7
      ],
      [
        98.10000000000001,
        290.7
      ],
      [
        98.10000000000001,
        290.7
      ],
      [
        98.10000000000001,
        290.7
      ],
      [
        98.10000000000001,
        290.7
      ],
      [
        98.10000000000001,
        290.7
      ],
      [
        98.10000000000001,
        290.7
      ]
    ],
    "RRECA": [
      [
        113.5,
        280.8
      ],
      [
        113.5,
        280.8
      ],
      [
        113.5,
        280.8
      ],
      [
        113.5,
        280.8
      ],
      [
        113.5,
        280.8
      ],
      [
        113.5,
        280.8
      ],
      [
        113.5,
        280.8
      ],
      [
        113.5,
        280.8
      ],
      [
        113.5,
        280.8
      ],
      [
        113.5,
        280.8
      ]
    ]
  },
  "60": {
    "FIFO": [
      [
        171.5,
        363.1
      ],
      [
        171.5,
        363.1
      ],
      [
        171.5,
        363.1
      ],
      [
        171.5,
        363.1
      ],
      [
        171.5,
        363.1
      ],
      [
        171.5,
        363.1
      ],
      [
        171.5,
        363.1
      ],
      [
        171.5,
        363.1
      ],
      [
        171.5,
        363.1
      ],
      [
        171.5,
        363.1
      ]
    ],