{
  "20": {
    "FIFO": [
      [
        86.5,
        183.8
      ],
      [
        86.5,
        183.8
      ],
      [
        86.5,
        183.8
      ],
      [
        75.1,
        188.10000000000002
      ],
      [
        110.4,
        182.5
      ],
      [
        75.1,
        188.10000000000002
      ]
    ],
    "LTP": [
      [
        49.3,
        186.10000000000005
      ],
      [
        49.3,
        186.10000000000005
      ],
      [
        49.3,
        186.10000000000005
      ],
      [
        46.5,
        186.90000000000003
      ],
      [
        49.3,
        186.10000000000005
      ],
      [
        46.5,
        186.90000000000003
      ],
      [
        46.5,
        186.90000000000003
      ],
      [
        49.3,
        186.10000000000005
      ],
      [
        46.5,
        186.90000000000003
      ],
      [
        49.3,
        186.10000000000005
      ]
    ],
    "STP": [
      [
        48.80000000000001,
        187.49999999999991
      ],
      [
        48.80000000000001,
        187.49999999999991
      ],
      [
        48.80000000000001,
        187.49999999999991
      ],
      [
        48.80000000000001,
        187.49999999999991
      ],
      [
        48.80000000000001,
        187.49999999999991
      ],
      [
        48.80000000000001,
        187.49999999999991
      ],
      [
        48.80000000000001,
        187.49999999999991
      ],
      [
        48.80000000000001,
        187.49999999999991
      ]
    ],
    "RRFIFO": [
      [
        40.800000000000004,
        179.99999999999997
      ],
      [
        40.800000000000004,
        179.99999999999997
      ],
      [
        40.800000000000004,
        179.99999999999997
      ],
      [
        40.800000000000004,
        179.99999999999997
      ],
      [
        40.800000000000004,
        179.99999999999997
      ],
      [
        40.800000000000004,
        179.99999999999997
      ]
    ],
    "RRLTP": [
      [
        48.199999999999996,
        195.8
      ],
      [
        54.599999999999994,
        191.1
      ],
      [
        48.199999999999996,
        195.8
      ]
    ],
    "RRECA": [
      [
        49.199999999999996,
        194.40000000000003
      ],
      [
        49.199999999999996,
        194.40000000000003
      ],
      [
        49.199999999999996,
        194.40000000000003
      ],
      [
        49.199999999999996,
        194.40000000000003
      ],
      [
        49.199999999999996,
        194.40000000000003
      ],
      [
        49.199999999999996,
        194.40000000000003
      ],
      [
        49.199999999999996,
        194.40000000000003
      ],
      [
        49.199999999999996,
        194.40000000000003
      ]
    ]
  },
  "40": {
    "FIFO": [
      [
        86.5,
        183.8
      ],
      [
        86.5,
        183.8
      ],
      [
        75.1,
        188.10000000000002
      ],
      [
        75.1,
        188.10000000000002
      ],
      [
        86.5,
        183.8
      ],
      [
        86.5,
        183.8
      ],
      [
        86.5,
        183.8
      ],
      [
        75.1,
        188.10000000000002
      ],
      [
        86.5,
        183.8
      ],
      [
        86.5,
        183.8
      ]
    ],
    "LTP": [
      [
        49.3,
        186.10000000000005
      ],
      [
        49.3,
        186.10000000000005
      ],
      [
        49.3,
        186.10000000000005
      ],
      [
        49.3,
        186.10000000000005
      ],
      [
        49.3,
        186.10000000000005
      ],
      [
        49.3,
        186.10000000000005
      ],
      [
        49.3,
        186.10000000000005
      ],
      [
        49.3,
        186.10000000000005
      ],
      [
        49.3,
        186.10000000000005
      ],
      [
        49.3,
        186.10000000000005
      ]
    ],
    "STP": [
      [
        48.80000000000001,
        187.49999999999991
      ],
      [
        48.80000000000001,
        187.49999999999991
      ],
      [
        48.80000000000001,
        187.49999999999991
      ],
      [
        48.80000000000001,
        187.49999999999991
      ],
      [
        48.80000000000001,
        187.49999999999991
      ],
      [
        48.80000000000001,
        187.49999999999991
      ],
      [
        48.80000000000001,
        187.49999999999991
      ],
      [
        48.80000000000001,
        187.49999999999991
      ],
      [
        48.80000000000001,
        187.49999999999991
      ],
      [
        48.80000000000001,
        187.49999999999991
      ]
    ],
    "RRFIFO": [
      [
        40.800000000000004,
        179.99999999999997
      ],
      [
        40.800000000000004,
        179.99999999999997
      ],
      [
        40.800000000000004,
        179.99999999999997
      ],
      [
        40.800000000000004,
        179.99999999999997
      ],
      [
        40.800000000000004,
        179.99999999999997
      ],
      [
        40.800000000000004,
        179.99999999999997
      ],
      [
        40.800000000000004,
        179.99999999999997
      ],
      [
        40.800000000000004,
        179.99999999999997
      ],
      [
        40.800000000000004,
        179.99999999999997
      ],
      [
        40.800000000000004,
        179.99999999999997
      ]
    ],
    "RRLTP": [
      [
        51.99999999999999,
        195.4
      ],
      [
        49.39999999999999,
        199.3
      ],
      [
        49.39999999999999,
        199.3
      ],
      [
        49.39999999999999,
        199.3
      ],
      [
        51.99999999999999,
        195.4
      ],
      [
        51.99999999999999,
        195.4
      ],
      [
        51.99999999999999,
        195.4
      ],
      [
        49.39999999999999,
        199.3
      ],
      [
        51.99999999999999,
        195.4
      ],
      [
        49.39999999999999,
        199.3
      ]
    ],
    "RRECA": [
      [
        49.199999999999996,
        194.40000000000003
      ],
      [
        49.199999999999996,
        194.40000000000003
      ],
      [
        49.199999999999996,
        194.40000000000003
      ],
      [
        49.199999999999996,
        194.40000000000003
      ],
      [
        49.199999999999996,
        194.40000000000003
      ],
      [
        49.199999999999996,
        194.40000000000003
      ],
      [
        49.199999999999996,
        194.40000000000003
      ],
      [
        49.199999999999996,
        194.40000000000003
      ],
      [
        49.199999999999996,
        194.40000000000003
      ],
      [
        49.199999999999996,
        194.40000000000003
      ]
    ]
  },
  "60": {
    "FIFO": [
      [
        86.5,
        183.8
      ],
      [
        86.5,
        183.8
      ],
      [
        71.10000000000001,
        189.7
      ],
      [
        86.5,
        183.8
      ],
      [
        86.5,
        183.8
      ],
      [
        75.1,
        188.10000000000002
      ],
      [
        75.1,
        188.10000000000002
      ],
      [
        86.5,
        183.8
      ],
      [
        86.5,
        183.8
      ],
      [
        75.1,
        188.10000000000002
      ]
    ],
    "LTP": [
      [
        49.3,
        186.10000000000005
      ],
      [
        49.3,
        186.10000000000005
      ],
      [
        49.3,
        186.10000000000005
      ],
      [
        49.3,
        186.10000000000005
      ],
      [
        49.3,
        186.10000000000005
      ],
      [
        49.3,
        186.10000000000005
      ],
      [
        49.3,
        186.10000000000005
      ],
      [
        49.3,
        186.10000000000005
      ],
      [
        49.3,
        186.10000000000005
      ],
      [
        49.3,
        186.10000000000005
      ]
    ],