{
  "20": {
    "FIFO": [
      [
        59.2,
        77.39999999999999
      ],
      [
        59.2,
        77.39999999999999
      ],
      [
        59.2,
        77.39999999999999
      ],
      [
        59.2,
        77.39999999999999
      ],
      [
        59.2,
        77.39999999999999
      ],
      [
        59.2,
        77.39999999999999
      ],
      [
        59.2,
        77.39999999999999
      ],
      [
        59.2,
        77.39999999999999
      ],
      [
        59.2,
        77.39999999999999
      ],
      [
        59.2,
        77.39999999999999
      ]
    ],
    "LTP": [
      [
        48.19999999999999,
        84.10000000000002
      ],
      [
        48.19999999999999,
        84.10000000000002
      ],
      [
        48.19999999999999,
        84.10000000000002
      ],
      [
        48.19999999999999,
        84.10000000000002
      ],
      [
        48.19999999999999,
        84.10000000000002
      ],
      [
        48.19999999999999,
        84.10000000000002
      ],
      [
        48.19999999999999,
        84.10000000000002
      ],
      [
        48.19999999999999,
        84.10000000000002
      ],
      [
        48.19999999999999,
        84.10000000000002
      ],
      [
        48.19999999999999,
        84.10000000000002
      ]
    ],
    "STP": [
      [
        39.099999999999994,
        69.50000000000001
      ],
      [
        39.099999999999994,
        69.50000000000001
      ],
      [
        39.099999999999994,
        69.50000000000001
      ],
      [
        39.099999999999994,
        69.50000000000001
      ],
      [
        39.099999999999994,
        69.50000000000001
      ],
      [
        39.099999999999994,
        69.50000000000001
      ],
      [
        39.099999999999994,
        69.50000000000001
      ],
      [
        39.099999999999994,
        69.50000000000001
      ],
      [
        39.099999999999994,
        69.50000000000001
      ],
      [
        39.099999999999994,
        69.50000000000001
      ]
    ],
    "RRFIFO": [
      [
        42.49999999999999,
        83.0
      ],
      [
        42.49999999999999,
        83.0
      ],
      [
        42.49999999999999,
        83.0
      ],
      [
        42.49999999999999,
        83.0
      ],
      [
        42.49999999999999,
        83.0
      ],
      [
        42.49999999999999,
        83.0
      ],
      [
        42.49999999999999,
        83.0
      ],
      [
        42.49999999999999,
        83.0
      ],
      [
        42.49999999999999,
        83.0
      ],
      [
        42.49999999999999,
        83.0
      ]
    ],
    "RRLTP": [
      [
        38.400000000000006,
        85.30000000000001
      ],
      [
        38.400000000000006,
        85.30000000000001
      ],
      [
        38.400000000000006,
        85.30000000000001
      ],
      [
        38.400000000000006,
        85.30000000000001
      ],
      [
        38.400000000000006,
        85.30000000000001
      ],
      [
        38.400000000000006,
        85.30000000000001
      ],
      [
        38.400000000000006,
        85.30000000000001
      ],
      [
        38.400000000000006,
        85.30000000000001
      ],
      [
        38.400000000000006,
        85.30000000000001
      ],
      [
        38.400000000000006,
        85.30000000000001
      ]
    ],
    "RRECA": [
      [
        45.7,
        74.5
      ],
      [
        45.7,
        74.5
      ],
      [
        45.7,
        74.5
      ],
      [
        45.7,
        74.5
      ],
      [
        45.7,
        74.5
      ],
      [
        45.7,
        74.5
      ],
      [
        45.7,
        74.5
      ],
      [
        45.7,
        74.5
      ],
      [
        45.7,
        74.5
      ],
      [
        45.7,
        74.5
      ]
    ]
  },
  "40": {
    "FIFO": [
      [
        48.5,
        75.30000000000001
      ],
      [
        52.900000000000006,
        71.8
      ],
      [
        48.5,
        75.30000000000001
      ],
      [
        52.900000000000006,
        71.8
      ],
      [
        52.900000000000006,
        71.8
      ],
      [
        48.5,
        75.30000000000001
      ],
      [
        48.5,
        75.30000000000001
      ],
      [
        52.900000000000006,
        71.8
      ],
      [
        52.900000000000006,
        71.8
      ],
      [
        48.5,
        75.30000000000001
      ]
    ],
    "LTP": [
      [
        46.89999999999999,
        72.19999999999999
      ],
      [
        42.699999999999996,
        78.2
      ],
      [
        42.699999999999996,
        78.2
      ],
      [
        42.699999999999996,
        78.2
      ],
      [
        46.89999999999999,
        72.19999999999999
      ],
      [
        46.89999999999999,
        72.19999999999999
      ],
      [
        42.699999999999996,
        78.2
      ],
      [
        42.699999999999996,
        78.2
      ],
      [
        42.699999999999996,
        78.2
      ],
      [
        46.89999999999999,
        72.19999999999999
      ]
    ],
    "STP": [
      [
        39.099999999999994,
        69.50000000000001
      ],
      [
        39.099999999999994,
        69.50000000000001
      ],
      [
        39.099999999999994,
        69.50000000000001
      ],
      [
        39.099999999999994,
        69.50000000000001
      ],
      [
        39.099999999999994,
        69.50000000000001
      ],
      [
        39.099999999999994,
        69.50000000000001
      ],
      [
        39.099999999999994,
        69.50000000000001
      ],
      [
        39.099999999999994,
        69.50000000000001
      ],
      [
        39.099999999999994,
        69.50000000000001
      ],
      [
        39.099999999999994,
        69.50000000000001
      ]
    ],
    "RRFIFO": [
      [
        42.49999999999999,
        83.0
      ],
      [
        42.49999999999999,
        83.0
      ],
      [
        42.49999999999999,
        83.0
      ],
      [
        42.49999999999999,
        83.0
      ],
      [
        42.49999999999999,
        83.0
      ],
      [
        42.49999999999999,
        83.0
      ],
      [
        42.49999999999999,
        83.0
      ],
      [
        42.49999999999999,
        83.0
      ],
      [
        42.49999999999999,
        83.0
      ],
      [
        42.49999999999999,
        83.0
      ]
    ],
    "RRLTP": [
      [
        38.400000000000006,
        85.30000000000001
      ],
      [
        38.400000000000006,
        85.30000000000001
      ],
      [
        38.400000000000006,
        85.30000000000001
      ],
      [
        38.400000000000006,
        85.30000000000001
      ],
      [
        38.400000000000006,
        85.30000000000001
      ],
      [
        38.400000000000006,
        85.30000000000001
      ],
      [
        38.400000000000006,
        85.30000000000001
      ],
      [
        38.400000000000006,
        85.30000000000001
      ],
      [
        38.400000000000006,
        85.30000000000001
      ],
      [
        38.400000000000006,
        85.30000000000001
      ]
    ],
    "RRECA": [
      [
        41.199999999999996,
        71.8
      ],
      [
        51.8,
        59.900000000000006
      ],
      [
        46.5,
        65.4
      ],
      [
        51.8,
        59.900000000000006
      ],
      [
        41.199999999999996,
        71.8
      ],
      [
        41.199999999999996,
        71.8
      ],
      [
        41.199999999999996,
        71.8
      ],
      [
        51.8,
        59.900000000000006
      ],
      [
        46.5,
        65.4
      ],
      [
        41.199999999999996,
        71.8
      ]
    ]
  },