{
  "20": {
    "FIFO": [
      [
        222.20000000000002,
        306.8
      ],
      [
        222.20000000000002,
        306.8
      ],
      [
        222.20000000000002,
        306.8
      ],
      [
        222.20000000000002,
        306.8
      ],
      [
        222.20000000000002,
        306.8
      ],
      [
        222.20000000000002,
        306.8
      ],
      [
        222.20000000000002,
        306.8
      ],
      [
        222.20000000000002,
        306.8
      ],
      [
        222.20000000000002,
        306.8
      ],
      [
        222.20000000000002,
        306.8
      ]
    ],
    "LTP": [
      [
        101.19999999999999,
        330.7
      ],
      [
        104.0,
        325.3999999999999
      ],
      [
        104.0,
        325.3999999999999
      ],
      [
        108.69999999999999,
        318.7
      ],
      [
        101.19999999999999,
        330.7
      ]
    ],
    "STP": [
      [
        108.69999999999999,
        296.6
      ],
      [
        108.69999999999999,
        296.6
      ],
      [
        108.69999999999999,
        296.6
      ],
      [
        108.69999999999999,
        296.6
      ],
      [
        108.29999999999998,
        297.2
      ],
      [
        108.69999999999999,
        296.6
      ],
      [
        121.80000000000001,
        293.00000000000006
      ],
      [
        108.69999999999999,
        296.6
      ],
      [
        103.5,
        307.2
      ],
      [
        108.29999999999998,
        297.2
      ]
    ],
    "RRFIFO": [
      [
        83.30000000000001,
        320.5000000000001
      ],
      [
        83.30000000000001,
        320.5000000000001
      ],
      [
        83.30000000000001,
        320.5000000000001
      ],
      [
        83.30000000000001,
        320.5000000000001
      ],
      [
        89.5,
        314.70000000000005
      ],
      [
        90.50000000000001,
        307.9000000000001
      ]
    ],
    "RRLTP": [
      [
        115.6,
        288.6
      ],
      [
        115.6,
        288.6
      ],
      [
        115.6,
        288.6
      ],
      [
        115.6,
        288.6
      ],
      [
        107.50000000000001,
        290.0
      ]
    ],
    "RRECA": [
      [
        89.8,
        327.50000000000006
      ],
      [
        89.8,
        327.50000000000006
      ],
      [
        89.8,
        327.50000000000006
      ],
      [
        89.8,
        327.50000000000006
      ],
      [
        89.8,
        327.50000000000006
      ],
      [
        90.40000000000002,
        316.4
      ],
      [
        90.40000000000002,
        316.4
      ],
      [
        97.69999999999999,
        307.7
      ]
    ]
  },
  "40": {
    "FIFO": [
      [
        222.20000000000002,
        306.8
      ],
      [
        222.20000000000002,
        306.8
      ],
      [
        222.20000000000002,
        306.8
      ],
      [
        222.20000000000002,
        306.8
      ],
      [
        222.20000000000002,
        306.8
      ],
      [
        222.20000000000002,
        306.8
      ],
      [
        222.20000000000002,
        306.8
      ],
      [
        222.20000000000002,
        306.8
      ],
      [
        222.20000000000002,
        306.8
      ],
      [
        222.20000000000002,
        306.8
      ]
    ],
    "LTP": [
      [
        96.1,
        325.49999999999994
      ],
      [
        96.1,
        325.49999999999994
      ],
      [
        96.1,
        325.49999999999994
      ],
      [
        96.1,
        325.49999999999994
      ],
      [
        96.1,
        325.49999999999994
      ],
      [
        96.1,
        325.49999999999994
      ],
      [
        96.1,
        325.49999999999994
      ],
      [
        96.1,
        325.49999999999994
      ],
      [
        96.1,
        325.49999999999994
      ],
      [
        96.1,
        325.49999999999994
      ]
    ],
    "STP": [
      [
        108.29999999999998,
        297.2
      ],
      [
        108.29999999999998,
        297.2
      ],
      [
        108.29999999999998,
        297.2
      ],
      [
        108.29999999999998,
        297.2
      ],
      [
        108.29999999999998,
        297.2
      ],
      [
        108.29999999999998,
        297.2
      ],
      [
        108.29999999999998,
        297.2
      ],
      [
        108.29999999999998,
        297.2
      ],
      [
        108.29999999999998,
        297.2
      ],
      [
        108.29999999999998,
        297.2
      ]
    ],
    "RRFIFO": [
      [
        89.79999999999998,
        313.9000000000001
      ],
      [
        89.79999999999998,
        313.9000000000001
      ],
      [
        89.79999999999998,
        313.9000000000001
      ],
      [
        89.79999999999998,
        313.9000000000001
      ],
      [
        89.79999999999998,
        313.9000000000001
      ],
      [
        89.79999999999998,
        313.9000000000001
      ],
      [
        89.79999999999998,
        313.9000000000001
      ],
      [
        89.79999999999998,
        313.9000000000001
      ],
      [
        89.79999999999998,
        313.9000000000001
      ],
      [
        89.79999999999998,
        313.9000000000001
      ]
    ],
    "RRLTP": [
      [
        102.8,
        283.20000000000005
      ],
      [
        97.89999999999999,
        287.40000000000003
      ],
      [
        102.8,
        283.20000000000005
      ],
      [
        99.40000000000002,
        283.70000000000005
      ],
      [
        99.40000000000002,
        283.70000000000005
      ]
    ],
    "RRECA": [
      [
        94.10000000000001,
        316.70000000000005
      ],
      [
        94.10000000000001,
        316.70000000000005
      ],
      [
        94.10000000000001,
        316.70000000000005
      ],
      [
        94.10000000000001,
        316.70000000000005
      ],
      [
        94.10000000000001,
        316.70000000000005
      ],
      [
        94.10000000000001,
        316.70000000000005
      ],
      [
        94.10000000000001,
        316.70000000000005
      ],
      [
        95.7,
        315.6
      ],
      [
        94.10000000000001,
        316.70000000000005
      ],
      [
        94.10000000000001,
        316.70000000000005
      ]
    ]
  },
  "60": {
    "FIFO": [
      [
        222.20000000000002,
        306.8
      ],
      [
        222.20000000000002,
        306.8
      ],
      [
        222.20000000000002,
        306.8
      ],
      [
        222.20000000000002,
        306.8
      ],
      [
        222.20000000000002,
        306.8
      ],
      [
        222.20000000000002,
        306.8
      ],
      [
        222.20000000000002,
        306.8
      ],
      [
        222.20000000000002,
        306.8
      ],
      [
        222.20000000000002,
        306.8
      ],
      [
        222.20000000000002,
        306.8
      ]
    ],
    "LTP": [
      [
        96.1,
        325.49999999999994
      ],
      [
        96.1,
        325.49999999999994
      ],
      [
        96.1,
        325.49999999999994
      ],
      [
        96.1,
        325.49999999999994
      ],
      [
        96.1,
        325.49999999999994
      ],
      [
        96.1,
        325.49999999999994
      ],
      [
        96.1,
        325.49999999999994
      ],
      [
        96.1,
        325.49999999999994
      ],
      [
        96.1,
        325.49999999999994
      ],
      [
        96.1,
        325.49999999999994
      ]
    ],