{
  "20": {
    "FIFO": [
      [
        49.0,
        92.8
      ],
      [
        49.0,
        92.8
      ],
      [
        49.0,
        92.8
      ],
      [
        49.0,
        92.8
      ],
      [
        49.0,
        92.8
      ],
      [
        49.0,
        92.8
      ],
      [
        49.0,
        92.8
      ],
      [
        49.0,
        92.8
      ],
      [
        49.0,
        92.8
      ],
      [
        49.0,
        92.8
      ]
    ],
    "LTP": [
      [
        31.700000000000003,
        103.90000000000002
      ]
    ],
    "STP": [
      [
        34.2,
        94.79999999999998
      ],
      [
        34.2,
        94.79999999999998
      ],
      [
        34.2,
        94.79999999999998
      ],
      [
        34.2,
        94.79999999999998
      ],
      [
        34.2,
        94.79999999999998
      ],
      [
        34.2,
        94.79999999999998
      ],
      [
        34.2,
        94.79999999999998
      ],
      [
        34.2,
        94.79999999999998
      ],
      [
        34.2,
        94.79999999999998
      ],
      [
        34.2,
        94.79999999999998
      ]
    ],
    "RRFIFO": [
      [
        38.0,
        95.69999999999999
      ],
      [
        38.0,
        95.69999999999999
      ],
      [
        38.0,
        95.69999999999999
      ],
      [
        38.0,
        95.69999999999999
      ],
      [
        38.0,
        95.69999999999999
      ],
      [
        38.0,
        95.69999999999999
      ],
      [
        38.0,
        95.69999999999999
      ],
      [
        38.0,
        95.69999999999999
      ],
      [
        38.0,
        95.69999999999999
      ],
      [
        38.0,
        95.69999999999999
      ]
    ],
    "RRLTP": [
      [
        33.8,
        81.99999999999999
      ],
      [
        33.8,
        81.99999999999999
      ],
      [
        33.8,
        81.99999999999999
      ],
      [
        33.8,
        81.99999999999999
      ],
      [
        33.8,
        81.99999999999999
      ],
      [
        33.8,
        81.99999999999999
      ],
      [
        33.8,
        81.99999999999999
      ],
      [
        33.8,
        81.99999999999999
      ],
      [
        33.8,
        81.99999999999999
      ]
    ],
    "RRECA": [
      [
        50.0,
        96.2
      ],
      [
        50.0,
        96.2
      ],
      [
        50.0,
        96.2
      ],
      [
        50.0,
        96.2
      ],
      [
        50.0,
        96.2
      ],
      [
        50.0,
        96.2
      ],
      [
        50.0,
        96.2
      ],
      [
        50.0,
        96.2
      ],
      [
        50.0,
        96.2
      ],
      [
        50.0,
        96.2
      ]
    ]
  },
  "40": {
    "FIFO": [
      [
        49.0,
        92.8
      ],
      [
        49.0,
        92.8
      ],
      [
        49.0,
        92.8
      ],
      [
        49.0,
        92.8
      ],
      [
        49.0,
        92.8
      ],
      [
        49.0,
        92.8
      ],
      [
        49.0,
        92.8
      ],
      [
        49.0,
        92.8
      ],
      [
        49.0,
        92.8
      ],
      [
        49.0,
        92.8
      ]
    ],
    "LTP": [
      [
        31.700000000000003,
        103.90000000000002
      ],
      [
        32.400000000000006,
        92.20000000000002
      ],
      [
        31.700000000000003,
        103.90000000000002
      ],
      [
        32.400000000000006,
        92.20000000000002
      ],
      [
        32.0,
        102.10000000000002
      ],
      [
        32.400000000000006,
        92.20000000000002
      ],
      [
        32.0,
        102.10000000000002
      ],
      [
        32.0,
        102.10000000000002
      ],
      [
        31.700000000000003,
        103.90000000000002
      ],
      [
        31.700000000000003,
        103.90000000000002
      ]
    ],
    "STP": [
      [
        34.2,
        94.79999999999998
      ],
      [
        34.2,
        94.79999999999998
      ],
      [
        34.2,
        94.79999999999998
      ],
      [
        34.2,
        94.79999999999998
      ],
      [
        34.2,
        94.79999999999998
      ],
      [
        34.2,
        94.79999999999998
      ],
      [
        34.2,
        94.79999999999998
      ],
      [
        34.2,
        94.79999999999998
      ],
      [
        34.2,
        94.79999999999998
      ],
      [
        34.2,
        94.79999999999998
      ]
    ],
    "RRFIFO": [
      [
        38.0,
        95.69999999999999
      ],
      [
        38.0,
        95.69999999999999
      ],
      [
        38.0,
        95.69999999999999
      ],
      [
        38.0,
        95.69999999999999
      ],
      [
        38.0,
        95.69999999999999
      ],
      [
        38.0,
        95.69999999999999
      ],
      [
        38.0,
        95.69999999999999
      ],
      [
        38.0,
        95.69999999999999
      ],
      [
        38.0,
        95.69999999999999
      ],
      [
        38.0,
        95.69999999999999
      ]
    ],
    "RRLTP": [
      [
        33.8,
        81.99999999999999
      ],
      [
        33.8,
        81.99999999999999
      ],
      [
        33.8,
        81.99999999999999
      ],
      [
        33.8,
        81.99999999999999
      ],
      [
        33.8,
        81.99999999999999
      ],
      [
        33.8,
        81.99999999999999
      ],
      [
        33.8,
        81.99999999999999
      ],
      [
        33.8,
        81.99999999999999
      ],
      [
        33.8,
        81.99999999999999
      ],
      [
        33.8,
        81.99999999999999
      ]
    ],
    "RRECA": [
      [
        50.0,
        96.2
      ],
      [
        50.0,
        96.2
      ],
      [
        50.0,
        96.2
      ],
      [
        50.0,
        96.2
      ],
      [
        50.0,
        96.2
      ],
      [
        50.0,
        96.2
      ],
      [
        50.0,
        96.2
      ],
      [
        50.0,
        96.2
      ],
      [
        50.0,
        96.2
      ],
      [
        50.0,
        96.2
      ]
    ]
  },
  "60": {
    "FIFO": [
      [
        49.0,
        92.8
      ],
      [
        49.0,
        92.8
      ],
      [
        49.0,
        92.8
      ],
      [
        49.0,
        92.8
      ],
      [
        49.0,
        92.8
      ],
      [
        49.0,
        92.8
      ],
      [
        49.0,
        92.8
      ],
      [
        49.0,
        92.8
      ],
      [
        49.0,
        92.8
      ],
      [
        49.0,
        92.8
      ]
    ],
    "LTP": [
      [
        32.400000000000006,
        92.20000000000002
      ],
      [
        31.700000000000003,
        101.90000000000002
      ],
      [
        31.700000000000003,
        101.90000000000002
      ],
      [
        32.400000000000006,
        92.20000000000002
      ],
      [
        32.400000000000006,
        92.20000000000002
      ],
      [
        31.700000000000003,
        101.90000000000002
      ],
      [
        31.700000000000003,
        101.90000000000002
      ],
      [
        31.700000000000003,
        101.90000000000002
      ],
      [
        32.400000000000006,
        92.20000000000002
      ],
      [
        32.400000000000006,
        92.20000000000002
      ]
    ],
    "STP": [
      [
        34.2,
        94.79999999999998
      ],
      [
        34.2,
        94.79999999999998
      ],
      [
        34.2,
        94.79999999999998
      ],
      [
        34.2,
        94.79999999999998
      ],
      [
        34.2,
        94.79999999999998
      ],
      [
        34.2,
        94.79999999999998
      ],
      [
        34.2,
        94.79999999999998
      ],
      [
        34.2,
        94.79999999999998
      ],
      [
        34.2,
        94.79999999999998
      ],
      [
        34.2,
        94.79999999999998
      ]
    ],