{
  "20": {
    "FIFO": [
      [
        196.50000000000006,
        311.0
      ],
      [
        196.50000000000006,
        311.0
      ],
      [
        196.50000000000006,
        311.0
      ],
      [
        196.50000000000006,
        311.0
      ],
      [
        196.50000000000006,
        311.0
      ],
      [
        196.50000000000006,
        311.0
      ],
      [
        196.50000000000006,
        311.0
      ],
      [
        196.50000000000006,
        311.0
      ],
      [
        196.50000000000006,
        311.0
      ]
    ],
    "LTP": [
      [
        99.49999999999999,
        300.29999999999995
      ],
      [
        99.49999999999999,
        300.29999999999995
      ],
      [
        99.49999999999999,
        300.29999999999995
      ],
      [
        99.49999999999999,
        300.29999999999995
      ],
      [
        99.49999999999999,
        300.29999999999995
      ],
      [
        99.49999999999999,
        300.29999999999995
      ],
      [
        99.49999999999999,
        300.29999999999995
      ],
      [
        99.49999999999999,
        300.29999999999995
      ],
      [
        99.49999999999999,
        300.29999999999995
      ],
      [
        99.49999999999999,
        300.29999999999995
      ]
    ],
    "STP": [
      [
        93.7,
        296.99999999999994
      ],
      [
        93.7,
        296.99999999999994
      ],
      [
        93.7,
        296.99999999999994
      ],
      [
        93.7,
        296.99999999999994
      ],
      [
        93.7,
        296.99999999999994
      ],
      [
        93.7,
        296.99999999999994
      ],
      [
        93.7,
        296.99999999999994
      ],
      [
        93.7,
        296.99999999999994
      ],
      [
        93.7,
        296.99999999999994
      ],
      [
        93.7,
        296.99999999999994
      ]
    ],
    "RRFIFO": [
      [
        88.2,
        318.29999999999995
      ],
      [
        102.4,
        314.99999999999994
      ],
      [
        102.4,
        314.99999999999994
      ],
      [
        88.2,
        318.29999999999995
      ],
      [
        102.4,
        314.99999999999994
      ],
      [
        102.4,
        314.99999999999994
      ],
      [
        102.4,
        314.99999999999994
      ],
      [
        102.4,
        314.99999999999994
      ],
      [
        102.4,
        314.99999999999994
      ],
      [
        102.4,
        314.99999999999994
      ]
    ],
    "RRLTP": [
      [
        93.80000000000001,
        340.59999999999997
      ],
      [
        93.80000000000001,
        340.59999999999997
      ],
      [
        93.80000000000001,
        340.59999999999997
      ],
      [
        93.80000000000001,
        340.59999999999997
      ],
      [
        93.80000000000001,
        340.59999999999997
      ],
      [
        93.80000000000001,
        340.59999999999997
      ],
      [
        93.80000000000001,
        340.59999999999997
      ],
      [
        93.80000000000001,
        340.59999999999997
      ],
      [
        93.80000000000001,
        340.59999999999997
      ],
      [
        88.30000000000001,
        346.59999999999997
      ]
    ],
    "RRECA": [
      [
        91.30000000000003,
        370.00000000000017
      ],
      [
        96.7,
        368.1000000000002
      ],
      [
        96.7,
        368.1000000000002
      ],
      [
        89.00000000000003,
        371.9000000000002
      ],
      [
        96.7,
        368.1000000000002
      ],
      [
        96.7,
        368.1000000000002
      ],
      [
        96.7,
        368.1000000000002
      ],
      [
        96.7,
        368.1000000000002
      ],
      [
        96.7,
        368.1000000000002
      ],
      [
        91.30000000000003,
        370.00000000000017
      ]
    ]
  },
  "40": {
    "FIFO": [
      [
        196.50000000000006,
        311.0
      ],
      [
        196.50000000000006,
        311.0
      ],
      [
        196.50000000000006,
        311.0
      ],
      [
        196.50000000000006,
        311.0
      ],
      [
        196.50000000000006,
        311.0
      ],
      [
        196.50000000000006,
        311.0
      ],
      [
        196.50000000000006,
        311.0
      ],
      [
        196.50000000000006,
        311.0
      ],
      [
        196.50000000000006,
        311.0
      ],
      [
        196.50000000000006,
        311.0
      ]
    ],
    "LTP": [
      [
        99.49999999999999,
        300.29999999999995
      ],
      [
        99.49999999999999,
        300.29999999999995
      ],
      [
        99.49999999999999,
        300.29999999999995
      ],
      [
        99.49999999999999,
        300.29999999999995
      ],
      [
        99.49999999999999,
        300.29999999999995
      ],
      [
        99.49999999999999,
        300.29999999999995
      ],
      [
        99.49999999999999,
        300.29999999999995
      ],
      [
        99.49999999999999,
        300.29999999999995
      ],
      [
        99.49999999999999,
        300.29999999999995
      ],
      [
        99.49999999999999,
        300.29999999999995
      ]
    ],
    "STP": [
      [
        93.7,
        296.99999999999994
      ],
      [
        93.7,
        296.99999999999994
      ],
      [
        93.7,
        296.99999999999994
      ],
      [
        93.7,
        296.99999999999994
      ],
      [
        93.7,
        296.99999999999994
      ],
      [
        93.7,
        296.99999999999994
      ],
      [
        93.7,
        296.99999999999994
      ],
      [
        93.7,
        296.99999999999994
      ],
      [
        93.7,
        296.99999999999994
      ],
      [
        93.7,
        296.99999999999994
      ]
    ],
    "RRFIFO": [
      [
        88.2,
        318.29999999999995
      ],
      [
        102.4,
        314.99999999999994
      ],
      [
        102.4,
        314.99999999999994
      ],
      [
        88.2,
        318.29999999999995
      ],
      [
        88.2,
        318.29999999999995
      ],
      [
        102.4,
        314.99999999999994
      ],
      [
        88.2,
        318.29999999999995
      ],
      [
        88.2,
        318.29999999999995
      ],
      [
        88.2,
        318.29999999999995
      ],
      [
        88.2,
        318.29999999999995
      ]
    ],
    "RRLTP": [
      [
        93.80000000000001,
        340.59999999999997
      ],
      [
        93.80000000000001,
        340.59999999999997
      ],
      [
        93.80000000000001,
        340.59999999999997
      ],
      [
        88.30000000000001,
        344.19999999999993
      ],
      [
        96.5,
        338.9
      ],
      [
        93.80000000000001,
        340.59999999999997
      ],
      [
        93.80000000000001,
        340.59999999999997
      ],
      [
        88.30000000000001,
        344.19999999999993
      ],
      [
        93.80000000000001,
        340.59999999999997
      ],
      [
        93.80000000000001,
        340.59999999999997
      ]
    ],
    "RRECA": [
      [
        89.00000000000003,
        370.00000000000017
      ],
      [
        94.4,
        368.1000000000002
      ],
      [
        102.4,
        367.5000000000002
      ],
      [
        89.00000000000003,
        370.00000000000017
      ],
      [
        94.4,
        368.1000000000002
      ],
      [
        102.4,
        367.5000000000002
      ],
      [
        102.4,
        367.5000000000002
      ],
      [
        89.00000000000003,
        370.00000000000017
      ],
      [
        89.00000000000003,
        370.00000000000017
      ],
      [
        89.00000000000003,
        370.00000000000017
      ]
    ]
  },