{
  "20": {
    "FIFO": [
      [
        89.6,
        180.69999999999996
      ],
      [
        89.6,
        180.69999999999996
      ],
      [
        89.6,
        180.69999999999996
      ],
      [
        89.6,
        180.69999999999996
      ],
      [
        89.6,
        180.69999999999996
      ],
      [
        89.6,
        180.69999999999996
      ],
      [
        89.6,
        180.69999999999996
      ],
      [
        89.6,
        180.69999999999996
      ],
      [
        89.6,
        180.69999999999996
      ],
      [
        89.6,
        180.69999999999996
      ]
    ],
    "LTP": [
      [
        50.4,
        192.0
      ],
      [
        50.4,
        192.0
      ],
      [
        50.4,
        192.0
      ],
      [
        50.4,
        192.0
      ],
      [
        50.4,
        192.0
      ],
      [
        50.4,
        192.0
      ],
      [
        50.4,
        192.0
      ],
      [
        50.4,
        192.0
      ],
      [
        50.4,
        192.0
      ],
      [
        50.4,
        192.0
      ]
    ],
    "STP": [
      [
        56.7,
        196.69999999999996
      ],
      [
        56.7,
        196.69999999999996
      ],
      [
        56.7,
        196.69999999999996
      ],
      [
        56.7,
        196.69999999999996
      ],
      [
        56.7,
        196.69999999999996
      ],
      [
        56.7,
        196.69999999999996
      ],
      [
        56.7,
        196.69999999999996
      ],
      [
        56.7,
        196.69999999999996
      ],
      [
        56.7,
        196.69999999999996
      ],
      [
        56.7,
        196.69999999999996
      ]
    ],
    "RRFIFO": [
      [
        63.4,
        230.70000000000005
      ],
      [
        63.4,
        230.70000000000005
      ],
      [
        63.4,
        230.70000000000005
      ],
      [
        63.4,
        230.70000000000005
      ],
      [
        63.4,
        230.70000000000005
      ],
      [
        63.4,
        230.70000000000005
      ],
      [
        63.4,
        230.70000000000005
      ],
      [
        63.4,
        230.70000000000005
      ],
      [
        63.4,
        230.70000000000005
      ],
      [
        63.4,
        230.70000000000005
      ]
    ],
    "RRLTP": [
      [
        53.49999999999999,
        215.40000000000003
      ],
      [
        56.3,
        206.50000000000003
      ],
      [
        56.3,
        206.50000000000003
      ],
      [
        56.3,
        206.50000000000003
      ],
      [
        53.49999999999999,
        215.40000000000003
      ],
      [
        53.49999999999999,
        215.40000000000003
      ],
      [
        53.49999999999999,
        215.40000000000003
      ]
    ],
    "RRECA": [
      [
        42.00000000000001,
        175.19999999999996
      ],
      [
        42.00000000000001,
        175.19999999999996
      ],
      [
        42.1,
        173.09999999999997
      ],
      [
        42.00000000000001,
        175.19999999999996
      ],
      [
        42.00000000000001,
        175.19999999999996
      ],
      [
        42.00000000000001,
        175.19999999999996
      ],
      [
        42.1,
        173.09999999999997
      ],
      [
        42.00000000000001,
        175.19999999999996
      ],
      [
        42.00000000000001,
        175.19999999999996
      ]
    ]
  },
  "40": {
    "FIFO": [
      [
        89.6,
        180.69999999999996
      ],
      [
        89.6,
        180.69999999999996
      ],
      [
        89.6,
        180.69999999999996
      ],
      [
        89.6,
        180.69999999999996
      ],
      [
        89.6,
        180.69999999999996
      ],
      [
        89.6,
        180.69999999999996
      ],
      [
        89.6,
        180.69999999999996
      ],
      [
        89.6,
        180.69999999999996
      ],
      [
        89.6,
        180.69999999999996
      ],
      [
        89.6,
        180.69999999999996
      ]
    ],
    "LTP": [
      [
        50.4,
        192.0
      ],
      [
        50.4,
        192.0
      ],
      [
        50.4,
        192.0
      ],
      [
        50.4,
        192.0
      ],
      [
        50.4,
        192.0
      ],
      [
        50.4,
        192.0
      ],
      [
        50.4,
        192.0
      ],
      [
        50.4,
        192.0
      ],
      [
        50.4,
        192.0
      ],
      [
        50.4,
        192.0
      ]
    ],
    "STP": [
      [
        56.7,
        196.69999999999996
      ],
      [
        56.7,
        196.69999999999996
      ],
      [
        56.7,
        196.69999999999996
      ],
      [
        56.7,
        196.69999999999996
      ],
      [
        56.7,
        196.69999999999996
      ],
      [
        56.7,
        196.69999999999996
      ],
      [
        56.7,
        196.69999999999996
      ],
      [
        56.7,
        196.69999999999996
      ],
      [
        56.7,
        196.69999999999996
      ],
      [
        56.7,
        196.69999999999996
      ]
    ],
    "RRFIFO": [
      [
        63.4,
        230.70000000000005
      ],
      [
        63.4,
        230.70000000000005
      ],
      [
        63.4,
        230.70000000000005
      ],
      [
        63.4,
        230.70000000000005
      ],
      [
        63.4,
        230.70000000000005
      ],
      [
        63.4,
        230.70000000000005
      ],
      [
        63.4,
        230.70000000000005
      ],
      [
        63.4,
        230.70000000000005
      ],
      [
        63.4,
        230.70000000000005
      ],
      [
        63.4,
        230.70000000000005
      ]
    ],
    "RRLTP": [
      [
        56.3,
        206.50000000000003
      ],
      [
        56.3,
        206.50000000000003
      ],
      [
        49.9,
        210.90000000000003
      ],
      [
        56.3,
        206.50000000000003
      ],
      [
        49.9,
        210.90000000000003
      ],
      [
        54.49999999999999,
        208.20000000000002
      ],
      [
        54.49999999999999,
        208.20000000000002
      ],
      [
        54.49999999999999,
        208.20000000000002
      ],
      [
        49.9,
        210.90000000000003
      ],
      [
        56.3,
        206.50000000000003
      ]
    ],
    "RRECA": [
      [
        42.00000000000001,
        175.19999999999996
      ],
      [
        42.1,
        173.09999999999997
      ],
      [
        42.00000000000001,
        175.19999999999996
      ],
      [
        42.00000000000001,
        175.19999999999996
      ],
      [
        42.00000000000001,
        175.19999999999996
      ],
      [
        42.1,
        173.09999999999997
      ],
      [
        42.1,
        173.09999999999997
      ],
      [
        42.1,
        173.09999999999997
      ],
      [
        42.00000000000001,
        175.19999999999996
      ],
      [
        42.1,
        173.09999999999997
      ]
    ]
  },
  "60": {
    "FIFO": [
      [
        89.6,
        180.69999999999996
      ],
      [
        89.6,
        180.69999999999996
      ],
      [
        89.6,
        180.69999999999996
      ],
      [
        89.6,
        180.69999999999996
      ],
      [
        89.6,
        180.69999999999996
      ],
      [
        89.6,
        180.69999999999996
      ],
      [
        89.6,
        180.69999999999996
      ],
      [
        89.6,
        180.69999999999996
      ],
      [
        89.6,
        180.69999999999996
      ],
      [
        89.6,
        180.69999999999996
      ]
    ],