{
  "20": {
    "FIFO": [
      [
        199.90000000000003,
        283.1
      ],
      [
        167.30000000000004,
        300.5
      ],
      [
        167.30000000000004,
        300.5
      ],
      [
        211.0,
        282.1
      ],
      [
        178.4,
        299.49999999999994
      ],
      [
        215.2,
        266.5
      ]
    ],
    "LTP": [
      [
        88.90000000000002,
        311.09999999999997
      ],
      [
        80.3,
        322.5
      ],
      [
        77.1,
        322.69999999999993
      ],
      [
        81.89999999999999,
        315.3
      ],
      [
        96.49999999999997,
        278.19999999999993
      ],
      [
        96.49999999999997,
        278.19999999999993
      ]
    ],
    "STP": [
      [
        87.10000000000001,
        310.70000000000005
      ],
      [
        88.10000000000001,
        301.2
      ],
      [
        126.60000000000001,
        290.00000000000006
      ],
      [
        103.2,
        296.69999999999993
      ]
    ],
    "RRFIFO": [
      [
        91.6,
        323.5
      ],
      [
        91.6,
        323.5
      ],
      [
        94.39999999999999,
        310.5
      ],
      [
        94.39999999999999,
        310.5
      ]
    ],
    "RRLTP": [
      [
        88.50000000000001,
        319.2
      ],
      [
        83.60000000000001,
        327.1
      ],
      [
        83.60000000000001,
        327.1
      ],
      [
        90.4,
        318.3
      ],
      [
        77.9,
        327.90000000000003
      ]
    ],
    "RRECA": [
      [
        109.60000000000001,
        286.79999999999995
      ],
      [
        102.0,
        306.5
      ],
      [
        102.0,
        306.5
      ],
      [
        100.2,
        317.4
      ],
      [
        103.6,
        302.49999999999994
      ],
      [
        104.80000000000004,
        290.09999999999997
      ],
      [
        108.6,
        289.4
      ],
      [
        117.1,
        279.4
      ]
    ]
  },
  "40": {
    "FIFO": [
      [
        213.29999999999998,
        249.59999999999997
      ],
      [
        216.99999999999997,
        246.29999999999998
      ],
      [
        216.99999999999997,
        246.29999999999998
      ],
      [
        213.29999999999998,
        249.59999999999997
      ],
      [
        216.99999999999997,
        246.29999999999998
      ],
      [
        216.99999999999997,
        246.29999999999998
      ],
      [
        213.29999999999998,
        249.59999999999997
      ],
      [
        216.99999999999997,
        246.29999999999998
      ],
      [
        213.29999999999998,
        249.59999999999997
      ],
      [
        213.29999999999998,
        249.59999999999997
      ]
    ],
    "LTP": [
      [
        79.6,
        313.6
      ],
      [
        79.6,
        313.6
      ],
      [
        79.6,
        313.6
      ],
      [
        79.6,
        313.6
      ],
      [
        79.6,
        313.6
      ],
      [
        79.6,
        313.6
      ],
      [
        79.6,
        313.6
      ],
      [
        79.6,
        313.6
      ],
      [
        79.6,
        313.6
      ],
      [
        79.6,
        313.6
      ]
    ],
    "STP": [
      [
        114.70000000000002,
        291.29999999999995
      ],
      [
        114.70000000000002,
        291.29999999999995
      ],
      [
        114.70000000000002,
        291.29999999999995
      ],
      [
        114.70000000000002,
        291.29999999999995
      ],
      [
        114.70000000000002,
        291.29999999999995
      ],
      [
        114.70000000000002,
        291.29999999999995
      ],
      [
        114.70000000000002,
        291.29999999999995
      ],
      [
        114.70000000000002,
        291.29999999999995
      ],
      [
        114.70000000000002,
        291.29999999999995
      ],
      [
        114.70000000000002,
        291.29999999999995
      ]
    ],
    "RRFIFO": [
      [
        105.29999999999998,
        306.00000000000006
      ],
      [
        105.29999999999998,
        306.00000000000006
      ],
      [
        105.29999999999998,
        306.00000000000006
      ],
      [
        105.29999999999998,
        306.00000000000006
      ],
      [
        105.29999999999998,
        306.00000000000006
      ],
      [
        105.29999999999998,
        306.00000000000006
      ],
      [
        105.29999999999998,
        306.00000000000006
      ],
      [
        105.29999999999998,
        306.00000000000006
      ],
      [
        105.29999999999998,
        306.00000000000006
      ],
      [
        105.29999999999998,
        306.00000000000006
      ]
    ],
    "RRLTP": [
      [
        84.0,
        318.8
      ],
      [
        84.0,
        318.8
      ],
      [
        84.0,
        318.8
      ],
      [
        84.0,
        318.8
      ],
      [
        84.0,
        318.8
      ],
      [
        84.0,
        318.8
      ],
      [
        84.0,
        318.8
      ],
      [
        84.0,
        318.8
      ],
      [
        84.0,
        318.8
      ],
      [
        84.0,
        318.8
      ]
    ],
    "RRECA": [
      [
        99.90000000000002,
        283.0999999999999
      ],
      [
        99.90000000000002,
        283.0999999999999
      ],
      [
        99.90000000000002,
        283.0999999999999
      ],
      [
        99.90000000000002,
        283.0999999999999
      ],
      [
        99.90000000000002,
        283.0999999999999
      ],
      [
        99.90000000000002,
        283.0999999999999
      ],
      [
        99.90000000000002,
        283.0999999999999
      ],
      [
        99.90000000000002,
        283.0999999999999
      ],
      [
        99.90000000000002,
        283.0999999999999
      ],
      [
        99.90000000000002,
        283.0999999999999
      ]
    ]
  },
  "60": {
    "FIFO": [
      [
        213.29999999999998,
        249.59999999999997
      ],
      [
        216.99999999999997,
        246.29999999999998
      ],
      [
        210.89999999999998,
        252.89999999999998
      ],
      [
        210.89999999999998,
        252.89999999999998
      ],
      [
        216.99999999999997,
        246.29999999999998
      ],
      [
        213.29999999999998,
        249.59999999999997
      ],
      [
        216.99999999999997,
        246.29999999999998
      ],
      [
        213.29999999999998,
        249.59999999999997
      ],
      [
        210.89999999999998,
        252.89999999999998
      ],
      [
        213.29999999999998,
        249.59999999999997
      ]
    ],
    "LTP": [
      [
        79.6,
        313.6
      ],
      [
        79.6,
        313.6
      ],
      [
        79.6,
        313.6
      ],
      [
        79.6,
        313.6
      ],
      [
        79.6,
        313.6
      ],
      [
        79.6,
        313.6
      ],
      [
        79.6,
        313.6
      ],
      [
        79.6,
        313.6
      ],
      [
        79.6,
        313.6
      ],
      [
        79.6,
        313.6
      ]
    ],
    "STP": [
      [
        114.70000000000002,
        291.29999999999995
      ],
      [
        114.70000000000002,
        291.29999999999995
      ],
      [
        114.70000000000002,
        291.29999999999995
      ],
      [
        114.70000000000002,
        291.29999999999995
      ],
      [
        114.70000000000002,
        291.29999999999995
      ],
      [
        114.70000000000002,
        291.29999999999995
      ],
      [
        114.70000000000002,
        291.29999999999995
      ],
      [
        114.70000000000002,
        291.29999999999995
      ],
      [
        114.70000000000002,
        291.29999999999995
      ],
      [
        114.70000000000002,
        291.29999999999995
      ]
    ],