{
  "20": {
    "FIFO": [
      [
        166.29999999999998,
        337.49999999999994
      ],
      [
        195.4,
        321.3
      ],
      [
        206.8,
        314.7
      ],
      [
        166.29999999999998,
        337.49999999999994
      ],
      [
        195.4,
        321.3
      ],
      [
        195.4,
        321.3
      ],
      [
        197.0,
        320.1
      ],
      [
        197.0,
        320.1
      ],
      [
        189.6,
        321.7
      ]
    ],
    "LTP": [
      [
        100.9,
        321.9
      ],
      [
        100.9,
        321.9
      ],
      [
        97.69999999999999,
        337.69999999999993
      ],
      [
        100.9,
        321.9
      ],
      [
        100.9,
        321.9
      ],
      [
        100.9,
        321.9
      ],
      [
        100.9,
        321.9
      ],
      [
        100.9,
        321.9
      ],
      [
        97.80000000000001,
        323.29999999999995
      ]
    ],
    "STP": [
      [
        95.19999999999999,
        309.8
      ],
      [
        85.6,
        323.1
      ],
      [
        79.80000000000001,
        345.70000000000005
      ],
      [
        95.19999999999999,
        309.8
      ],
      [
        85.6,
        323.1
      ],
      [
        85.6,
        323.1
      ],
      [
        82.1,
        330.8
      ],
      [
        81.7,
        335.6
      ]
    ],
    "RRFIFO": [
      [
        91.3,
        333.4999999999999
      ],
      [
        89.7,
        336.1
      ],
      [
        102.1,
        324.2999999999999
      ]
    ],
    "RRLTP": [
      [
        121.60000000000002,
        288.90000000000003
      ],
      [
        121.60000000000002,
        288.90000000000003
      ],
      [
        92.2,
        320.9
      ],
      [
        121.60000000000002,
        288.90000000000003
      ],
      [
        121.60000000000002,
        288.90000000000003
      ],
      [
        121.60000000000002,
        288.90000000000003
      ],
      [
        94.4,
        315.2
      ],
      [
        113.60000000000001,
        293.40000000000003
      ]
    ],
    "RRECA": [
      [
        80.2,
        362.1
      ],
      [
        86.40000000000002,
        326.30000000000007
      ],
      [
        86.40000000000002,
        326.30000000000007
      ],
      [
        93.20000000000002,
        326.2000000000001
      ]
    ]
  },
  "40": {
    "FIFO": [
      [
        173.70000000000002,
        330.3
      ],
      [
        173.70000000000002,
        330.3
      ],
      [
        173.70000000000002,
        330.3
      ],
      [
        173.70000000000002,
        330.3
      ],
      [
        173.70000000000002,
        330.3
      ],
      [
        173.70000000000002,
        330.3
      ],
      [
        173.70000000000002,
        330.3
      ],
      [
        173.70000000000002,
        330.3
      ],
      [
        173.70000000000002,
        330.3
      ],
      [
        173.70000000000002,
        330.3
      ]
    ],
    "LTP": [
      [
        102.2,
        297.6
      ],
      [
        105.2,
        292.6
      ],
      [
        97.10000000000001,
        304.50000000000006
      ],
      [
        90.8,
        310.80000000000007
      ],
      [
        105.2,
        292.6
      ],
      [
        100.6,
        297.90000000000003
      ],
      [
        97.10000000000001,
        304.50000000000006
      ],
      [
        100.6,
        297.90000000000003
      ],
      [
        102.2,
        297.6
      ],
      [
        102.2,
        297.6
      ]
    ],
    "STP": [
      [
        95.19999999999999,
        309.8
      ],
      [
        95.19999999999999,
        309.8
      ],
      [
        95.19999999999999,
        309.8
      ],
      [
        95.19999999999999,
        309.8
      ],
      [
        95.19999999999999,
        309.8
      ],
      [
        95.19999999999999,
        309.8
      ],
      [
        95.19999999999999,
        309.8
      ],
      [
        95.19999999999999,
        309.8
      ],
      [
        95.19999999999999,
        309.8
      ],
      [
        95.19999999999999,
        309.8
      ]
    ],
    "RRFIFO": [
      [
        91.3,
        333.4999999999999
      ],
      [
        91.3,
        333.4999999999999
      ],
      [
        91.3,
        333.4999999999999
      ],
      [
        91.3,
        333.4999999999999
      ],
      [
        91.3,
        333.4999999999999
      ],
      [
        91.3,
        333.4999999999999
      ],
      [
        91.3,
        333.4999999999999
      ],
      [
        91.3,
        333.4999999999999
      ],
      [
        91.3,
        333.4999999999999
      ],
      [
        91.3,
        333.4999999999999
      ]
    ],
    "RRLTP": [
      [
        121.60000000000002,
        288.90000000000003
      ],
      [
        121.60000000000002,
        288.90000000000003
      ],
      [
        121.60000000000002,
        288.90000000000003
      ],
      [
        121.60000000000002,
        288.90000000000003
      ],
      [
        121.60000000000002,
        288.90000000000003
      ],
      [
        121.60000000000002,
        288.90000000000003
      ],
      [
        121.60000000000002,
        288.90000000000003
      ],
      [
        121.60000000000002,
        288.90000000000003
      ],
      [
        121.60000000000002,
        288.90000000000003
      ],
      [
        121.60000000000002,
        288.90000000000003
      ]
    ],
    "RRECA": [
      [
        87.20000000000002,
        330.00000000000006
      ],
      [
        87.20000000000002,
        330.00000000000006
      ],
      [
        86.50000000000001,
        332.30000000000007
      ],
      [
        86.50000000000001,
        332.30000000000007
      ],
      [
        87.20000000000002,
        330.00000000000006
      ],
      [
        87.20000000000002,
        330.00000000000006
      ],
      [
        86.50000000000001,
        332.30000000000007
      ],
      [
        87.20000000000002,
        330.00000000000006
      ],
      [
        87.20000000000002,
        330.00000000000006
      ],
      [
        87.20000000000002,
        330.00000000000006
      ]
    ]
  },
  "60": {
    "FIFO": [
      [
        173.70000000000002,
        330.3
      ],
      [
        173.70000000000002,
        330.3
      ],
      [
        173.70000000000002,
        330.3
      ],
      [
        173.70000000000002,
        330.3
      ],
      [
        173.70000000000002,
        330.3
      ],
      [
        173.70000000000002,
        330.3
      ],
      [
        173.70000000000002,
        330.3
      ],
      [
        173.70000000000002,
        330.3
      ],
      [
        173.70000000000002,
        330.3
      ],
      [
        173.70000000000002,
        330.3
      ]
    ],
    "LTP": [
      [
        90.8,
        310.80000000000007
      ],
      [
        98.8,
        290.40000000000003
      ],
      [
        105.8,
        286.80000000000007
      ],
      [
        84.6,
        314.40000000000003
      ],
      [
        90.8,
        310.80000000000007
      ],
      [
        105.8,
        286.80000000000007
      ],
      [
        98.8,
        290.40000000000003
      ],
      [
        84.6,
        314.40000000000003
      ],
      [
        91.8,
        306.9000000000001
      ],
      [
        90.8,
        310.80000000000007
      ]
    ],