{
  "20": {
    "FIFO": [
      [
        49.9,
        88.19999999999997
      ],
      [
        49.9,
        88.19999999999997
      ],
      [
        50.59999999999999,
        87.6
      ],
      [
        50.59999999999999,
        87.6
      ],
      [
        50.59999999999999,
        87.6
      ],
      [
        49.9,
        88.19999999999997
      ],
      [
        50.59999999999999,
        87.6
      ],
      [
        50.59999999999999,
        87.6
      ],
      [
        49.9,
        88.19999999999997
      ],
      [
        50.59999999999999,
        87.6
      ]
    ],
    "LTP": [
      [
        31.999999999999996,
        103.4
      ],
      [
        31.999999999999996,
        103.4
      ],
      [
        47.39999999999999,
        97.0
      ],
      [
        30.799999999999997,
        106.60000000000001
      ],
      [
        47.39999999999999,
        97.0
      ],
      [
        31.999999999999996,
        103.4
      ],
      [
        47.39999999999999,
        97.0
      ],
      [
        30.799999999999997,
        106.60000000000001
      ],
      [
        39.6,
        102.50000000000001
      ],
      [
        47.39999999999999,
        97.0
      ]
    ],
    "STP": [
      [
        39.2,
        82.1
      ],
      [
        39.2,
        82.1
      ],
      [
        39.2,
        82.1
      ],
      [
        39.2,
        82.1
      ],
      [
        39.2,
        82.1
      ],
      [
        39.2,
        82.1
      ],
      [
        39.2,
        82.1
      ],
      [
        39.2,
        82.1
      ],
      [
        39.2,
        82.1
      ],
      [
        39.2,
        82.1
      ]
    ],
    "RRFIFO": [
      [
        54.0,
        105.4
      ],
      [
        54.0,
        105.4
      ],
      [
        54.0,
        105.4
      ],
      [
        54.0,
        105.4
      ],
      [
        54.0,
        105.4
      ],
      [
        54.0,
        105.4
      ],
      [
        54.0,
        105.4
      ],
      [
        54.0,
        105.4
      ],
      [
        54.0,
        105.4
      ],
      [
        54.0,
        105.4
      ]
    ],
    "RRLTP": [
      [
        41.9,
        78.39999999999999
      ],
      [
        36.8,
        82.89999999999999
      ],
      [
        41.9,
        78.39999999999999
      ],
      [
        41.9,
        78.39999999999999
      ],
      [
        36.8,
        82.89999999999999
      ],
      [
        41.9,
        78.39999999999999
      ],
      [
        41.9,
        78.39999999999999
      ],
      [
        41.9,
        78.39999999999999
      ],
      [
        41.9,
        78.39999999999999
      ],
      [
        41.9,
        78.39999999999999
      ]
    ],
    "RRECA": [
      [
        49.3,
        86.10000000000002
      ],
      [
        49.3,
        86.10000000000002
      ],
      [
        49.3,
        86.10000000000002
      ],
      [
        49.3,
        86.10000000000002
      ],
      [
        49.3,
        86.10000000000002
      ],
      [
        49.3,
        86.10000000000002
      ],
      [
        49.3,
        86.10000000000002
      ],
      [
        49.3,
        86.10000000000002
      ],
      [
        49.3,
        86.10000000000002
      ],
      [
        49.3,
        86.10000000000002
      ]
    ]
  },
  "40": {
    "FIFO": [
      [
        50.59999999999999,
        87.6
      ],
      [
        50.59999999999999,
        87.6
      ],
      [
        50.59999999999999,
        87.6
      ],
      [
        50.59999999999999,
        87.6
      ],
      [
        50.59999999999999,
        87.6
      ],
      [
        50.59999999999999,
        87.6
      ],
      [
        50.59999999999999,
        87.6
      ],
      [
        50.59999999999999,
        87.6
      ],
      [
        50.59999999999999,
        87.6
      ],
      [
        50.59999999999999,
        87.6
      ]
    ],
    "LTP": [
      [
        41.99999999999999,
        97.9
      ],
      [
        41.99999999999999,
        97.9
      ],
      [
        41.99999999999999,
        97.9
      ],
      [
        41.99999999999999,
        97.9
      ],
      [
        41.99999999999999,
        97.9
      ],
      [
        41.99999999999999,
        97.9
      ],
      [
        41.99999999999999,
        97.9
      ],
      [
        41.99999999999999,
        97.9
      ],
      [
        41.99999999999999,
        97.9
      ],
      [
        41.99999999999999,
        97.9
      ]
    ],
    "STP": [
      [
        31.599999999999998,
        91.5
      ],
      [
        36.400000000000006,
        84.1
      ],
      [
        31.599999999999998,
        91.5
      ],
      [
        36.400000000000006,
        84.1
      ],
      [
        36.400000000000006,
        84.1
      ],
      [
        31.599999999999998,
        91.5
      ],
      [
        36.400000000000006,
        84.1
      ],
      [
        31.599999999999998,
        91.5
      ],
      [
        36.400000000000006,
        84.1
      ],
      [
        31.599999999999998,
        91.5
      ]
    ],
    "RRFIFO": [
      [
        54.0,
        105.4
      ],
      [
        54.0,
        105.4
      ],
      [
        54.0,
        105.4
      ],
      [
        54.0,
        105.4
      ],
      [
        54.0,
        105.4
      ],
      [
        54.0,
        105.4
      ],
      [
        54.0,
        105.4
      ],
      [
        54.0,
        105.4
      ],
      [
        54.0,
        105.4
      ],
      [
        54.0,
        105.4
      ]
    ],
    "RRLTP": [
      [
        33.2,
        62.9
      ],
      [
        33.2,
        62.9
      ],
      [
        33.2,
        62.9
      ],
      [
        33.2,
        62.9
      ],
      [
        33.2,
        62.9
      ],
      [
        33.2,
        62.9
      ],
      [
        33.2,
        62.9
      ],
      [
        33.2,
        62.9
      ],
      [
        33.2,
        62.9
      ],
      [
        33.2,
        62.9
      ]
    ],
    "RRECA": [
      [
        49.3,
        86.10000000000002
      ],
      [
        49.3,
        86.10000000000002
      ],
      [
        49.3,
        86.10000000000002
      ],
      [
        49.3,
        86.10000000000002
      ],
      [
        49.3,
        86.10000000000002
      ],
      [
        49.3,
        86.10000000000002
      ],
      [
        49.3,
        86.10000000000002
      ],
      [
        49.3,
        86.10000000000002
      ],
      [
        49.3,
        86.10000000000002
      ],
      [
        49.3,
        86.10000000000002
      ]
    ]
  },
  "60": {
    "FIFO": [
      [
        50.59999999999999,
        87.6
      ],
      [
        50.59999999999999,
        87.6
      ],
      [
        50.59999999999999,
        87.6
      ],
      [
        50.59999999999999,
        87.6
      ],
      [
        50.59999999999999,
        87.6
      ],
      [
        50.59999999999999,
        87.6
      ],
      [
        50.59999999999999,
        87.6
      ],
      [
        50.59999999999999,
        87.6
      ],
      [
        50.59999999999999,
        87.6
      ],
      [
        50.59999999999999,
        87.6
      ]
    ],
    "LTP": [
      [
        41.99999999999999,
        97.9
      ],
      [
        41.99999999999999,
        97.9
      ],
      [
        41.99999999999999,
        97.9
      ],
      [
        41.99999999999999,
        97.9
      ],
      [
        41.99999999999999,
        97.9
      ],
      [
        41.99999999999999,
        97.9
      ],
      [
        41.99999999999999,
        97.9
      ],
      [
        41.99999999999999,
        97.9
      ],
      [
        41.99999999999999,
        97.9
      ],
      [
        41.99999999999999,
        97.9
      ]
    ],