{
  "20": {
    "FIFO": [
      [
        92.30000000000001,
        213.2
      ],
      [
        75.3,
        214.5
      ],
      [
        75.3,
        214.5
      ],
      [
        75.3,
        214.5
      ],
      [
        75.3,
        214.5
      ],
      [
        75.3,
        214.5
      ],
      [
        75.3,
        214.5
      ],
      [
        92.30000000000001,
        213.2
      ],
      [
        75.3,
        214.5
      ],
      [
        77.39999999999999,
        213.79999999999998
      ]
    ],
    "LTP": [
      [
        52.300000000000004,
        180.4
      ],
      [
        52.300000000000004,
        180.4
      ],
      [
        52.300000000000004,
        180.4
      ],
      [
        52.300000000000004,
        180.4
      ],
      [
        52.300000000000004,
        180.4
      ],
      [
        52.300000000000004,
        180.4
      ],
      [
        52.300000000000004,
        180.4
      ],
      [
        47.89999999999999,
        185.20000000000002
      ]
    ],
    "STP": [
      [
        51.3,
        210.69999999999996
      ]
    ],
    "RRFIFO": [
      [
        55.2,
        191.39999999999995
      ],
      [
        55.2,
        191.39999999999995
      ],
      [
        59.099999999999994,
        191.19999999999996
      ]
    ],
    "RRLTP": [
      [
        52.800000000000004,
        196.69999999999993
      ],
      [
        51.10000000000001,
        197.09999999999994
      ],
      [
        51.10000000000001,
        197.09999999999994
      ],
      [
        51.10000000000001,
        197.09999999999994
      ],
      [
        51.10000000000001,
        197.09999999999994
      ],
      [
        51.10000000000001,
        197.09999999999994
      ],
      [
        51.10000000000001,
        197.09999999999994
      ],
      [
        52.800000000000004,
        196.69999999999993
      ],
      [
        51.10000000000001,
        197.09999999999994
      ],
      [
        51.10000000000001,
        197.09999999999994
      ]
    ],
    "RRECA": [
      [
        42.699999999999996,
        202.90000000000006
      ],
      [
        50.099999999999994,
        200.90000000000003
      ],
      [
        50.099999999999994,
        200.90000000000003
      ]
    ]
  },
  "40": {
    "FIFO": [
      [
        75.3,
        213.4
      ],
      [
        75.3,
        213.4
      ],
      [
        75.3,
        213.4
      ],
      [
        75.3,
        213.4
      ],
      [
        75.3,
        213.4
      ],
      [
        75.3,
        213.4
      ],
      [
        75.3,
        213.4
      ],
      [
        75.3,
        213.4
      ],
      [
        75.3,
        213.4
      ],
      [
        75.3,
        213.4
      ]
    ],
    "LTP": [
      [
        47.89999999999999,
        181.70000000000002
      ],
      [
        47.89999999999999,
        181.70000000000002
      ],
      [
        47.89999999999999,
        181.70000000000002
      ],
      [
        47.89999999999999,
        181.70000000000002
      ],
      [
        47.89999999999999,
        181.70000000000002
      ],
      [
        47.89999999999999,
        181.70000000000002
      ],
      [
        47.89999999999999,
        181.70000000000002
      ],
      [
        47.89999999999999,
        181.70000000000002
      ],
      [
        47.89999999999999,
        181.70000000000002
      ],
      [
        47.89999999999999,
        181.70000000000002
      ]
    ],
    "STP": [
      [
        51.3,
        209.89999999999995
      ],
      [
        51.3,
        209.89999999999995
      ],
      [
        51.3,
        209.89999999999995
      ],
      [
        51.3,
        209.89999999999995
      ],
      [
        51.3,
        209.89999999999995
      ],
      [
        51.3,
        209.89999999999995
      ],
      [
        51.3,
        209.89999999999995
      ],
      [
        51.3,
        209.89999999999995
      ],
      [
        51.3,
        209.89999999999995
      ],
      [
        51.3,
        209.89999999999995
      ]
    ],
    "RRFIFO": [
      [
        55.2,
        193.99999999999997
      ],
      [
        55.2,
        193.99999999999997
      ],
      [
        55.2,
        193.99999999999997
      ],
      [
        55.2,
        193.99999999999997
      ],
      [
        55.2,
        193.99999999999997
      ],
      [
        55.2,
        193.99999999999997
      ],
      [
        55.2,
        193.99999999999997
      ],
      [
        55.2,
        193.99999999999997
      ],
      [
        55.2,
        193.99999999999997
      ],
      [
        55.2,
        193.99999999999997
      ]
    ],
    "RRLTP": [
      [
        51.10000000000001,
        191.69999999999993
      ],
      [
        51.10000000000001,
        191.69999999999993
      ],
      [
        51.10000000000001,
        191.69999999999993
      ],
      [
        51.10000000000001,
        191.69999999999993
      ],
      [
        51.10000000000001,
        191.69999999999993
      ],
      [
        51.10000000000001,
        191.69999999999993
      ],
      [
        51.10000000000001,
        191.69999999999993
      ],
      [
        51.10000000000001,
        191.69999999999993
      ],
      [
        51.10000000000001,
        191.69999999999993
      ],
      [
        51.10000000000001,
        191.69999999999993
      ]
    ],
    "RRECA": [
      [
        45.599999999999994,
        185.10000000000005
      ],
      [
        45.599999999999994,
        185.10000000000005
      ],
      [
        45.599999999999994,
        185.10000000000005
      ],
      [
        45.599999999999994,
        185.10000000000005
      ],
      [
        45.599999999999994,
        185.10000000000005
      ],
      [
        45.599999999999994,
        185.10000000000005
      ],
      [
        45.599999999999994,
        185.10000000000005
      ],
      [
        45.599999999999994,
        185.10000000000005
      ],
      [
        45.599999999999994,
        185.10000000000005
      ],
      [
        45.599999999999994,
        185.10000000000005
      ]
    ]
  },
  "60": {
    "FIFO": [
      [
        75.3,
        213.4
      ],
      [
        75.3,
        213.4
      ],
      [
        75.3,
        213.4
      ],
      [
        75.3,
        213.4
      ],
      [
        75.3,
        213.4
      ],
      [
        75.3,
        213.4
      ],
      [
        75.3,
        213.4
      ],
      [
        75.3,
        213.4
      ],
      [
        75.3,
        213.4
      ],
      [
        75.3,
        213.4
      ]
    ],
    "LTP": [
      [
        47.89999999999999,
        181.70000000000002
      ],
      [
        47.89999999999999,
        181.70000000000002
      ],
      [
        47.89999999999999,
        181.70000000000002
      ],
      [
        47.89999999999999,
        181.70000000000002
      ],
      [
        47.89999999999999,
        181.70000000000002
      ],
      [
        47.89999999999999,
        181.70000000000002
      ],
      [
        47.89999999999999,
        181.70000000000002
      ],
      [
        47.89999999999999,
        181.70000000000002
      ],
      [
        47.89999999999999,
        181.70000000000002
      ],
      [
        47.89999999999999,
        181.70000000000002
      ]
    ],
    "STP": [
      [
        51.3,
        209.89999999999995
      ],
      [
        51.3,
        209.89999999999995
      ],
      [
        51.3,
        209.89999999999995
      ],
      [
        51.3,
        209.89999999999995
      ],
      [
        51.3,
        209.89999999999995
      ],
      [
        51.3,
        209.89999999999995
      ],
      [
        51.3,
        209.89999999999995
      ],
      [
        51.3,
        209.89999999999995
      ],
      [
        51.3,
        209.89999999999995
      ],
      [
        51.3,
        209.89999999999995
      ]
    ],