{
  "20": {
    "FIFO": [
      [
        225.4,
        323.29999999999995
      ],
      [
        225.4,
        323.29999999999995
      ],
      [
        208.5,
        332.4
      ],
      [
        225.4,
        323.29999999999995
      ],
      [
        208.5,
        332.4
      ],
      [
        208.9,
        324.09999999999997
      ],
      [
        210.5,
        323.79999999999995
      ],
      [
        208.5,
        332.4
      ],
      [
        208.5,
        332.4
      ],
      [
        225.4,
        323.29999999999995
      ]
    ],
    "LTP": [
      [
        89.69999999999999,
        327.7999999999999
      ],
      [
        89.69999999999999,
        327.7999999999999
      ],
      [
        78.4,
        336.69999999999993
      ],
      [
        89.69999999999999,
        327.7999999999999
      ],
      [
        89.69999999999999,
        327.7999999999999
      ]
    ],
    "STP": [
      [
        96.40000000000002,
        330.3
      ],
      [
        96.40000000000002,
        330.3
      ],
      [
        92.60000000000002,
        336.59999999999997
      ],
      [
        96.40000000000002,
        330.3
      ],
      [
        92.60000000000002,
        336.59999999999997
      ],
      [
        110.6,
        317.90000000000003
      ],
      [
        96.40000000000002,
        330.3
      ],
      [
        92.60000000000002,
        336.59999999999997
      ],
      [
        92.60000000000002,
        336.59999999999997
      ],
      [
        96.40000000000002,
        330.3
      ]
    ],
    "RRFIFO": [
      [
        90.90000000000002,
        303.90000000000015
      ]
    ],
    "RRLTP": [
      [
        85.30000000000001,
        321.8
      ],
      [
        85.30000000000001,
        321.8
      ],
      [
        91.0,
        297.50000000000006
      ],
      [
        85.30000000000001,
        321.8
      ],
      [
        85.30000000000001,
        321.8
      ],
      [
        86.10000000000002,
        304.50000000000006
      ]
    ],
    "RRECA": [
      [
        111.89999999999999,
        284.1
      ],
      [
        111.89999999999999,
        284.1
      ],
      [
        90.60000000000001,
        295.80000000000007
      ],
      [
        111.89999999999999,
        284.1
      ],
      [
        100.29999999999998,
        285.1000000000001
      ]
    ]
  },
  "40": {
    "FIFO": [
      [
        210.1,
        326.79999999999995
      ],
      [
        210.1,
        326.79999999999995
      ],
      [
        210.5,
        323.79999999999995
      ],
      [
        210.1,
        326.79999999999995
      ],
      [
        210.1,
        326.79999999999995
      ],
      [
        210.5,
        323.79999999999995
      ],
      [
        210.1,
        326.79999999999995
      ],
      [
        210.1,
        326.79999999999995
      ],
      [
        210.5,
        323.79999999999995
      ],
      [
        210.1,
        326.79999999999995
      ]
    ],
    "LTP": [
      [
        78.4,
        332.19999999999993
      ],
      [
        78.4,
        332.19999999999993
      ],
      [
        78.4,
        332.19999999999993
      ],
      [
        78.4,
        332.19999999999993
      ],
      [
        78.4,
        332.19999999999993
      ],
      [
        78.4,
        332.19999999999993
      ],
      [
        78.4,
        332.19999999999993
      ],
      [
        78.4,
        332.19999999999993
      ],
      [
        78.4,
        332.19999999999993
      ],
      [
        78.4,
        332.19999999999993
      ]
    ],
    "STP": [
      [
        93.30000000000003,
        335.1
      ],
      [
        93.30000000000003,
        335.1
      ],
      [
        93.30000000000003,
        335.1
      ],
      [
        93.30000000000003,
        335.1
      ],
      [
        93.30000000000003,
        335.1
      ],
      [
        93.30000000000003,
        335.1
      ],
      [
        93.30000000000003,
        335.1
      ],
      [
        93.30000000000003,
        335.1
      ],
      [
        93.30000000000003,
        335.1
      ],
      [
        93.30000000000003,
        335.1
      ]
    ],
    "RRFIFO": [
      [
        96.39999999999999,
        298.40000000000015
      ],
      [
        96.39999999999999,
        298.40000000000015
      ],
      [
        96.39999999999999,
        298.40000000000015
      ],
      [
        96.39999999999999,
        298.40000000000015
      ],
      [
        96.39999999999999,
        298.40000000000015
      ],
      [
        96.39999999999999,
        298.40000000000015
      ],
      [
        96.39999999999999,
        298.40000000000015
      ],
      [
        96.39999999999999,
        298.40000000000015
      ],
      [
        96.39999999999999,
        298.40000000000015
      ],
      [
        96.39999999999999,
        298.40000000000015
      ]
    ],
    "RRLTP": [
      [
        83.7,
        318.90000000000003
      ],
      [
        94.00000000000003,
        305.59999999999997
      ],
      [
        83.7,
        318.90000000000003
      ],
      [
        83.7,
        318.90000000000003
      ],
      [
        83.7,
        318.90000000000003
      ],
      [
        94.00000000000003,
        305.59999999999997
      ],
      [
        94.00000000000003,
        305.59999999999997
      ],
      [
        94.00000000000003,
        305.59999999999997
      ],
      [
        94.00000000000003,
        305.59999999999997
      ],
      [
        83.7,
        318.90000000000003
      ]
    ],
    "RRECA": [
      [
        90.60000000000001,
        295.80000000000007
      ],
      [
        100.29999999999998,
        291.20000000000005
      ],
      [
        91.1,
        295.70000000000005
      ],
      [
        108.59999999999998,
        291.1
      ],
      [
        108.59999999999998,
        291.1
      ],
      [
        90.60000000000001,
        295.80000000000007
      ],
      [
        99.8,
        291.30000000000007
      ],
      [
        100.29999999999998,
        291.20000000000005
      ],
      [
        99.8,
        291.30000000000007
      ],
      [
        108.59999999999998,
        291.1
      ]
    ]
  },
  "60": {
    "FIFO": [
      [
        210.1,
        326.79999999999995
      ],
      [
        210.1,
        326.79999999999995
      ],
      [
        210.1,
        326.79999999999995
      ],
      [
        210.1,
        326.79999999999995
      ],
      [
        210.1,
        326.79999999999995
      ],
      [
        210.1,
        326.79999999999995
      ],
      [
        210.1,
        326.79999999999995
      ],
      [
        210.1,
        326.79999999999995
      ],
      [
        210.1,
        326.79999999999995
      ],
      [
        210.1,
        326.79999999999995
      ]
    ],
    "LTP": [
      [
        78.4,
        332.19999999999993
      ],
      [
        78.4,
        332.19999999999993
      ],
      [
        78.4,
        332.19999999999993
      ],
      [
        78.4,
        332.19999999999993
      ],
      [
        78.4,
        332.19999999999993
      ],
      [
        78.4,
        332.19999999999993
      ],
      [
        78.4,
        332.19999999999993
      ],
      [
        78.4,
        332.19999999999993
      ],
      [
        78.4,
        332.19999999999993
      ],
      [
        78.4,
        332.19999999999993
      ]
    ],