{
  "20": {
    "FIFO": [
      [
        55.699999999999996,
        75.9
      ],
      [
        55.699999999999996,
        75.9
      ],
      [
        55.699999999999996,
        75.9
      ],
      [
        55.699999999999996,
        75.9
      ],
      [
        55.699999999999996,
        75.9
      ],
      [
        55.699999999999996,
        75.9
      ],
      [
        55.699999999999996,
        75.9
      ],
      [
        55.699999999999996,
        75.9
      ],
      [
        55.699999999999996,
        75.9
      ],
      [
        55.699999999999996,
        75.9
      ]
    ],
    "LTP": [
      [
        43.7,
        88.40000000000003
      ],
      [
        43.7,
        88.40000000000003
      ],
      [
        43.7,
        88.40000000000003
      ],
      [
        43.7,
        88.40000000000003
      ],
      [
        43.7,
        88.40000000000003
      ],
      [
        43.7,
        88.40000000000003
      ],
      [
        43.7,
        88.40000000000003
      ],
      [
        43.7,
        88.40000000000003
      ],
      [
        43.7,
        88.40000000000003
      ],
      [
        43.7,
        88.40000000000003
      ]
    ],
    "STP": [
      [
        44.10000000000001,
        71.3
      ],
      [
        39.300000000000004,
        73.2
      ],
      [
        44.10000000000001,
        71.3
      ],
      [
        39.300000000000004,
        73.2
      ],
      [
        44.10000000000001,
        71.3
      ],
      [
        39.300000000000004,
        73.2
      ],
      [
        39.300000000000004,
        73.2
      ],
      [
        44.10000000000001,
        71.3
      ],
      [
        39.300000000000004,
        73.2
      ],
      [
        44.10000000000001,
        71.3
      ]
    ],
    "RRFIFO": [
      [
        36.199999999999996,
        86.1
      ],
      [
        36.199999999999996,
        86.1
      ],
      [
        36.199999999999996,
        86.1
      ],
      [
        36.199999999999996,
        86.1
      ],
      [
        36.199999999999996,
        86.1
      ],
      [
        36.199999999999996,
        86.1
      ],
      [
        36.199999999999996,
        86.1
      ],
      [
        36.199999999999996,
        86.1
      ],
      [
        36.199999999999996,
        86.1
      ],
      [
        36.199999999999996,
        86.1
      ]
    ],
    "RRLTP": [
      [
        43.9,
        85.5
      ],
      [
        43.9,
        85.5
      ],
      [
        43.9,
        85.5
      ],
      [
        43.9,
        85.5
      ],
      [
        43.9,
        85.5
      ],
      [
        43.9,
        85.5
      ],
      [
        43.9,
        85.5
      ],
      [
        43.9,
        85.5
      ],
      [
        43.9,
        85.5
      ],
      [
        43.9,
        85.5
      ]
    ],
    "RRECA": [
      [
        34.4,
        104.50000000000001
      ],
      [
        35.099999999999994,
        102.90000000000002
      ],
      [
        34.4,
        104.50000000000001
      ],
      [
        35.099999999999994,
        102.90000000000002
      ],
      [
        35.099999999999994,
        102.90000000000002
      ],
      [
        35.099999999999994,
        102.90000000000002
      ],
      [
        34.4,
        104.50000000000001
      ],
      [
        34.4,
        104.50000000000001
      ],
      [
        34.4,
        104.50000000000001
      ],
      [
        34.4,
        104.50000000000001
      ]
    ]
  },
  "40": {
    "FIFO": [
      [
        55.699999999999996,
        75.9
      ],
      [
        55.699999999999996,
        75.9
      ],
      [
        55.699999999999996,
        75.9
      ],
      [
        55.699999999999996,
        75.9
      ],
      [
        55.699999999999996,
        75.9
      ],
      [
        55.699999999999996,
        75.9
      ],
      [
        55.699999999999996,
        75.9
      ],
      [
        55.699999999999996,
        75.9
      ],
      [
        55.699999999999996,
        75.9
      ],
      [
        55.699999999999996,
        75.9
      ]
    ],
    "LTP": [
      [
        43.7,
        88.40000000000003
      ],
      [
        43.7,
        88.40000000000003
      ],
      [
        43.7,
        88.40000000000003
      ],
      [
        43.7,
        88.40000000000003
      ],
      [
        43.7,
        88.40000000000003
      ],
      [
        43.7,
        88.40000000000003
      ],
      [
        43.7,
        88.40000000000003
      ],
      [
        43.7,
        88.40000000000003
      ],
      [
        43.7,
        88.40000000000003
      ],
      [
        43.7,
        88.40000000000003
      ]
    ],
    "STP": [
      [
        44.10000000000001,
        71.3
      ],
      [
        39.300000000000004,
        73.2
      ],
      [
        44.10000000000001,
        71.3
      ],
      [
        39.300000000000004,
        73.2
      ],
      [
        39.300000000000004,
        73.2
      ],
      [
        44.10000000000001,
        71.3
      ],
      [
        44.10000000000001,
        71.3
      ],
      [
        39.300000000000004,
        73.2
      ],
      [
        39.300000000000004,
        73.2
      ],
      [
        44.10000000000001,
        71.3
      ]
    ],
    "RRFIFO": [
      [
        36.199999999999996,
        86.1
      ],
      [
        36.199999999999996,
        86.1
      ],
      [
        36.199999999999996,
        86.1
      ],
      [
        36.199999999999996,
        86.1
      ],
      [
        36.199999999999996,
        86.1
      ],
      [
        36.199999999999996,
        86.1
      ],
      [
        36.199999999999996,
        86.1
      ],
      [
        36.199999999999996,
        86.1
      ],
      [
        36.199999999999996,
        86.1
      ],
      [
        36.199999999999996,
        86.1
      ]
    ],
    "RRLTP": [
      [
        43.9,
        85.5
      ],
      [
        43.9,
        85.5
      ],
      [
        43.9,
        85.5
      ],
      [
        43.9,
        85.5
      ],
      [
        43.9,
        85.5
      ],
      [
        43.9,
        85.5
      ],
      [
        43.9,
        85.5
      ],
      [
        43.9,
        85.5
      ],
      [
        43.9,
        85.5
      ],
      [
        43.9,
        85.5
      ]
    ],
    "RRECA": [
      [
        34.4,
        104.50000000000001
      ],
      [
        35.099999999999994,
        102.90000000000002
      ],
      [
        34.4,
        104.50000000000001
      ],
      [
        35.099999999999994,
        102.90000000000002
      ],
      [
        35.099999999999994,
        102.90000000000002
      ],
      [
        34.4,
        104.50000000000001
      ],
      [
        34.4,
        104.50000000000001
      ],
      [
        35.099999999999994,
        102.90000000000002
      ],
      [
        34.4,
        104.50000000000001
      ],
      [
        35.099999999999994,
        102.90000000000002
      ]
    ]
  },
  "60": {
    "FIFO": [
      [
        55.699999999999996,
        75.9
      ],
      [
        55.699999999999996,
        75.9
      ],
      [
        55.699999999999996,
        75.9
      ],
      [
        55.699999999999996,
        75.9
      ],
      [
        55.699999999999996,
        75.9
      ],
      [
        55.699999999999996,
        75.9
      ],
      [
        55.699999999999996,
        75.9
      ],
      [
        55.699999999999996,
        75.9
      ],
      [
        55.699999999999996,
        75.9
      ],
      [
        55.699999999999996,
        75.9
      ]
    ],