{
  "20": {
    "FIFO": [
      [
        63.80000000000001,
        193.20000000000007
      ],
      [
        62.400000000000006,
        198.00000000000006
      ],
      [
        63.80000000000001,
        193.20000000000007
      ],
      [
        62.400000000000006,
        198.00000000000006
      ],
      [
        62.900000000000006,
        196.60000000000005
      ],
      [
        63.30000000000001,
        194.60000000000008
      ],
      [
        63.80000000000001,
        193.20000000000007
      ],
      [
        63.30000000000001,
        194.60000000000008
      ],
      [
        62.900000000000006,
        196.60000000000005
      ],
      [
        62.900000000000006,
        196.60000000000005
      ]
    ],
    "LTP": [
      [
        49.29999999999999,
        202.4
      ],
      [
        49.29999999999999,
        202.4
      ],
      [
        49.29999999999999,
        202.4
      ],
      [
        49.29999999999999,
        202.4
      ],
      [
        49.29999999999999,
        202.4
      ],
      [
        49.29999999999999,
        202.4
      ],
      [
        49.29999999999999,
        202.4
      ],
      [
        49.29999999999999,
        202.4
      ],
      [
        49.29999999999999,
        202.4
      ],
      [
        49.29999999999999,
        202.4
      ]
    ],
    "STP": [
      [
        49.099999999999994,
        192.2
      ],
      [
        49.099999999999994,
        192.2
      ],
      [
        49.099999999999994,
        192.2
      ],
      [
        49.099999999999994,
        192.2
      ],
      [
        49.099999999999994,
        192.2
      ],
      [
        49.099999999999994,
        192.2
      ],
      [
        49.099999999999994,
        192.2
      ],
      [
        49.099999999999994,
        192.2
      ],
      [
        49.099999999999994,
        192.2
      ],
      [
        49.099999999999994,
        192.2
      ]
    ],
    "RRFIFO": [
      [
        49.9,
        215.60000000000005
      ],
      [
        49.9,
        215.60000000000005
      ],
      [
        49.9,
        215.60000000000005
      ],
      [
        49.9,
        215.60000000000005
      ],
      [
        49.9,
        215.60000000000005
      ],
      [
        49.9,
        215.60000000000005
      ],
      [
        49.9,
        215.60000000000005
      ],
      [
        49.9,
        215.60000000000005
      ],
      [
        49.9,
        215.60000000000005
      ],
      [
        49.9,
        215.60000000000005
      ]
    ],
    "RRLTP": [
      [
        56.3,
        203.59999999999997
      ],
      [
        56.3,
        203.59999999999997
      ],
      [
        56.3,
        203.59999999999997
      ],
      [
        56.3,
        203.59999999999997
      ],
      [
        56.3,
        203.59999999999997
      ],
      [
        56.3,
        203.59999999999997
      ],
      [
        56.3,
        203.59999999999997
      ],
      [
        56.3,
        203.59999999999997
      ],
      [
        56.3,
        203.59999999999997
      ],
      [
        56.3,
        203.59999999999997
      ]
    ],
    "RRECA": [
      [
        45.800000000000004,
        201.7
      ],
      [
        45.800000000000004,
        201.7
      ],
      [
        45.800000000000004,
        201.7
      ],
      [
        45.800000000000004,
        201.7
      ],
      [
        45.800000000000004,
        201.7
      ],
      [
        45.800000000000004,
        201.7
      ],
      [
        45.800000000000004,
        201.7
      ],
      [
        45.800000000000004,
        201.7
      ],
      [
        45.800000000000004,
        201.7
      ],
      [
        45.800000000000004,
        201.7
      ]
    ]
  },
  "40": {
    "FIFO": [
      [
        63.80000000000001,
        193.20000000000007
      ],
      [
        62.400000000000006,
        198.00000000000006
      ],
      [
        63.80000000000001,
        193.20000000000007
      ],
      [
        62.400000000000006,
        198.00000000000006
      ],
      [
        63.30000000000001,
        194.60000000000008
      ],
      [
        62.900000000000006,
        196.60000000000005
      ],
      [
        62.900000000000006,
        196.60000000000005
      ],
      [
        63.80000000000001,
        193.20000000000007
      ],
      [
        62.400000000000006,
        198.00000000000006
      ],
      [
        63.30000000000001,
        194.60000000000008
      ]
    ],
    "LTP": [
      [
        49.29999999999999,
        202.4
      ],
      [
        49.29999999999999,
        202.4
      ],
      [
        49.29999999999999,
        202.4
      ],
      [
        49.29999999999999,
        202.4
      ],
      [
        49.29999999999999,
        202.4
      ],
      [
        49.29999999999999,
        202.4
      ],
      [
        49.29999999999999,
        202.4
      ],
      [
        49.29999999999999,
        202.4
      ],
      [
        49.29999999999999,
        202.4
      ],
      [
        49.29999999999999,
        202.4
      ]
    ],
    "STP": [
      [
        49.099999999999994,
        192.2
      ],
      [
        49.099999999999994,
        192.2
      ],
      [
        49.099999999999994,
        192.2
      ],
      [
        49.099999999999994,
        192.2
      ],
      [
        49.099999999999994,
        192.2
      ],
      [
        49.099999999999994,
        192.2
      ],
      [
        49.099999999999994,
        192.2
      ],
      [
        49.099999999999994,
        192.2
      ],
      [
        49.099999999999994,
        192.2
      ],
      [
        49.099999999999994,
        192.2
      ]
    ],
    "RRFIFO": [
      [
        49.9,
        215.60000000000005
      ],
      [
        49.9,
        215.60000000000005
      ],
      [
        49.9,
        215.60000000000005
      ],
      [
        49.9,
        215.60000000000005
      ],
      [
        49.9,
        215.60000000000005
      ],
      [
        49.9,
        215.60000000000005
      ],
      [
        49.9,
        215.60000000000005
      ],
      [
        49.9,
        215.60000000000005
      ],
      [
        49.9,
        215.60000000000005
      ],
      [
        49.9,
        215.60000000000005
      ]
    ],
    "RRLTP": [
      [
        56.3,
        203.59999999999997
      ],
      [
        56.3,
        203.59999999999997
      ],
      [
        56.3,
        203.59999999999997
      ],
      [
        56.3,
        203.59999999999997
      ],
      [
        56.3,
        203.59999999999997
      ],
      [
        56.3,
        203.59999999999997
      ],
      [
        56.3,
        203.59999999999997
      ],
      [
        56.3,
        203.59999999999997
      ],
      [
        56.3,
        203.59999999999997
      ],
      [
        56.3,
        203.59999999999997
      ]
    ],
    "RRECA": [
      [
        45.800000000000004,
        201.7
      ],
      [
        45.800000000000004,
        201.7
      ],
      [
        45.800000000000004,
        201.7
      ],
      [
        45.800000000000004,
        201.7
      ],
      [
        45.800000000000004,
        201.7
      ],
      [
        45.800000000000004,
        201.7
      ],
      [
        45.800000000000004,
        201.7
      ],
      [
        45.800000000000004,
        201.7
      ],
      [
        45.800000000000004,
        201.7
      ],
      [
        45.800000000000004,
        201.7
      ]
    ]
  },