{
  "20": {
    "FIFO": [
      [
        60.70000000000001,
        105.39999999999999
      ],
      [
        60.70000000000001,
        105.39999999999999
      ],
      [
        60.70000000000001,
        105.39999999999999
      ],
      [
        60.70000000000001,
        105.39999999999999
      ],
      [
        60.70000000000001,
        105.39999999999999
      ],
      [
        60.70000000000001,
        105.39999999999999
      ],
      [
        60.70000000000001,
        105.39999999999999
      ],
      [
        60.70000000000001,
        105.39999999999999
      ],
      [
        60.70000000000001,
        105.39999999999999
      ],
      [
        60.70000000000001,
        105.39999999999999
      ]
    ],
    "LTP": [
      [
        39.4,
        102.79999999999998
      ],
      [
        39.4,
        102.79999999999998
      ],
      [
        39.4,
        102.79999999999998
      ],
      [
        39.4,
        102.79999999999998
      ],
      [
        39.4,
        102.79999999999998
      ],
      [
        39.4,
        102.79999999999998
      ],
      [
        39.4,
        102.79999999999998
      ],
      [
        39.4,
        102.79999999999998
      ],
      [
        39.4,
        102.79999999999998
      ],
      [
        39.4,
        102.79999999999998
      ]
    ],
    "STP": [
      [
        30.5,
        84.9
      ],
      [
        30.5,
        84.9
      ],
      [
        30.5,
        84.9
      ],
      [
        30.5,
        84.9
      ],
      [
        30.5,
        84.9
      ],
      [
        30.5,
        84.9
      ],
      [
        30.5,
        84.9
      ],
      [
        30.5,
        84.9
      ],
      [
        30.5,
        84.9
      ],
      [
        30.5,
        84.9
      ]
    ],
    "RRFIFO": [
      [
        30.999999999999996,
        88.79999999999998
      ],
      [
        30.999999999999996,
        88.79999999999998
      ],
      [
        30.999999999999996,
        88.79999999999998
      ],
      [
        30.999999999999996,
        88.79999999999998
      ],
      [
        30.999999999999996,
        88.79999999999998
      ],
      [
        30.999999999999996,
        88.79999999999998
      ],
      [
        30.999999999999996,
        88.79999999999998
      ],
      [
        30.999999999999996,
        88.79999999999998
      ],
      [
        30.999999999999996,
        88.79999999999998
      ],
      [
        30.999999999999996,
        88.79999999999998
      ]
    ],
    "RRLTP": [
      [
        37.300000000000004,
        82.89999999999999
      ],
      [
        33.7,
        88.89999999999999
      ],
      [
        37.300000000000004,
        82.89999999999999
      ],
      [
        33.7,
        88.89999999999999
      ],
      [
        33.7,
        88.89999999999999
      ],
      [
        33.7,
        88.89999999999999
      ],
      [
        37.300000000000004,
        82.89999999999999
      ],
      [
        33.7,
        88.89999999999999
      ],
      [
        37.300000000000004,
        82.89999999999999
      ],
      [
        33.7,
        88.89999999999999
      ]
    ],
    "RRECA": [
      [
        52.49999999999999,
        101.00000000000003
      ],
      [
        47.7,
        102.00000000000003
      ],
      [
        52.49999999999999,
        101.00000000000003
      ],
      [
        47.7,
        102.00000000000003
      ],
      [
        47.7,
        102.00000000000003
      ],
      [
        47.7,
        102.00000000000003
      ],
      [
        47.7,
        102.00000000000003
      ],
      [
        52.49999999999999,
        101.00000000000003
      ],
      [
        47.7,
        102.00000000000003
      ],
      [
        52.49999999999999,
        101.00000000000003
      ]
    ]
  },
  "40": {
    "FIFO": [
      [
        60.70000000000001,
        105.39999999999999
      ],
      [
        60.70000000000001,
        105.39999999999999
      ],
      [
        60.70000000000001,
        105.39999999999999
      ],
      [
        60.70000000000001,
        105.39999999999999
      ],
      [
        60.70000000000001,
        105.39999999999999
      ],
      [
        60.70000000000001,
        105.39999999999999
      ],
      [
        60.70000000000001,
        105.39999999999999
      ],
      [
        60.70000000000001,
        105.39999999999999
      ],
      [
        60.70000000000001,
        105.39999999999999
      ],
      [
        60.70000000000001,
        105.39999999999999
      ]
    ],
    "LTP": [
      [
        39.4,
        102.79999999999998
      ],
      [
        39.4,
        102.79999999999998
      ],
      [
        39.4,
        102.79999999999998
      ],
      [
        39.4,
        102.79999999999998
      ],
      [
        39.4,
        102.79999999999998
      ],
      [
        39.4,
        102.79999999999998
      ],
      [
        39.4,
        102.79999999999998
      ],
      [
        39.4,
        102.79999999999998
      ],
      [
        39.4,
        102.79999999999998
      ],
      [
        39.4,
        102.79999999999998
      ]
    ],
    "STP": [
      [
        30.5,
        84.9
      ],
      [
        30.5,
        84.9
      ],
      [
        30.5,
        84.9
      ],
      [
        30.5,
        84.9
      ],
      [
        30.5,
        84.9
      ],
      [
        30.5,
        84.9
      ],
      [
        30.5,
        84.9
      ],
      [
        30.5,
        84.9
      ],
      [
        30.5,
        84.9
      ],
      [
        30.5,
        84.9
      ]
    ],
    "RRFIFO": [
      [
        30.999999999999996,
        88.79999999999998
      ],
      [
        30.999999999999996,
        88.79999999999998
      ],
      [
        30.999999999999996,
        88.79999999999998
      ],
      [
        30.999999999999996,
        88.79999999999998
      ],
      [
        30.999999999999996,
        88.79999999999998
      ],
      [
        30.999999999999996,
        88.79999999999998
      ],
      [
        30.999999999999996,
        88.79999999999998
      ],
      [
        30.999999999999996,
        88.79999999999998
      ],
      [
        30.999999999999996,
        88.79999999999998
      ],
      [
        30.999999999999996,
        88.79999999999998
      ]
    ],
    "RRLTP": [
      [
        37.300000000000004,
        82.89999999999999
      ],
      [
        33.7,
        88.89999999999999
      ],
      [
        37.300000000000004,
        82.89999999999999
      ],
      [
        33.7,
        88.89999999999999
      ],
      [
        37.300000000000004,
        82.89999999999999
      ],
      [
        33.7,
        88.89999999999999
      ],
      [
        37.300000000000004,
        82.89999999999999
      ],
      [
        33.7,
        88.89999999999999
      ],
      [
        33.7,
        88.89999999999999
      ],
      [
        33.7,
        88.89999999999999
      ]
    ],
    "RRECA": [
      [
        52.49999999999999,
        101.00000000000003
      ],
      [
        47.7,
        102.00000000000003
      ],
      [
        52.49999999999999,
        101.00000000000003
      ],
      [
        47.7,
        102.00000000000003
      ],
      [
        52.49999999999999,
        101.00000000000003
      ],
      [
        52.49999999999999,
        101.00000000000003
      ],
      [
        52.49999999999999,
        101.00000000000003
      ],
      [
        47.7,
        102.00000000000003
      ],
      [
        47.7,
        102.00000000000003
      ],
      [
        47.7,
        102.00000000000003
      ]
    ]
  },