{
  "20": {
    "FIFO": [
      [
        223.10000000000002,
        306.2999999999999
      ],
      [
        224.89999999999998,
        305.7
      ],
      [
        243.59999999999994,
        293.9
      ],
      [
        251.09999999999997,
        291.9
      ],
      [
        202.1,
        330.4
      ],
      [
        207.59999999999994,
        327.19999999999993
      ]
    ],
    "LTP": [
      [
        86.50000000000003,
        313.2
      ],
      [
        83.60000000000002,
        332.2
      ],
      [
        94.39999999999999,
        312.49999999999994
      ],
      [
        86.50000000000003,
        313.2
      ],
      [
        94.79999999999998,
        309.0
      ],
      [
        105.39999999999999,
        296.2
      ],
      [
        85.70000000000003,
        321.2
      ]
    ],
    "STP": [
      [
        100.3,
        273.59999999999985
      ],
      [
        99.69999999999999,
        279.5999999999999
      ],
      [
        89.30000000000001,
        282.59999999999985
      ]
    ],
    "RRFIFO": [
      [
        154.3,
        272.3
      ],
      [
        155.8,
        253.70000000000002
      ],
      [
        138.00000000000003,
        293.4
      ],
      [
        150.60000000000002,
        287.7
      ]
    ],
    "RRLTP": [
      [
        83.2,
        328.30000000000007
      ],
      [
        86.4,
        321.6000000000001
      ],
      [
        82.1,
        333.0000000000001
      ],
      [
        85.3,
        327.40000000000003
      ]
    ],
    "RRECA": [
      [
        127.3,
        273.69999999999993
      ],
      [
        139.1,
        266.7999999999999
      ],
      [
        127.3,
        273.69999999999993
      ],
      [
        107.59999999999998,
        284.69999999999993
      ],
      [
        112.79999999999998,
        282.7
      ],
      [
        96.5,
        311.8
      ]
    ]
  },
  "40": {
    "FIFO": [
      [
        216.0999999999999,
        312.2
      ],
      [
        237.89999999999992,
        295.7
      ],
      [
        216.0999999999999,
        312.2
      ],
      [
        222.5999999999999,
        304.59999999999997
      ],
      [
        237.89999999999992,
        295.7
      ],
      [
        222.5999999999999,
        304.59999999999997
      ],
      [
        222.5999999999999,
        304.59999999999997
      ],
      [
        237.89999999999992,
        295.7
      ],
      [
        209.89999999999992,
        319.59999999999997
      ],
      [
        237.89999999999992,
        295.7
      ]
    ],
    "LTP": [
      [
        86.50000000000003,
        311.5
      ],
      [
        86.50000000000003,
        311.5
      ],
      [
        86.50000000000003,
        311.5
      ]
    ],
    "STP": [
      [
        98.8,
        280.69999999999993
      ],
      [
        98.8,
        280.69999999999993
      ],
      [
        98.8,
        280.69999999999993
      ],
      [
        100.3,
        278.7999999999999
      ],
      [
        98.8,
        280.69999999999993
      ],
      [
        100.3,
        278.7999999999999
      ],
      [
        100.3,
        278.7999999999999
      ],
      [
        98.8,
        280.69999999999993
      ],
      [
        98.8,
        280.69999999999993
      ],
      [
        98.8,
        280.69999999999993
      ]
    ],
    "RRFIFO": [
      [
        152.4,
        262.2
      ],
      [
        154.9,
        257.20000000000005
      ],
      [
        130.70000000000002,
        264.6000000000001
      ],
      [
        154.9,
        257.20000000000005
      ],
      [
        154.9,
        257.20000000000005
      ]
    ],
    "RRLTP": [
      [
        84.39999999999999,
        317.5000000000001
      ],
      [
        84.39999999999999,
        317.5000000000001
      ],
      [
        103.00000000000001,
        317.1000000000001
      ],
      [
        83.29999999999998,
        318.70000000000005
      ]
    ],
    "RRECA": [
      [
        109.59999999999998,
        274.7
      ],
      [
        102.1,
        281.09999999999997
      ],
      [
        109.59999999999998,
        274.7
      ],
      [
        102.1,
        281.09999999999997
      ],
      [
        116.19999999999999,
        269.7999999999999
      ],
      [
        111.19999999999999,
        271.09999999999997
      ],
      [
        102.1,
        281.09999999999997
      ]
    ]
  },
  "60": {
    "FIFO": [
      [
        222.5999999999999,
        304.59999999999997
      ],
      [
        222.5999999999999,
        304.59999999999997
      ],
      [
        222.5999999999999,
        304.59999999999997
      ],
      [
        222.5999999999999,
        304.59999999999997
      ],
      [
        222.5999999999999,
        304.59999999999997
      ],
      [
        222.5999999999999,
        304.59999999999997
      ],
      [
        222.5999999999999,
        304.59999999999997
      ],
      [
        222.5999999999999,
        304.59999999999997
      ],
      [
        222.5999999999999,
        304.59999999999997
      ],
      [
        222.5999999999999,
        304.59999999999997
      ]
    ],
    "LTP": [
      [
        86.50000000000003,
        311.5
      ],
      [
        86.50000000000003,
        311.5
      ],
      [
        86.50000000000003,
        311.5
      ],
      [
        86.50000000000003,
        311.5
      ],
      [
        86.50000000000003,
        311.5
      ],
      [
        86.50000000000003,
        311.5
      ],
      [
        86.50000000000003,
        311.5
      ],
      [
        86.50000000000003,
        311.5
      ],
      [
        86.50000000000003,
        311.5
      ],
      [
        86.50000000000003,
        311.5
      ]
    ],
    "STP": [
      [
        98.8,
        280.19999999999993
      ],
      [
        98.8,
        280.19999999999993
      ],
      [
        98.8,
        280.19999999999993
      ],
      [
        98.8,
        280.19999999999993
      ],
      [
        98.8,
        280.19999999999993
      ],
      [
        98.8,
        280.19999999999993
      ],
      [
        98.8,
        280.19999999999993
      ],
      [
        98.8,
        280.19999999999993
      ],
      [
        98.8,
        280.19999999999993
      ],
      [
        98.8,
        280.19999999999993
      ]
    ],
    "RRFIFO": [
      [
        111.30000000000001,
        303.00000000000006
      ],
      [
        103.0,
        314.1000000000001
      ],
      [
        132.4,
        272.8
      ],
      [
        146.10000000000002,
        258.30000000000007
      ],
      [
        146.10000000000002,
        258.30000000000007
      ],
      [
        146.10000000000002,
        258.30000000000007
      ],
      [
        126.30000000000001,
        282.5000000000001
      ]
    ],
    "RRLTP": [
      [
        102.19999999999999,
        264.0
      ],
      [
        86.4,
        310.30000000000007
      ],
      [
        87.90000000000002,
        280.30000000000007
      ]
    ],
    "RRECA": [
      [
        109.59999999999998,
        274.7
      ],
      [
        109.59999999999998,
        274.7
      ],
      [
        109.59999999999998,
        274.7
      ],
      [
        109.59999999999998,
        274.7
      ],
      [
        109.59999999999998,
        274.7
      ],
      [
        109.59999999999998,
        274.7
      ],
      [
        109.59999999999998,
        274.7
      ],
      [
        109.59999999999998,
        274.7
      ],
      [
        109.59999999999998,
        274.7
      ],
      [
        109.59999999999998,
        274.7
      ]
    ]
  },