{
  "20": {
    "FIFO": [
      [
        91.10000000000001,
        215.60000000000002
      ],
      [
        94.30000000000001,
        213.90000000000003
      ]
    ],
    "LTP": [
      [
        45.399999999999984,
        199.2
      ],
      [
        42.899999999999984,
        201.70000000000002
      ]
    ],
    "STP": [
      [
        44.6,
        201.99999999999994
      ],
      [
        44.6,
        201.99999999999994
      ],
      [
        44.6,
        201.99999999999994
      ],
      [
        44.6,
        201.99999999999994
      ],
      [
        44.6,
        201.99999999999994
      ],
      [
        44.6,
        201.99999999999994
      ],
      [
        44.6,
        201.99999999999994
      ],
      [
        44.6,
        201.99999999999994
      ]
    ],
    "RRFIFO": [
      [
        50.5,
        205.69999999999996
      ],
      [
        46.50000000000001,
        210.79999999999995
      ]
    ],
    "RRLTP": [
      [
        55.7,
        180.4
      ],
      [
        53.5,
        189.5
      ],
      [
        53.5,
        189.5
      ]
    ],
    "RRECA": [
      [
        50.400000000000006,
        184.49999999999994
      ],
      [
        50.400000000000006,
        184.49999999999994
      ],
      [
        50.400000000000006,
        184.49999999999994
      ],
      [
        50.400000000000006,
        184.49999999999994
      ],
      [
        50.400000000000006,
        184.49999999999994
      ],
      [
        49.099999999999994,
        184.59999999999994
      ],
      [
        50.400000000000006,
        184.49999999999994
      ]
    ]
  },
  "40": {
    "FIFO": [
      [
        99.0,
        211.80000000000004
      ],
      [
        99.0,
        211.80000000000004
      ],
      [
        99.0,
        211.80000000000004
      ],
      [
        99.0,
        211.80000000000004
      ],
      [
        99.0,
        211.80000000000004
      ],
      [
        99.0,
        211.80000000000004
      ],
      [
        99.0,
        211.80000000000004
      ],
      [
        99.0,
        211.80000000000004
      ],
      [
        99.0,
        211.80000000000004
      ],
      [
        99.0,
        211.80000000000004
      ]
    ],
    "LTP": [
      [
        45.399999999999984,
        204.8
      ],
      [
        45.399999999999984,
        204.8
      ],
      [
        45.399999999999984,
        204.8
      ],
      [
        45.399999999999984,
        204.8
      ],
      [
        45.399999999999984,
        204.8
      ],
      [
        45.399999999999984,
        204.8
      ],
      [
        45.399999999999984,
        204.8
      ],
      [
        45.399999999999984,
        204.8
      ],
      [
        45.399999999999984,
        204.8
      ],
      [
        45.399999999999984,
        204.8
      ]
    ],
    "STP": [
      [
        44.6,
        201.99999999999994
      ],
      [
        44.6,
        201.99999999999994
      ],
      [
        44.6,
        201.99999999999994
      ],
      [
        44.6,
        201.99999999999994
      ],
      [
        44.6,
        201.99999999999994
      ],
      [
        44.6,
        201.99999999999994
      ],
      [
        44.6,
        201.99999999999994
      ],
      [
        44.6,
        201.99999999999994
      ],
      [
        44.6,
        201.99999999999994
      ],
      [
        44.6,
        201.99999999999994
      ]
    ],
    "RRFIFO": [
      [
        50.5,
        204.89999999999998
      ],
      [
        50.5,
        204.89999999999998
      ],
      [
        50.5,
        204.89999999999998
      ],
      [
        50.5,
        204.89999999999998
      ],
      [
        50.5,
        204.89999999999998
      ],
      [
        50.5,
        204.89999999999998
      ],
      [
        50.5,
        204.89999999999998
      ],
      [
        50.5,
        204.89999999999998
      ],
      [
        50.5,
        204.89999999999998
      ],
      [
        50.5,
        204.89999999999998
      ]
    ],
    "RRLTP": [
      [
        61.2,
        184.70000000000002
      ],
      [
        61.2,
        184.70000000000002
      ],
      [
        61.2,
        184.70000000000002
      ],
      [
        61.2,
        184.70000000000002
      ],
      [
        61.2,
        184.70000000000002
      ],
      [
        61.2,
        184.70000000000002
      ],
      [
        61.2,
        184.70000000000002
      ],
      [
        61.2,
        184.70000000000002
      ],
      [
        61.2,
        184.70000000000002
      ],
      [
        61.2,
        184.70000000000002
      ]
    ],
    "RRECA": [
      [
        49.099999999999994,
        181.59999999999997
      ],
      [
        49.099999999999994,
        181.59999999999997
      ],
      [
        49.099999999999994,
        181.59999999999997
      ],
      [
        49.099999999999994,
        181.59999999999997
      ],
      [
        49.099999999999994,
        181.59999999999997
      ],
      [
        49.099999999999994,
        181.59999999999997
      ],
      [
        49.099999999999994,
        181.59999999999997
      ],
      [
        49.099999999999994,
        181.59999999999997
      ],
      [
        49.099999999999994,
        181.59999999999997
      ],
      [
        49.099999999999994,
        181.59999999999997
      ]
    ]
  },
  "60": {
    "FIFO": [
      [
        99.0,
        211.80000000000004
      ],
      [
        99.0,
        211.80000000000004
      ],
      [
        99.0,
        211.80000000000004
      ],
      [
        99.0,
        211.80000000000004
      ],
      [
        99.0,
        211.80000000000004
      ],
      [
        99.0,
        211.80000000000004
      ],
      [
        99.0,
        211.80000000000004
      ],
      [
        99.0,
        211.80000000000004
      ],
      [
        99.0,
        211.80000000000004
      ],
      [
        99.0,
        211.80000000000004
      ]
    ],
    "LTP": [
      [
        45.399999999999984,
        204.8
      ],
      [
        45.399999999999984,
        204.8
      ],
      [
        45.399999999999984,
        204.8
      ],
      [
        45.399999999999984,
        204.8
      ],
      [
        45.399999999999984,
        204.8
      ],
      [
        45.399999999999984,
        204.8
      ],
      [
        45.399999999999984,
        204.8
      ],
      [
        45.399999999999984,
        204.8
      ],
      [
        45.399999999999984,
        204.8
      ],
      [
        45.399999999999984,
        204.8
      ]
    ],
    "STP": [
      [
        44.6,
        201.99999999999994
      ],
      [
        44.6,
        201.99999999999994
      ],
      [
        44.6,
        201.99999999999994
      ],
      [
        44.6,
        201.99999999999994
      ],
      [
        44.6,
        201.99999999999994
      ],
      [
        44.6,
        201.99999999999994
      ],
      [
        44.6,
        201.99999999999994
      ],
      [
        44.6,
        201.99999999999994
      ],
      [
        44.6,
        201.99999999999994
      ],
      [
        44.6,
        201.99999999999994
      ]
    ],
    "RRFIFO": [
      [
        50.5,
        204.89999999999998
      ],
      [
        50.5,
        204.89999999999998
      ],
      [
        50.5,
        204.89999999999998
      ],
      [
        50.5,
        204.89999999999998
      ],
      [
        50.5,
        204.89999999999998
      ],
      [
        50.5,
        204.89999999999998
      ],
      [
        50.5,
        204.89999999999998
      ],
      [
        50.5,
        204.89999999999998
      ],
      [
        50.5,
        204.89999999999998
      ],
      [
        50.5,
        204.89999999999998
      ]
    ],