{
  "20": {
    "FIFO": [
      [
        120.69999999999999,
        189.89999999999998
      ],
      [
        120.69999999999999,
        189.89999999999998
      ],
      [
        120.69999999999999,
        189.89999999999998
      ],
      [
        120.69999999999999,
        189.89999999999998
      ],
      [
        120.69999999999999,
        189.89999999999998
      ],
      [
        120.69999999999999,
        189.89999999999998
      ]
    ],
    "LTP": [
      [
        45.3,
        204.80000000000004
      ],
      [
        46.199999999999996,
        200.90000000000003
      ],
      [
        46.199999999999996,
        200.90000000000003
      ],
      [
        54.9,
        199.10000000000002
      ]
    ],
    "STP": [
      [
        52.10000000000001,
        227.79999999999995
      ],
      [
        48.7,
        234.29999999999995
      ],
      [
        54.099999999999994,
        207.2
      ],
      [
        55.300000000000004,
        206.9
      ]
    ],
    "RRFIFO": [
      [
        50.300000000000004,
        197.99999999999997
      ],
      [
        50.300000000000004,
        197.99999999999997
      ],
      [
        50.300000000000004,
        197.99999999999997
      ],
      [
        50.300000000000004,
        197.99999999999997
      ]
    ],
    "RRLTP": [
      [
        47.00000000000001,
        188.29999999999998
      ],
      [
        47.00000000000001,
        188.29999999999998
      ],
      [
        47.00000000000001,
        188.29999999999998
      ],
      [
        47.00000000000001,
        188.29999999999998
      ],
      [
        47.00000000000001,
        188.29999999999998
      ],
      [
        47.00000000000001,
        188.29999999999998
      ],
      [
        47.00000000000001,
        188.29999999999998
      ],
      [
        57.50000000000001,
        188.09999999999997
      ]
    ],
    "RRECA": [
      [
        43.7,
        194.8
      ],
      [
        47.9,
        192.7
      ],
      [
        49.599999999999994,
        190.29999999999998
      ],
      [
        50.00000000000001,
        186.70000000000002
      ]
    ]
  },
  "40": {
    "FIFO": [
      [
        120.69999999999999,
        189.89999999999998
      ],
      [
        120.69999999999999,
        189.89999999999998
      ],
      [
        120.69999999999999,
        189.89999999999998
      ],
      [
        120.69999999999999,
        189.89999999999998
      ],
      [
        120.69999999999999,
        189.89999999999998
      ],
      [
        120.69999999999999,
        189.89999999999998
      ],
      [
        120.69999999999999,
        189.89999999999998
      ],
      [
        120.69999999999999,
        189.89999999999998
      ],
      [
        120.69999999999999,
        189.89999999999998
      ],
      [
        120.69999999999999,
        189.89999999999998
      ]
    ],
    "LTP": [
      [
        46.199999999999996,
        198.70000000000002
      ],
      [
        46.199999999999996,
        198.70000000000002
      ],
      [
        46.199999999999996,
        198.70000000000002
      ],
      [
        46.199999999999996,
        198.70000000000002
      ],
      [
        46.199999999999996,
        198.70000000000002
      ],
      [
        46.199999999999996,
        198.70000000000002
      ],
      [
        46.199999999999996,
        198.70000000000002
      ],
      [
        46.199999999999996,
        198.70000000000002
      ],
      [
        46.199999999999996,
        198.70000000000002
      ],
      [
        46.199999999999996,
        198.70000000000002
      ]
    ],
    "STP": [
      [
        50.599999999999994,
        206.29999999999995
      ],
      [
        50.599999999999994,
        206.29999999999995
      ],
      [
        50.599999999999994,
        206.29999999999995
      ],
      [
        50.599999999999994,
        206.29999999999995
      ],
      [
        50.599999999999994,
        206.29999999999995
      ],
      [
        50.599999999999994,
        206.29999999999995
      ],
      [
        50.599999999999994,
        206.29999999999995
      ],
      [
        50.599999999999994,
        206.29999999999995
      ],
      [
        50.599999999999994,
        206.29999999999995
      ],
      [
        50.599999999999994,
        206.29999999999995
      ]
    ],
    "RRFIFO": [
      [
        50.300000000000004,
        197.99999999999997
      ],
      [
        50.300000000000004,
        197.99999999999997
      ],
      [
        50.300000000000004,
        197.99999999999997
      ],
      [
        50.300000000000004,
        197.99999999999997
      ],
      [
        50.300000000000004,
        197.99999999999997
      ],
      [
        50.300000000000004,
        197.99999999999997
      ],
      [
        50.300000000000004,
        197.99999999999997
      ],
      [
        50.300000000000004,
        197.99999999999997
      ],
      [
        50.300000000000004,
        197.99999999999997
      ],
      [
        50.300000000000004,
        197.99999999999997
      ]
    ],
    "RRLTP": [
      [
        47.00000000000001,
        188.29999999999998
      ],
      [
        47.00000000000001,
        188.29999999999998
      ],
      [
        47.00000000000001,
        188.29999999999998
      ],
      [
        47.00000000000001,
        188.29999999999998
      ],
      [
        47.00000000000001,
        188.29999999999998
      ],
      [
        47.00000000000001,
        188.29999999999998
      ],
      [
        47.00000000000001,
        188.29999999999998
      ],
      [
        47.00000000000001,
        188.29999999999998
      ],
      [
        47.00000000000001,
        188.29999999999998
      ],
      [
        47.00000000000001,
        188.29999999999998
      ]
    ],
    "RRECA": [
      [
        38.6,
        161.8
      ],
      [
        38.6,
        161.8
      ],
      [
        38.6,
        161.8
      ],
      [
        38.6,
        161.8
      ],
      [
        38.6,
        161.8
      ],
      [
        38.6,
        161.8
      ],
      [
        38.6,
        161.8
      ],
      [
        38.6,
        161.8
      ],
      [
        38.6,
        161.8
      ],
      [
        38.6,
        161.8
      ]
    ]
  },
  "60": {
    "FIFO": [
      [
        120.69999999999999,
        189.89999999999998
      ],
      [
        120.69999999999999,
        189.89999999999998
      ],
      [
        120.69999999999999,
        189.89999999999998
      ],
      [
        120.69999999999999,
        189.89999999999998
      ],
      [
        120.69999999999999,
        189.89999999999998
      ],
      [
        120.69999999999999,
        189.89999999999998
      ],
      [
        120.69999999999999,
        189.89999999999998
      ],
      [
        120.69999999999999,
        189.89999999999998
      ],
      [
        120.69999999999999,
        189.89999999999998
      ],
      [
        120.69999999999999,
        189.89999999999998
      ]
    ],
    "LTP": [
      [
        46.199999999999996,
        198.70000000000002
      ],
      [
        46.199999999999996,
        198.70000000000002
      ],
      [
        46.199999999999996,
        198.70000000000002
      ],
      [
        46.199999999999996,
        198.70000000000002
      ],
      [
        46.199999999999996,
        198.70000000000002
      ],
      [
        46.199999999999996,
        198.70000000000002
      ],
      [
        46.199999999999996,
        198.70000000000002
      ],
      [
        46.199999999999996,
        198.70000000000002
      ],
      [
        46.199999999999996,
        198.70000000000002
      ],
      [
        46.199999999999996,
        198.70000000000002
      ]
    ],