{
  "20": {
    "FIFO": [
      [
        109.9,
        212.39999999999995
      ],
      [
        109.10000000000001,
        212.39999999999998
      ],
      [
        93.70000000000003,
        214.99999999999997
      ]
    ],
    "LTP": [
      [
        48.599999999999994,
        224.69999999999996
      ],
      [
        58.599999999999994,
        195.49999999999997
      ],
      [
        48.599999999999994,
        224.69999999999996
      ],
      [
        53.49999999999999,
        204.69999999999993
      ],
      [
        53.49999999999999,
        204.69999999999993
      ],
      [
        48.599999999999994,
        224.69999999999996
      ],
      [
        58.599999999999994,
        195.49999999999997
      ],
      [
        58.599999999999994,
        195.49999999999997
      ],
      [
        50.0,
        215.79999999999995
      ]
    ],
    "STP": [
      [
        41.5,
        184.29999999999998
      ],
      [
        41.5,
        184.29999999999998
      ]
    ],
    "RRFIFO": [
      [
        54.599999999999994,
        223.89999999999998
      ],
      [
        53.7,
        224.30000000000004
      ]
    ],
    "RRLTP": [
      [
        47.7,
        169.20000000000002
      ],
      [
        46.2,
        173.9
      ],
      [
        45.900000000000006,
        178.0
      ]
    ],
    "RRECA": [
      [
        46.4,
        188.39999999999998
      ],
      [
        46.4,
        188.39999999999998
      ],
      [
        46.4,
        188.39999999999998
      ],
      [
        46.4,
        188.39999999999998
      ],
      [
        46.4,
        188.39999999999998
      ],
      [
        46.4,
        188.39999999999998
      ],
      [
        46.4,
        188.39999999999998
      ]
    ]
  },
  "40": {
    "FIFO": [
      [
        93.70000000000003,
        214.99999999999997
      ],
      [
        93.70000000000003,
        214.99999999999997
      ],
      [
        93.70000000000003,
        214.99999999999997
      ],
      [
        93.70000000000003,
        214.99999999999997
      ],
      [
        93.70000000000003,
        214.99999999999997
      ],
      [
        93.70000000000003,
        214.99999999999997
      ],
      [
        93.70000000000003,
        214.99999999999997
      ],
      [
        93.70000000000003,
        214.99999999999997
      ],
      [
        93.70000000000003,
        214.99999999999997
      ],
      [
        93.70000000000003,
        214.99999999999997
      ]
    ],
    "LTP": [
      [
        53.49999999999999,
        204.69999999999993
      ],
      [
        53.49999999999999,
        204.69999999999993
      ],
      [
        53.49999999999999,
        204.69999999999993
      ],
      [
        53.49999999999999,
        204.69999999999993
      ],
      [
        53.49999999999999,
        204.69999999999993
      ],
      [
        53.49999999999999,
        204.69999999999993
      ],
      [
        53.49999999999999,
        204.69999999999993
      ],
      [
        53.49999999999999,
        204.69999999999993
      ],
      [
        53.49999999999999,
        204.69999999999993
      ],
      [
        53.49999999999999,
        204.69999999999993
      ]
    ],
    "STP": [
      [
        41.5,
        184.89999999999998
      ],
      [
        41.5,
        184.89999999999998
      ],
      [
        41.5,
        184.89999999999998
      ],
      [
        41.5,
        184.89999999999998
      ],
      [
        41.5,
        184.89999999999998
      ],
      [
        41.5,
        184.89999999999998
      ],
      [
        41.5,
        184.89999999999998
      ],
      [
        41.5,
        184.89999999999998
      ],
      [
        41.5,
        184.89999999999998
      ],
      [
        41.5,
        184.89999999999998
      ]
    ],
    "RRFIFO": [
      [
        54.599999999999994,
        220.29999999999998
      ],
      [
        54.599999999999994,
        220.29999999999998
      ],
      [
        54.599999999999994,
        220.29999999999998
      ],
      [
        54.599999999999994,
        220.29999999999998
      ],
      [
        54.599999999999994,
        220.29999999999998
      ],
      [
        54.599999999999994,
        220.29999999999998
      ],
      [
        54.599999999999994,
        220.29999999999998
      ],
      [
        54.599999999999994,
        220.29999999999998
      ],
      [
        54.599999999999994,
        220.29999999999998
      ],
      [
        54.599999999999994,
        220.29999999999998
      ]
    ],
    "RRLTP": [
      [
        46.2,
        173.9
      ],
      [
        46.2,
        173.9
      ],
      [
        46.2,
        173.9
      ],
      [
        46.2,
        173.9
      ],
      [
        46.2,
        173.9
      ],
      [
        46.2,
        173.9
      ],
      [
        46.2,
        173.9
      ],
      [
        46.2,
        173.9
      ],
      [
        46.2,
        173.9
      ],
      [
        46.2,
        173.9
      ]
    ],
    "RRECA": [
      [
        46.4,
        188.39999999999998
      ],
      [
        46.4,
        188.39999999999998
      ],
      [
        46.4,
        188.39999999999998
      ],
      [
        46.4,
        188.39999999999998
      ],
      [
        46.4,
        188.39999999999998
      ],
      [
        46.4,
        188.39999999999998
      ],
      [
        46.4,
        188.39999999999998
      ],
      [
        46.4,
        188.39999999999998
      ],
      [
        46.4,
        188.39999999999998
      ],
      [
        46.4,
        188.39999999999998
      ]
    ]
  },
  "60": {
    "FIFO": [
      [
        93.70000000000003,
        214.99999999999997
      ],
      [
        93.70000000000003,
        214.99999999999997
      ],
      [
        93.70000000000003,
        214.99999999999997
      ],
      [
        93.70000000000003,
        214.99999999999997
      ],
      [
        93.70000000000003,
        214.99999999999997
      ],
      [
        93.70000000000003,
        214.99999999999997
      ],
      [
        93.70000000000003,
        214.99999999999997
      ],
      [
        93.70000000000003,
        214.99999999999997
      ],
      [
        93.70000000000003,
        214.99999999999997
      ],
      [
        93.70000000000003,
        214.99999999999997
      ]
    ],
    "LTP": [
      [
        53.49999999999999,
        204.69999999999993
      ],
      [
        53.49999999999999,
        204.69999999999993
      ],
      [
        53.49999999999999,
        204.69999999999993
      ],
      [
        53.49999999999999,
        204.69999999999993
      ],
      [
        53.49999999999999,
        204.69999999999993
      ],
      [
        53.49999999999999,
        204.69999999999993
      ],
      [
        53.49999999999999,
        204.69999999999993
      ],
      [
        53.49999999999999,
        204.69999999999993
      ],
      [
        53.49999999999999,
        204.69999999999993
      ],
      [
        53.49999999999999,
        204.69999999999993
      ]
    ],
    "STP": [
      [
        41.5,
        184.89999999999998
      ],
      [
        41.5,
        184.89999999999998
      ],
      [
        41.5,
        184.89999999999998
      ],
      [
        41.5,
        184.89999999999998
      ],
      [
        41.5,
        184.89999999999998
      ],
      [
        41.5,
        184.89999999999998
      ],
      [
        41.5,
        184.89999999999998
      ],
      [
        41.5,
        184.89999999999998
      ],
      [
        41.5,
        184.89999999999998
      ],
      [
        41.5,
        184.89999999999998
      ]
    ],