{
  "20": {
    "FIFO": [
      [
        53.099999999999994,
        93.10000000000001
      ],
      [
        53.099999999999994,
        93.10000000000001
      ],
      [
        53.099999999999994,
        93.10000000000001
      ],
      [
        53.099999999999994,
        93.10000000000001
      ],
      [
        53.099999999999994,
        93.10000000000001
      ],
      [
        53.099999999999994,
        93.10000000000001
      ],
      [
        53.099999999999994,
        93.10000000000001
      ],
      [
        53.099999999999994,
        93.10000000000001
      ],
      [
        53.099999999999994,
        93.10000000000001
      ],
      [
        53.099999999999994,
        93.10000000000001
      ]
    ],
    "LTP": [
      [
        43.2,
        82.0
      ],
      [
        43.2,
        82.0
      ],
      [
        43.2,
        82.0
      ],
      [
        43.2,
        82.0
      ],
      [
        43.2,
        82.0
      ],
      [
        43.2,
        82.0
      ],
      [
        43.2,
        82.0
      ],
      [
        43.2,
        82.0
      ],
      [
        43.2,
        82.0
      ],
      [
        43.2,
        82.0
      ]
    ],
    "STP": [
      [
        36.7,
        78.7
      ],
      [
        36.7,
        78.7
      ],
      [
        36.7,
        78.7
      ],
      [
        36.7,
        78.7
      ],
      [
        36.7,
        78.7
      ],
      [
        36.7,
        78.7
      ],
      [
        36.7,
        78.7
      ],
      [
        36.7,
        78.7
      ],
      [
        36.7,
        78.7
      ],
      [
        36.7,
        78.7
      ]
    ],
    "RRFIFO": [
      [
        40.39999999999999,
        81.89999999999999
      ],
      [
        40.39999999999999,
        81.89999999999999
      ],
      [
        40.39999999999999,
        81.89999999999999
      ],
      [
        40.39999999999999,
        81.89999999999999
      ],
      [
        40.39999999999999,
        81.89999999999999
      ],
      [
        40.39999999999999,
        81.89999999999999
      ],
      [
        40.39999999999999,
        81.89999999999999
      ],
      [
        40.39999999999999,
        81.89999999999999
      ],
      [
        40.39999999999999,
        81.89999999999999
      ],
      [
        40.39999999999999,
        81.89999999999999
      ]
    ],
    "RRLTP": [
      [
        36.3,
        104.2
      ],
      [
        36.3,
        104.2
      ],
      [
        36.3,
        104.2
      ],
      [
        36.3,
        104.2
      ],
      [
        36.3,
        104.2
      ],
      [
        36.3,
        104.2
      ],
      [
        36.3,
        104.2
      ],
      [
        36.3,
        104.2
      ],
      [
        36.3,
        104.2
      ],
      [
        36.3,
        104.2
      ]
    ],
    "RRECA": [
      [
        35.2,
        93.30000000000001
      ],
      [
        35.2,
        93.30000000000001
      ],
      [
        35.2,
        93.30000000000001
      ],
      [
        35.2,
        93.30000000000001
      ],
      [
        35.2,
        93.30000000000001
      ],
      [
        35.2,
        93.30000000000001
      ],
      [
        35.2,
        93.30000000000001
      ],
      [
        35.2,
        93.30000000000001
      ],
      [
        35.2,
        93.30000000000001
      ],
      [
        35.2,
        93.30000000000001
      ]
    ]
  },
  "40": {
    "FIFO": [
      [
        53.099999999999994,
        93.10000000000001
      ],
      [
        53.099999999999994,
        93.10000000000001
      ],
      [
        53.099999999999994,
        93.10000000000001
      ],
      [
        53.099999999999994,
        93.10000000000001
      ],
      [
        53.099999999999994,
        93.10000000000001
      ],
      [
        53.099999999999994,
        93.10000000000001
      ],
      [
        53.099999999999994,
        93.10000000000001
      ],
      [
        53.099999999999994,
        93.10000000000001
      ],
      [
        53.099999999999994,
        93.10000000000001
      ],
      [
        53.099999999999994,
        93.10000000000001
      ]
    ],
    "LTP": [
      [
        43.2,
        82.0
      ],
      [
        43.2,
        82.0
      ],
      [
        43.2,
        82.0
      ],
      [
        43.2,
        82.0
      ],
      [
        43.2,
        82.0
      ],
      [
        43.2,
        82.0
      ],
      [
        43.2,
        82.0
      ],
      [
        43.2,
        82.0
      ],
      [
        43.2,
        82.0
      ],
      [
        43.2,
        82.0
      ]
    ],
    "STP": [
      [
        36.7,
        78.7
      ],
      [
        36.7,
        78.7
      ],
      [
        36.7,
        78.7
      ],
      [
        36.7,
        78.7
      ],
      [
        36.7,
        78.7
      ],
      [
        36.7,
        78.7
      ],
      [
        36.7,
        78.7
      ],
      [
        36.7,
        78.7
      ],
      [
        36.7,
        78.7
      ],
      [
        36.7,
        78.7
      ]
    ],
    "RRFIFO": [
      [
        40.39999999999999,
        81.89999999999999
      ],
      [
        40.39999999999999,
        81.89999999999999
      ],
      [
        40.39999999999999,
        81.89999999999999
      ],
      [
        40.39999999999999,
        81.89999999999999
      ],
      [
        40.39999999999999,
        81.89999999999999
      ],
      [
        40.39999999999999,
        81.89999999999999
      ],
      [
        40.39999999999999,
        81.89999999999999
      ],
      [
        40.39999999999999,
        81.89999999999999
      ],
      [
        40.39999999999999,
        81.89999999999999
      ],
      [
        40.39999999999999,
        81.89999999999999
      ]
    ],
    "RRLTP": [
      [
        36.3,
        104.2
      ],
      [
        36.3,
        104.2
      ],
      [
        36.3,
        104.2
      ],
      [
        36.3,
        104.2
      ],
      [
        36.3,
        104.2
      ],
      [
        36.3,
        104.2
      ],
      [
        36.3,
        104.2
      ],
      [
        36.3,
        104.2
      ],
      [
        36.3,
        104.2
      ],
      [
        36.3,
        104.2
      ]
    ],
    "RRECA": [
      [
        35.2,
        93.30000000000001
      ],
      [
        35.2,
        93.30000000000001
      ],
      [
        35.2,
        93.30000000000001
      ],
      [
        35.2,
        93.30000000000001
      ],
      [
        35.2,
        93.30000000000001
      ],
      [
        35.2,
        93.30000000000001
      ],
      [
        35.2,
        93.30000000000001
      ],
      [
        35.2,
        93.30000000000001
      ],
      [
        35.2,
        93.30000000000001
      ],
      [
        35.2,
        93.30000000000001
      ]
    ]
  },
  "60": {
    "FIFO": [
      [
        53.099999999999994,
        93.10000000000001
      ],
      [
        53.099999999999994,
        93.10000000000001
      ],
      [
        53.099999999999994,
        93.10000000000001
      ],
      [
        53.099999999999994,
        93.10000000000001
      ],
      [
        53.099999999999994,
        93.10000000000001
      ],
      [
        53.099999999999994,
        93.10000000000001
      ],
      [
        53.099999999999994,
        93.10000000000001
      ],
      [
        53.099999999999994,
        93.10000000000001
      ],
      [
        53.099999999999994,
        93.10000000000001
      ],
      [
        53.099999999999994,
        93.10000000000001
      ]
    ],