{
  "20": {
    "FIFO": [
      [
        45.900000000000006,
        91.8
      ],
      [
        46.39999999999999,
        90.10000000000001
      ],
      [
        45.900000000000006,
        91.8
      ],
      [
        45.900000000000006,
        91.8
      ],
      [
        46.39999999999999,
        90.10000000000001
      ],
      [
        46.39999999999999,
        90.10000000000001
      ],
      [
        45.900000000000006,
        91.8
      ],
      [
        45.900000000000006,
        91.8
      ],
      [
        46.39999999999999,
        90.10000000000001
      ],
      [
        46.39999999999999,
        90.10000000000001
      ]
    ],
    "LTP": [
      [
        35.0,
        95.9
      ],
      [
        35.0,
        95.9
      ],
      [
        35.0,
        95.9
      ],
      [
        48.79999999999999,
        87.50000000000001
      ],
      [
        35.0,
        95.9
      ],
      [
        45.39999999999999,
        89.10000000000001
      ],
      [
        39.8,
        91.50000000000001
      ],
      [
        39.8,
        91.50000000000001
      ],
      [
        35.0,
        95.9
      ],
      [
        45.39999999999999,
        89.10000000000001
      ]
    ],
    "STP": [
      [
        41.3,
        66.4
      ],
      [
        41.3,
        66.4
      ],
      [
        41.3,
        66.4
      ],
      [
        41.3,
        66.4
      ],
      [
        41.3,
        66.4
      ],
      [
        41.3,
        66.4
      ],
      [
        41.3,
        66.4
      ],
      [
        41.3,
        66.4
      ],
      [
        41.3,
        66.4
      ],
      [
        41.3,
        66.4
      ]
    ],
    "RRFIFO": [
      [
        28.499999999999996,
        89.9
      ],
      [
        28.499999999999996,
        89.9
      ],
      [
        28.499999999999996,
        89.9
      ],
      [
        28.499999999999996,
        89.9
      ],
      [
        28.499999999999996,
        89.9
      ],
      [
        28.499999999999996,
        89.9
      ],
      [
        28.499999999999996,
        89.9
      ],
      [
        28.499999999999996,
        89.9
      ],
      [
        28.499999999999996,
        89.9
      ],
      [
        28.499999999999996,
        89.9
      ]
    ],
    "RRLTP": [
      [
        35.8,
        78.7
      ],
      [
        35.8,
        78.7
      ],
      [
        35.8,
        78.7
      ],
      [
        35.8,
        78.7
      ],
      [
        35.8,
        78.7
      ],
      [
        35.8,
        78.7
      ],
      [
        35.8,
        78.7
      ],
      [
        35.8,
        78.7
      ],
      [
        35.8,
        78.7
      ],
      [
        35.8,
        78.7
      ]
    ],
    "RRECA": [
      [
        33.800000000000004,
        94.8
      ],
      [
        33.800000000000004,
        94.8
      ],
      [
        33.800000000000004,
        94.8
      ],
      [
        33.800000000000004,
        94.8
      ],
      [
        33.800000000000004,
        94.8
      ],
      [
        33.800000000000004,
        94.8
      ],
      [
        33.800000000000004,
        94.8
      ],
      [
        33.800000000000004,
        94.8
      ],
      [
        33.800000000000004,
        94.8
      ],
      [
        33.800000000000004,
        94.8
      ]
    ]
  },
  "40": {
    "FIFO": [
      [
        45.900000000000006,
        91.8
      ],
      [
        46.39999999999999,
        90.10000000000001
      ],
      [
        49.60000000000001,
        85.00000000000001
      ],
      [
        46.39999999999999,
        90.10000000000001
      ],
      [
        45.900000000000006,
        91.8
      ],
      [
        49.40000000000001,
        86.7
      ],
      [
        46.39999999999999,
        90.10000000000001
      ],
      [
        45.900000000000006,
        91.8
      ],
      [
        45.900000000000006,
        91.8
      ],
      [
        45.900000000000006,
        91.8
      ]
    ],
    "LTP": [
      [
        48.79999999999999,
        87.50000000000001
      ],
      [
        32.5,
        94.30000000000001
      ],
      [
        32.5,
        94.30000000000001
      ],
      [
        32.5,
        94.30000000000001
      ],
      [
        48.79999999999999,
        87.50000000000001
      ],
      [
        48.79999999999999,
        87.50000000000001
      ],
      [
        32.5,
        94.30000000000001
      ],
      [
        39.8,
        91.50000000000001
      ],
      [
        45.39999999999999,
        89.10000000000001
      ],
      [
        39.8,
        91.50000000000001
      ]
    ],
    "STP": [
      [
        41.3,
        66.4
      ],
      [
        41.3,
        66.4
      ],
      [
        41.3,
        66.4
      ],
      [
        41.3,
        66.4
      ],
      [
        41.3,
        66.4
      ],
      [
        41.3,
        66.4
      ],
      [
        41.3,
        66.4
      ],
      [
        41.3,
        66.4
      ],
      [
        41.3,
        66.4
      ],
      [
        41.3,
        66.4
      ]
    ],
    "RRFIFO": [
      [
        28.499999999999996,
        89.9
      ],
      [
        28.499999999999996,
        89.9
      ],
      [
        28.499999999999996,
        89.9
      ],
      [
        28.499999999999996,
        89.9
      ],
      [
        28.499999999999996,
        89.9
      ],
      [
        28.499999999999996,
        89.9
      ],
      [
        28.499999999999996,
        89.9
      ],
      [
        28.499999999999996,
        89.9
      ],
      [
        28.499999999999996,
        89.9
      ],
      [
        28.499999999999996,
        89.9
      ]
    ],
    "RRLTP": [
      [
        35.8,
        78.7
      ],
      [
        35.8,
        78.7
      ],
      [
        35.8,
        78.7
      ],
      [
        35.8,
        78.7
      ],
      [
        35.8,
        78.7
      ],
      [
        35.8,
        78.7
      ],
      [
        35.8,
        78.7
      ],
      [
        35.8,
        78.7
      ],
      [
        35.8,
        78.7
      ],
      [
        35.8,
        78.7
      ]
    ],
    "RRECA": [
      [
        33.800000000000004,
        94.8
      ],
      [
        33.800000000000004,
        94.8
      ],
      [
        33.800000000000004,
        94.8
      ],
      [
        33.800000000000004,
        94.8
      ],
      [
        33.800000000000004,
        94.8
      ],
      [
        33.800000000000004,
        94.8
      ],
      [
        33.800000000000004,
        94.8
      ],
      [
        33.800000000000004,
        94.8
      ],
      [
        33.800000000000004,
        94.8
      ],
      [
        33.800000000000004,
        94.8
      ]
    ]
  },
  "60": {
    "FIFO": [
      [
        45.900000000000006,
        91.8
      ],
      [
        46.39999999999999,
        90.10000000000001
      ],
      [
        49.60000000000001,
        85.00000000000001
      ],
      [
        45.900000000000006,
        91.8
      ],
      [
        45.900000000000006,
        91.8
      ],
      [
        49.60000000000001,
        85.00000000000001
      ],
      [
        49.60000000000001,
        85.00000000000001
      ],
      [
        46.39999999999999,
        90.10000000000001
      ],
      [
        49.40000000000001,
        86.7
      ],
      [
        49.60000000000001,
        85.00000000000001
      ]
    ],