{
  "20": {
    "FIFO": [
      [
        79.1,
        232.90000000000003
      ],
      [
        79.1,
        232.90000000000003
      ],
      [
        79.1,
        232.90000000000003
      ],
      [
        79.1,
        232.90000000000003
      ],
      [
        79.1,
        232.90000000000003
      ],
      [
        79.1,
        232.90000000000003
      ],
      [
        79.1,
        232.90000000000003
      ],
      [
        79.1,
        232.90000000000003
      ],
      [
        79.1,
        232.90000000000003
      ],
      [
        79.1,
        232.90000000000003
      ]
    ],
    "LTP": [
      [
        50.2,
        232.8
      ],
      [
        50.2,
        232.8
      ],
      [
        50.2,
        232.8
      ],
      [
        50.2,
        232.8
      ],
      [
        50.2,
        232.8
      ],
      [
        50.2,
        232.8
      ],
      [
        50.2,
        232.8
      ],
      [
        50.2,
        232.8
      ],
      [
        50.2,
        232.8
      ],
      [
        50.2,
        232.8
      ]
    ],
    "STP": [
      [
        57.1,
        185.49999999999997
      ],
      [
        60.900000000000006,
        182.79999999999998
      ],
      [
        57.1,
        185.49999999999997
      ],
      [
        57.1,
        185.49999999999997
      ],
      [
        60.900000000000006,
        182.79999999999998
      ],
      [
        57.1,
        185.49999999999997
      ],
      [
        57.1,
        185.49999999999997
      ],
      [
        57.1,
        185.49999999999997
      ],
      [
        57.1,
        185.49999999999997
      ],
      [
        57.1,
        185.49999999999997
      ]
    ],
    "RRFIFO": [
      [
        58.199999999999996,
        196.60000000000002
      ],
      [
        62.4,
        193.5
      ],
      [
        58.199999999999996,
        196.60000000000002
      ],
      [
        58.199999999999996,
        196.60000000000002
      ],
      [
        62.4,
        193.5
      ],
      [
        58.199999999999996,
        196.60000000000002
      ],
      [
        58.199999999999996,
        196.60000000000002
      ],
      [
        58.199999999999996,
        196.60000000000002
      ],
      [
        58.199999999999996,
        196.60000000000002
      ],
      [
        58.199999999999996,
        196.60000000000002
      ]
    ],
    "RRLTP": [
      [
        52.699999999999996,
        202.19999999999996
      ],
      [
        52.699999999999996,
        202.19999999999996
      ],
      [
        54.699999999999996,
        200.69999999999996
      ],
      [
        54.699999999999996,
        200.69999999999996
      ],
      [
        52.699999999999996,
        202.19999999999996
      ],
      [
        52.699999999999996,
        202.19999999999996
      ],
      [
        52.699999999999996,
        202.19999999999996
      ],
      [
        54.699999999999996,
        200.69999999999996
      ],
      [
        54.699999999999996,
        200.69999999999996
      ],
      [
        52.699999999999996,
        202.19999999999996
      ]
    ],
    "RRECA": [
      [
        44.199999999999996,
        180.10000000000005
      ],
      [
        44.199999999999996,
        180.10000000000005
      ],
      [
        44.199999999999996,
        180.10000000000005
      ],
      [
        44.199999999999996,
        180.10000000000005
      ],
      [
        44.199999999999996,
        180.10000000000005
      ],
      [
        44.199999999999996,
        180.10000000000005
      ],
      [
        44.199999999999996,
        180.10000000000005
      ],
      [
        44.199999999999996,
        180.10000000000005
      ],
      [
        44.199999999999996,
        180.10000000000005
      ],
      [
        44.199999999999996,
        180.10000000000005
      ]
    ]
  },
  "40": {
    "FIFO": [
      [
        79.1,
        232.90000000000003
      ],
      [
        79.1,
        232.90000000000003
      ],
      [
        79.1,
        232.90000000000003
      ],
      [
        79.1,
        232.90000000000003
      ],
      [
        79.1,
        232.90000000000003
      ],
      [
        79.1,
        232.90000000000003
      ],
      [
        79.1,
        232.90000000000003
      ],
      [
        79.1,
        232.90000000000003
      ],
      [
        79.1,
        232.90000000000003
      ],
      [
        79.1,
        232.90000000000003
      ]
    ],
    "LTP": [
      [
        50.2,
        232.8
      ],
      [
        50.2,
        232.8
      ],
      [
        50.2,
        232.8
      ],
      [
        50.2,
        232.8
      ],
      [
        50.2,
        232.8
      ],
      [
        50.2,
        232.8
      ],
      [
        50.2,
        232.8
      ],
      [
        50.2,
        232.8
      ],
      [
        50.2,
        232.8
      ],
      [
        50.2,
        232.8
      ]
    ],
    "STP": [
      [
        57.1,
        185.49999999999997
      ],
      [
        60.900000000000006,
        182.79999999999998
      ],
      [
        57.1,
        185.49999999999997
      ],
      [
        57.1,
        185.49999999999997
      ],
      [
        60.900000000000006,
        182.79999999999998
      ],
      [
        57.1,
        185.49999999999997
      ],
      [
        57.1,
        185.49999999999997
      ],
      [
        57.1,
        185.49999999999997
      ],
      [
        60.900000000000006,
        182.79999999999998
      ],
      [
        60.900000000000006,
        182.79999999999998
      ]
    ],
    "RRFIFO": [
      [
        58.199999999999996,
        196.60000000000002
      ],
      [
        62.4,
        193.5
      ],
      [
        58.199999999999996,
        196.60000000000002
      ],
      [
        58.199999999999996,
        196.60000000000002
      ],
      [
        58.199999999999996,
        196.60000000000002
      ],
      [
        62.4,
        193.5
      ],
      [
        58.199999999999996,
        196.60000000000002
      ],
      [
        58.199999999999996,
        196.60000000000002
      ],
      [
        62.4,
        193.5
      ],
      [
        62.4,
        193.5
      ]
    ],
    "RRLTP": [
      [
        52.699999999999996,
        202.19999999999996
      ],
      [
        52.699999999999996,
        202.19999999999996
      ],
      [
        54.699999999999996,
        200.69999999999996
      ],
      [
        54.699999999999996,
        200.69999999999996
      ],
      [
        52.699999999999996,
        202.19999999999996
      ],
      [
        52.699999999999996,
        202.19999999999996
      ],
      [
        54.699999999999996,
        200.69999999999996
      ],
      [
        52.699999999999996,
        202.19999999999996
      ],
      [
        52.699999999999996,
        202.19999999999996
      ],
      [
        52.699999999999996,
        202.19999999999996
      ]
    ],
    "RRECA": [
      [
        44.199999999999996,
        180.10000000000005
      ],
      [
        44.199999999999996,
        180.10000000000005
      ],
      [
        44.199999999999996,
        180.10000000000005
      ],
      [
        44.199999999999996,
        180.10000000000005
      ],
      [
        44.199999999999996,
        180.10000000000005
      ],
      [
        44.199999999999996,
        180.10000000000005
      ],
      [
        44.199999999999996,
        180.10000000000005
      ],
      [
        44.199999999999996,
        180.10000000000005
      ],
      [
        44.199999999999996,
        180.10000000000005
      ],
      [
        44.199999999999996,
        180.10000000000005
      ]
    ]
  },