{
  "20": {
    "FIFO": [
      [
        52.300000000000004,
        89.3
      ],
      [
        52.300000000000004,
        89.3
      ],
      [
        52.300000000000004,
        89.3
      ],
      [
        52.300000000000004,
        89.3
      ],
      [
        52.300000000000004,
        89.3
      ]
    ],
    "LTP": [
      [
        48.400000000000006,
        72.99999999999999
      ],
      [
        48.400000000000006,
        72.99999999999999
      ],
      [
        48.400000000000006,
        72.99999999999999
      ],
      [
        48.400000000000006,
        72.99999999999999
      ],
      [
        48.400000000000006,
        72.99999999999999
      ],
      [
        48.400000000000006,
        72.99999999999999
      ],
      [
        48.400000000000006,
        72.99999999999999
      ],
      [
        48.400000000000006,
        72.99999999999999
      ],
      [
        48.400000000000006,
        72.99999999999999
      ],
      [
        48.400000000000006,
        72.99999999999999
      ]
    ],
    "STP": [
      [
        48.099999999999994,
        92.8
      ],
      [
        39.099999999999994,
        96.8
      ],
      [
        39.099999999999994,
        96.8
      ],
      [
        39.099999999999994,
        96.8
      ],
      [
        48.099999999999994,
        92.8
      ],
      [
        48.099999999999994,
        92.8
      ],
      [
        39.099999999999994,
        96.8
      ],
      [
        39.099999999999994,
        96.8
      ]
    ],
    "RRFIFO": [
      [
        48.2,
        81.7
      ],
      [
        48.2,
        81.7
      ],
      [
        47.800000000000004,
        85.7
      ],
      [
        48.2,
        81.7
      ],
      [
        41.1,
        92.5
      ],
      [
        48.2,
        81.7
      ],
      [
        48.2,
        81.7
      ],
      [
        41.1,
        92.5
      ],
      [
        47.800000000000004,
        85.7
      ],
      [
        47.800000000000004,
        85.7
      ]
    ],
    "RRLTP": [
      [
        36.699999999999996,
        81.7
      ],
      [
        36.699999999999996,
        81.7
      ],
      [
        36.699999999999996,
        81.7
      ]
    ],
    "RRECA": [
      [
        39.400000000000006,
        88.20000000000002
      ],
      [
        39.400000000000006,
        88.20000000000002
      ],
      [
        39.400000000000006,
        88.20000000000002
      ],
      [
        39.400000000000006,
        88.20000000000002
      ],
      [
        39.400000000000006,
        88.20000000000002
      ],
      [
        39.400000000000006,
        88.20000000000002
      ],
      [
        39.400000000000006,
        88.20000000000002
      ],
      [
        39.400000000000006,
        88.20000000000002
      ]
    ]
  },
  "40": {
    "FIFO": [
      [
        52.300000000000004,
        89.3
      ],
      [
        52.300000000000004,
        89.3
      ],
      [
        52.300000000000004,
        89.3
      ],
      [
        52.300000000000004,
        89.3
      ],
      [
        52.300000000000004,
        89.3
      ],
      [
        52.300000000000004,
        89.3
      ],
      [
        52.300000000000004,
        89.3
      ],
      [
        52.300000000000004,
        89.3
      ],
      [
        52.300000000000004,
        89.3
      ],
      [
        52.300000000000004,
        89.3
      ]
    ],
    "LTP": [
      [
        48.400000000000006,
        72.99999999999999
      ],
      [
        48.400000000000006,
        72.99999999999999
      ],
      [
        48.400000000000006,
        72.99999999999999
      ],
      [
        48.400000000000006,
        72.99999999999999
      ],
      [
        48.400000000000006,
        72.99999999999999
      ],
      [
        48.400000000000006,
        72.99999999999999
      ],
      [
        48.400000000000006,
        72.99999999999999
      ],
      [
        48.400000000000006,
        72.99999999999999
      ],
      [
        48.400000000000006,
        72.99999999999999
      ],
      [
        48.400000000000006,
        72.99999999999999
      ]
    ],
    "STP": [
      [
        40.599999999999994,
        87.7
      ],
      [
        40.599999999999994,
        87.7
      ],
      [
        40.599999999999994,
        87.7
      ],
      [
        40.599999999999994,
        87.7
      ],
      [
        40.599999999999994,
        87.7
      ],
      [
        40.599999999999994,
        87.7
      ],
      [
        40.599999999999994,
        87.7
      ],
      [
        40.599999999999994,
        87.7
      ],
      [
        40.599999999999994,
        87.7
      ],
      [
        40.599999999999994,
        87.7
      ]
    ],
    "RRFIFO": [
      [
        40.7,
        74.99999999999999
      ],
      [
        40.7,
        74.99999999999999
      ],
      [
        40.7,
        74.99999999999999
      ]
    ],
    "RRLTP": [
      [
        34.7,
        81.39999999999999
      ],
      [
        34.7,
        81.39999999999999
      ],
      [
        34.7,
        81.39999999999999
      ],
      [
        34.7,
        81.39999999999999
      ],
      [
        36.699999999999996,
        75.4
      ],
      [
        34.7,
        81.39999999999999
      ],
      [
        34.7,
        81.39999999999999
      ],
      [
        34.7,
        81.39999999999999
      ]
    ],
    "RRECA": [
      [
        44.7,
        71.00000000000001
      ],
      [
        44.7,
        71.00000000000001
      ],
      [
        44.7,
        71.00000000000001
      ],
      [
        39.400000000000006,
        73.2
      ],
      [
        44.7,
        71.00000000000001
      ],
      [
        44.7,
        71.00000000000001
      ],
      [
        44.7,
        71.00000000000001
      ],
      [
        44.7,
        71.00000000000001
      ],
      [
        39.400000000000006,
        73.2
      ]
    ]
  },
  "60": {
    "FIFO": [
      [
        52.300000000000004,
        89.3
      ],
      [
        52.300000000000004,
        89.3
      ],
      [
        52.300000000000004,
        89.3
      ],
      [
        52.300000000000004,
        89.3
      ],
      [
        52.300000000000004,
        89.3
      ],
      [
        52.300000000000004,
        89.3
      ],
      [
        52.300000000000004,
        89.3
      ],
      [
        52.300000000000004,
        89.3
      ],
      [
        52.300000000000004,
        89.3
      ],
      [
        52.300000000000004,
        89.3
      ]
    ],
    "LTP": [
      [
        48.400000000000006,
        72.99999999999999
      ],
      [
        48.400000000000006,
        72.99999999999999
      ],
      [
        48.400000000000006,
        72.99999999999999
      ],
      [
        48.400000000000006,
        72.99999999999999
      ],
      [
        48.400000000000006,
        72.99999999999999
      ],
      [
        48.400000000000006,
        72.99999999999999
      ],
      [
        48.400000000000006,
        72.99999999999999
      ],
      [
        48.400000000000006,
        72.99999999999999
      ],
      [
        48.400000000000006,
        72.99999999999999
      ],
      [
        48.400000000000006,
        72.99999999999999
      ]
    ],
    "STP": [
      [
        40.599999999999994,
        87.7
      ],
      [
        40.599999999999994,
        87.7
      ],
      [
        40.599999999999994,
        87.7
      ],
      [
        40.599999999999994,
        87.7
      ],
      [
        40.599999999999994,
        87.7
      ],
      [
        40.599999999999994,
        87.7
      ],
      [
        40.599999999999994,
        87.7
      ],
      [
        40.599999999999994,
        87.7
      ],
      [
        40.599999999999994,
        87.7
      ],
      [
        40.599999999999994,
        87.7
      ]
    ],