{
  "20": {
    "FIFO": [
      [
        55.4,
        88.10000000000001
      ],
      [
        68.1,
        86.5
      ],
      [
        54.699999999999996,
        92.10000000000001
      ],
      [
        68.1,
        86.5
      ],
      [
        50.49999999999999,
        97.2
      ],
      [
        54.699999999999996,
        92.10000000000001
      ],
      [
        68.1,
        86.5
      ]
    ],
    "LTP": [
      [
        28.800000000000004,
        90.49999999999997
      ],
      [
        32.900000000000006,
        89.59999999999998
      ],
      [
        28.800000000000004,
        90.49999999999997
      ],
      [
        32.900000000000006,
        89.59999999999998
      ],
      [
        28.800000000000004,
        90.49999999999997
      ],
      [
        28.800000000000004,
        90.49999999999997
      ],
      [
        32.900000000000006,
        89.59999999999998
      ]
    ],
    "STP": [
      [
        51.5,
        85.1
      ],
      [
        51.5,
        85.1
      ],
      [
        51.5,
        85.1
      ],
      [
        51.5,
        85.1
      ],
      [
        51.5,
        85.1
      ],
      [
        51.5,
        85.1
      ],
      [
        51.5,
        85.1
      ],
      [
        51.5,
        85.1
      ],
      [
        51.5,
        85.1
      ],
      [
        51.5,
        85.1
      ]
    ],
    "RRFIFO": [
      [
        36.099999999999994,
        75.3
      ],
      [
        36.0,
        76.3
      ],
      [
        40.199999999999996,
        73.3
      ],
      [
        36.0,
        76.3
      ],
      [
        36.0,
        76.3
      ],
      [
        40.199999999999996,
        73.3
      ],
      [
        40.199999999999996,
        73.3
      ],
      [
        40.199999999999996,
        73.3
      ],
      [
        36.0,
        76.3
      ],
      [
        36.0,
        76.3
      ]
    ],
    "RRLTP": [
      [
        32.5,
        86.89999999999999
      ],
      [
        37.8,
        76.0
      ],
      [
        32.5,
        86.89999999999999
      ],
      [
        37.8,
        76.0
      ],
      [
        37.8,
        76.0
      ],
      [
        32.5,
        86.89999999999999
      ],
      [
        32.5,
        86.89999999999999
      ],
      [
        37.8,
        76.0
      ]
    ],
    "RRECA": [
      [
        40.6,
        75.60000000000001
      ],
      [
        45.9,
        71.10000000000001
      ],
      [
        40.6,
        75.60000000000001
      ],
      [
        45.9,
        71.10000000000001
      ],
      [
        45.9,
        71.10000000000001
      ],
      [
        45.9,
        71.10000000000001
      ],
      [
        40.6,
        75.60000000000001
      ],
      [
        40.6,
        75.60000000000001
      ],
      [
        45.9,
        71.10000000000001
      ],
      [
        45.9,
        71.10000000000001
      ]
    ]
  },
  "40": {
    "FIFO": [
      [
        68.1,
        86.5
      ],
      [
        50.49999999999999,
        97.2
      ],
      [
        50.49999999999999,
        97.2
      ],
      [
        54.699999999999996,
        92.10000000000001
      ],
      [
        50.49999999999999,
        97.2
      ],
      [
        50.49999999999999,
        97.2
      ],
      [
        68.1,
        86.5
      ],
      [
        54.699999999999996,
        92.10000000000001
      ],
      [
        50.49999999999999,
        97.2
      ],
      [
        54.699999999999996,
        92.10000000000001
      ]
    ],
    "LTP": [
      [
        32.900000000000006,
        89.59999999999998
      ],
      [
        32.900000000000006,
        89.59999999999998
      ],
      [
        32.900000000000006,
        89.59999999999998
      ],
      [
        32.900000000000006,
        89.59999999999998
      ],
      [
        32.900000000000006,
        89.59999999999998
      ],
      [
        32.900000000000006,
        89.59999999999998
      ],
      [
        32.900000000000006,
        89.59999999999998
      ],
      [
        32.900000000000006,
        89.59999999999998
      ],
      [
        32.900000000000006,
        89.59999999999998
      ],
      [
        32.900000000000006,
        89.59999999999998
      ]
    ],
    "STP": [
      [
        51.5,
        85.1
      ],
      [
        51.5,
        85.1
      ],
      [
        51.5,
        85.1
      ],
      [
        51.5,
        85.1
      ],
      [
        51.5,
        85.1
      ],
      [
        51.5,
        85.1
      ],
      [
        51.5,
        85.1
      ],
      [
        51.5,
        85.1
      ],
      [
        51.5,
        85.1
      ],
      [
        51.5,
        85.1
      ]
    ],
    "RRFIFO": [
      [
        36.0,
        76.3
      ],
      [
        36.099999999999994,
        75.3
      ],
      [
        40.199999999999996,
        73.3
      ],
      [
        36.099999999999994,
        75.3
      ],
      [
        40.199999999999996,
        73.3
      ],
      [
        40.199999999999996,
        73.3
      ],
      [
        36.0,
        76.3
      ],
      [
        36.099999999999994,
        75.3
      ],
      [
        40.199999999999996,
        73.3
      ],
      [
        40.199999999999996,
        73.3
      ]
    ],
    "RRLTP": [
      [
        37.8,
        76.0
      ],
      [
        37.8,
        76.0
      ],
      [
        37.8,
        76.0
      ],
      [
        35.99999999999999,
        82.39999999999998
      ],
      [
        37.8,
        76.0
      ],
      [
        37.8,
        76.0
      ],
      [
        35.99999999999999,
        82.39999999999998
      ],
      [
        37.8,
        76.0
      ],
      [
        37.8,
        76.0
      ],
      [
        37.8,
        76.0
      ]
    ],
    "RRECA": [
      [
        45.9,
        71.10000000000001
      ],
      [
        45.9,
        71.10000000000001
      ],
      [
        45.9,
        71.10000000000001
      ],
      [
        45.9,
        71.10000000000001
      ],
      [
        40.6,
        75.60000000000001
      ],
      [
        40.6,
        75.60000000000001
      ],
      [
        45.9,
        71.10000000000001
      ],
      [
        45.9,
        71.10000000000001
      ],
      [
        45.9,
        71.10000000000001
      ],
      [
        40.6,
        75.60000000000001
      ]
    ]
  },
  "60": {
    "FIFO": [
      [
        68.1,
        86.5
      ],
      [
        50.49999999999999,
        97.2
      ],
      [
        50.49999999999999,
        97.2
      ],
      [
        54.699999999999996,
        92.10000000000001
      ],
      [
        50.49999999999999,
        97.2
      ],
      [
        50.49999999999999,
        97.2
      ],
      [
        54.699999999999996,
        92.10000000000001
      ],
      [
        50.49999999999999,
        97.2
      ],
      [
        50.49999999999999,
        97.2
      ],
      [
        50.49999999999999,
        97.2
      ]
    ],
    "LTP": [
      [
        32.900000000000006,
        89.59999999999998
      ],
      [
        32.900000000000006,
        89.59999999999998
      ],
      [
        32.900000000000006,
        89.59999999999998
      ],
      [
        32.900000000000006,
        89.59999999999998
      ],
      [
        32.900000000000006,
        89.59999999999998
      ],
      [
        32.900000000000006,
        89.59999999999998
      ],
      [
        32.900000000000006,
        89.59999999999998
      ],
      [
        32.900000000000006,
        89.59999999999998
      ],
      [
        32.900000000000006,
        89.59999999999998
      ],
      [
        32.900000000000006,
        89.59999999999998
      ]
    ],