{
  "20": {
    "FIFO": [
      [
        71.99999999999999,
        205.49999999999997
      ],
      [
        89.0,
        202.29999999999995
      ],
      [
        71.99999999999999,
        205.49999999999997
      ],
      [
        71.99999999999999,
        205.49999999999997
      ]
    ],
    "LTP": [
      [
        50.50000000000001,
        204.49999999999994
      ],
      [
        50.50000000000001,
        204.49999999999994
      ],
      [
        50.50000000000001,
        204.49999999999994
      ],
      [
        50.50000000000001,
        204.49999999999994
      ],
      [
        50.50000000000001,
        204.49999999999994
      ],
      [
        50.50000000000001,
        204.49999999999994
      ],
      [
        50.50000000000001,
        204.49999999999994
      ]
    ],
    "STP": [
      [
        40.9,
        212.69999999999996
      ],
      [
        40.9,
        212.69999999999996
      ],
      [
        40.9,
        212.69999999999996
      ],
      [
        40.9,
        212.69999999999996
      ],
      [
        40.9,
        212.69999999999996
      ],
      [
        40.9,
        212.69999999999996
      ],
      [
        40.9,
        212.69999999999996
      ],
      [
        40.9,
        212.69999999999996
      ],
      [
        40.9,
        212.69999999999996
      ],
      [
        40.9,
        212.69999999999996
      ]
    ],
    "RRFIFO": [
      [
        39.10000000000001,
        191.6
      ],
      [
        39.10000000000001,
        191.6
      ],
      [
        39.10000000000001,
        191.6
      ],
      [
        39.10000000000001,
        191.6
      ],
      [
        39.10000000000001,
        191.6
      ],
      [
        39.10000000000001,
        191.6
      ],
      [
        39.10000000000001,
        191.6
      ],
      [
        39.10000000000001,
        191.6
      ]
    ],
    "RRLTP": [
      [
        37.1,
        177.1
      ],
      [
        36.9,
        180.5
      ],
      [
        36.9,
        180.5
      ],
      [
        37.1,
        177.1
      ],
      [
        36.9,
        180.5
      ],
      [
        36.9,
        180.5
      ],
      [
        37.1,
        177.1
      ],
      [
        36.9,
        180.5
      ]
    ],
    "RRECA": [
      [
        43.4,
        200.09999999999997
      ],
      [
        51.4,
        199.69999999999996
      ],
      [
        43.4,
        200.09999999999997
      ],
      [
        51.4,
        199.69999999999996
      ]
    ]
  },
  "40": {
    "FIFO": [
      [
        71.99999999999999,
        202.89999999999998
      ],
      [
        71.99999999999999,
        202.89999999999998
      ],
      [
        71.99999999999999,
        202.89999999999998
      ],
      [
        71.99999999999999,
        202.89999999999998
      ],
      [
        71.99999999999999,
        202.89999999999998
      ],
      [
        71.99999999999999,
        202.89999999999998
      ],
      [
        71.99999999999999,
        202.89999999999998
      ],
      [
        71.99999999999999,
        202.89999999999998
      ],
      [
        71.99999999999999,
        202.89999999999998
      ],
      [
        71.99999999999999,
        202.89999999999998
      ]
    ],
    "LTP": [
      [
        50.50000000000001,
        204.49999999999994
      ],
      [
        50.50000000000001,
        204.49999999999994
      ],
      [
        50.50000000000001,
        204.49999999999994
      ],
      [
        50.50000000000001,
        204.49999999999994
      ],
      [
        50.50000000000001,
        204.49999999999994
      ],
      [
        50.50000000000001,
        204.49999999999994
      ],
      [
        50.50000000000001,
        204.49999999999994
      ],
      [
        50.50000000000001,
        204.49999999999994
      ],
      [
        50.50000000000001,
        204.49999999999994
      ],
      [
        50.50000000000001,
        204.49999999999994
      ]
    ],
    "STP": [
      [
        40.9,
        212.69999999999996
      ],
      [
        40.9,
        212.69999999999996
      ],
      [
        40.9,
        212.69999999999996
      ],
      [
        40.9,
        212.69999999999996
      ],
      [
        40.9,
        212.69999999999996
      ],
      [
        40.9,
        212.69999999999996
      ],
      [
        40.9,
        212.69999999999996
      ],
      [
        40.9,
        212.69999999999996
      ],
      [
        40.9,
        212.69999999999996
      ],
      [
        40.9,
        212.69999999999996
      ]
    ],
    "RRFIFO": [
      [
        39.10000000000001,
        191.6
      ],
      [
        39.10000000000001,
        191.6
      ],
      [
        39.10000000000001,
        191.6
      ],
      [
        39.10000000000001,
        191.6
      ],
      [
        39.10000000000001,
        191.6
      ],
      [
        39.10000000000001,
        191.6
      ],
      [
        39.10000000000001,
        191.6
      ],
      [
        39.10000000000001,
        191.6
      ],
      [
        39.10000000000001,
        191.6
      ],
      [
        39.10000000000001,
        191.6
      ]
    ],
    "RRLTP": [
      [
        37.1,
        177.1
      ],
      [
        37.1,
        177.1
      ],
      [
        37.1,
        177.1
      ],
      [
        37.1,
        177.1
      ],
      [
        37.1,
        177.1
      ],
      [
        37.1,
        177.1
      ],
      [
        37.1,
        177.1
      ],
      [
        37.1,
        177.1
      ],
      [
        37.1,
        177.1
      ],
      [
        37.1,
        177.1
      ]
    ],
    "RRECA": [
      [
        43.4,
        192.09999999999997
      ],
      [
        43.4,
        192.09999999999997
      ],
      [
        43.4,
        192.09999999999997
      ],
      [
        43.4,
        192.09999999999997
      ],
      [
        43.4,
        192.09999999999997
      ],
      [
        43.4,
        192.09999999999997
      ],
      [
        43.4,
        192.09999999999997
      ],
      [
        43.4,
        192.09999999999997
      ],
      [
        43.4,
        192.09999999999997
      ],
      [
        43.4,
        192.09999999999997
      ]
    ]
  },
  "60": {
    "FIFO": [
      [
        71.99999999999999,
        202.89999999999998
      ],
      [
        71.99999999999999,
        202.89999999999998
      ],
      [
        71.99999999999999,
        202.89999999999998
      ],
      [
        71.99999999999999,
        202.89999999999998
      ],
      [
        71.99999999999999,
        202.89999999999998
      ],
      [
        71.99999999999999,
        202.89999999999998
      ],
      [
        71.99999999999999,
        202.89999999999998
      ],
      [
        71.99999999999999,
        202.89999999999998
      ],
      [
        71.99999999999999,
        202.89999999999998
      ],
      [
        71.99999999999999,
        202.89999999999998
      ]
    ],
    "LTP": [
      [
        50.50000000000001,
        204.49999999999994
      ],
      [
        50.50000000000001,
        204.49999999999994
      ],
      [
        50.50000000000001,
        204.49999999999994
      ],
      [
        50.50000000000001,
        204.49999999999994
      ],
      [
        50.50000000000001,
        204.49999999999994
      ],
      [
        50.50000000000001,
        204.49999999999994
      ],
      [
        50.50000000000001,
        204.49999999999994
      ],
      [
        50.50000000000001,
        204.49999999999994
      ],
      [
        50.50000000000001,
        204.49999999999994
      ],
      [
        50.50000000000001,
        204.49999999999994
      ]
    ],
    "STP": [
      [
        40.9,
        211.7
      ]
    ],