{
  "20": {
    "FIFO": [
      [
        50.5,
        101.2
      ],
      [
        50.5,
        101.2
      ],
      [
        50.5,
        101.2
      ],
      [
        50.5,
        101.2
      ],
      [
        50.5,
        101.2
      ],
      [
        50.5,
        101.2
      ],
      [
        50.5,
        101.2
      ],
      [
        50.5,
        101.2
      ],
      [
        50.5,
        101.2
      ],
      [
        50.5,
        101.2
      ]
    ],
    "LTP": [
      [
        34.1,
        86.59999999999998
      ],
      [
        30.700000000000003,
        88.89999999999999
      ],
      [
        34.1,
        86.59999999999998
      ],
      [
        34.1,
        86.59999999999998
      ],
      [
        34.1,
        86.59999999999998
      ],
      [
        34.1,
        86.59999999999998
      ],
      [
        34.1,
        86.59999999999998
      ],
      [
        34.1,
        86.59999999999998
      ],
      [
        30.700000000000003,
        88.89999999999999
      ],
      [
        30.700000000000003,
        88.89999999999999
      ]
    ],
    "STP": [
      [
        37.7,
        76.6
      ],
      [
        32.6,
        77.19999999999999
      ],
      [
        41.2,
        70.3
      ],
      [
        41.2,
        70.3
      ],
      [
        32.6,
        77.19999999999999
      ]
    ],
    "RRFIFO": [
      [
        39.5,
        91.6
      ],
      [
        32.800000000000004,
        92.1
      ],
      [
        39.5,
        91.6
      ],
      [
        39.5,
        91.6
      ],
      [
        39.5,
        91.6
      ],
      [
        28.9,
        98.9
      ],
      [
        32.800000000000004,
        92.1
      ],
      [
        32.800000000000004,
        92.1
      ]
    ],
    "RRLTP": [
      [
        33.4,
        63.099999999999994
      ],
      [
        33.4,
        63.099999999999994
      ],
      [
        33.4,
        63.099999999999994
      ],
      [
        33.4,
        63.099999999999994
      ]
    ],
    "RRECA": [
      [
        46.0,
        88.50000000000001
      ],
      [
        36.7,
        96.90000000000002
      ],
      [
        40.400000000000006,
        95.90000000000002
      ],
      [
        36.7,
        96.90000000000002
      ]
    ]
  },
  "40": {
    "FIFO": [
      [
        50.5,
        101.2
      ],
      [
        50.5,
        101.2
      ],
      [
        50.5,
        101.2
      ],
      [
        50.5,
        101.2
      ],
      [
        50.5,
        101.2
      ],
      [
        50.5,
        101.2
      ],
      [
        50.5,
        101.2
      ],
      [
        50.5,
        101.2
      ],
      [
        50.5,
        101.2
      ],
      [
        50.5,
        101.2
      ]
    ],
    "LTP": [
      [
        34.1,
        86.59999999999998
      ],
      [
        34.1,
        86.59999999999998
      ],
      [
        34.1,
        86.59999999999998
      ],
      [
        34.1,
        86.59999999999998
      ],
      [
        34.1,
        86.59999999999998
      ],
      [
        34.1,
        86.59999999999998
      ],
      [
        34.1,
        86.59999999999998
      ],
      [
        34.1,
        86.59999999999998
      ],
      [
        34.1,
        86.59999999999998
      ],
      [
        34.1,
        86.59999999999998
      ]
    ],
    "STP": [
      [
        36.4,
        72.19999999999999
      ],
      [
        40.2,
        66.6
      ],
      [
        40.2,
        66.6
      ],
      [
        40.2,
        66.6
      ],
      [
        36.4,
        72.19999999999999
      ],
      [
        40.2,
        66.6
      ],
      [
        40.2,
        66.6
      ],
      [
        36.4,
        72.19999999999999
      ],
      [
        40.2,
        66.6
      ],
      [
        40.2,
        66.6
      ]
    ],
    "RRFIFO": [
      [
        39.0,
        88.10000000000001
      ],
      [
        39.0,
        88.10000000000001
      ],
      [
        39.0,
        88.10000000000001
      ],
      [
        39.0,
        88.10000000000001
      ],
      [
        39.0,
        88.10000000000001
      ],
      [
        39.0,
        88.10000000000001
      ],
      [
        39.0,
        88.10000000000001
      ],
      [
        39.0,
        88.10000000000001
      ],
      [
        39.0,
        88.10000000000001
      ],
      [
        39.0,
        88.10000000000001
      ]
    ],
    "RRLTP": [
      [
        33.4,
        63.099999999999994
      ],
      [
        33.4,
        63.099999999999994
      ],
      [
        37.599999999999994,
        61.099999999999994
      ],
      [
        31.8,
        69.5
      ],
      [
        37.599999999999994,
        61.099999999999994
      ],
      [
        31.8,
        69.5
      ],
      [
        31.8,
        69.5
      ],
      [
        32.300000000000004,
        67.5
      ],
      [
        37.599999999999994,
        61.099999999999994
      ],
      [
        33.4,
        63.099999999999994
      ]
    ],
    "RRECA": [
      [
        40.5,
        88.30000000000003
      ],
      [
        42.300000000000004,
        85.10000000000002
      ],
      [
        42.300000000000004,
        85.10000000000002
      ],
      [
        42.300000000000004,
        85.10000000000002
      ],
      [
        42.300000000000004,
        85.10000000000002
      ],
      [
        40.5,
        88.30000000000003
      ],
      [
        42.300000000000004,
        85.10000000000002
      ],
      [
        40.5,
        88.30000000000003
      ],
      [
        40.5,
        88.30000000000003
      ],
      [
        42.300000000000004,
        85.10000000000002
      ]
    ]
  },
  "60": {
    "FIFO": [
      [
        50.5,
        101.2
      ],
      [
        50.5,
        101.2
      ],
      [
        50.5,
        101.2
      ],
      [
        50.5,
        101.2
      ],
      [
        50.5,
        101.2
      ],
      [
        50.5,
        101.2
      ],
      [
        50.5,
        101.2
      ],
      [
        50.5,
        101.2
      ],
      [
        50.5,
        101.2
      ],
      [
        50.5,
        101.2
      ]
    ],
    "LTP": [
      [
        34.1,
        86.59999999999998
      ],
      [
        34.1,
        86.59999999999998
      ],
      [
        34.1,
        86.59999999999998
      ],
      [
        34.1,
        86.59999999999998
      ],
      [
        34.1,
        86.59999999999998
      ],
      [
        34.1,
        86.59999999999998
      ],
      [
        34.1,
        86.59999999999998
      ],
      [
        34.1,
        86.59999999999998
      ],
      [
        34.1,
        86.59999999999998
      ],
      [
        34.1,
        86.59999999999998
      ]
    ],
    "STP": [
      [
        36.4,
        72.19999999999999
      ],
      [
        40.2,
        66.6
      ],
      [
        40.2,
        66.6
      ],
      [
        40.2,
        66.6
      ],
      [
        36.4,
        72.19999999999999
      ],
      [
        36.4,
        72.19999999999999
      ],
      [
        40.2,
        66.6
      ],
      [
        36.4,
        72.19999999999999
      ],
      [
        36.4,
        72.19999999999999
      ],
      [
        40.2,
        66.6
      ]
    ],
    "RRFIFO": [
      [
        39.0,
        88.10000000000001
      ],
      [
        39.0,
        88.10000000000001
      ],
      [
        39.0,
        88.10000000000001
      ],
      [
        39.0,
        88.10000000000001
      ],
      [
        39.0,
        88.10000000000001
      ],
      [
        39.0,
        88.10000000000001
      ],
      [
        39.0,
        88.10000000000001
      ],
      [
        39.0,
        88.10000000000001
      ],
      [
        39.0,
        88.10000000000001
      ],
      [
        39.0,
        88.10000000000001
      ]
    ],