{
  "FIFO": {
    "ref_makespan": 148.92000000000002,
    "ref_energy": 283.79999999999995
  },
  "LTP": {
    "ref_makespan": 148.92000000000002,
    "ref_energy": 283.79999999999995
  },
  "STP": {
    "ref_makespan": 148.92000000000002,
    "ref_energy": 283.79999999999995
  },
  "RRFIFO": {
    "ref_makespan": 148.92000000000002,
    "ref_energy": 283.79999999999995
  },
  "RRLTP": {
    "ref_makespan": 148.92000000000002,
    "ref_energy": 283.79999999999995
  },
  "RRECA": {
    "ref_makespan": 148.92000000000002,
    "ref_energy": 283.79999999999995
  }
}