{
  "20": {
    "FIFO": [
      [
        71.39999999999999,
        96.3
      ],
      [
        71.39999999999999,
        96.3
      ],
      [
        71.39999999999999,
        96.3
      ],
      [
        71.39999999999999,
        96.3
      ],
      [
        71.39999999999999,
        96.3
      ],
      [
        71.39999999999999,
        96.3
      ],
      [
        71.39999999999999,
        96.3
      ],
      [
        71.39999999999999,
        96.3
      ],
      [
        71.39999999999999,
        96.3
      ],
      [
        71.39999999999999,
        96.3
      ]
    ],
    "LTP": [
      [
        31.200000000000003,
        89.0
      ],
      [
        31.200000000000003,
        89.0
      ],
      [
        34.7,
        85.5
      ],
      [
        31.200000000000003,
        89.0
      ],
      [
        34.7,
        85.5
      ],
      [
        34.7,
        85.5
      ],
      [
        31.200000000000003,
        89.0
      ],
      [
        31.200000000000003,
        89.0
      ],
      [
        34.7,
        85.5
      ]
    ],
    "STP": [
      [
        33.4,
        89.3
      ],
      [
        33.4,
        89.3
      ],
      [
        33.4,
        89.3
      ],
      [
        33.4,
        89.3
      ],
      [
        33.4,
        89.3
      ],
      [
        33.4,
        89.3
      ],
      [
        33.4,
        89.3
      ],
      [
        33.4,
        89.3
      ],
      [
        33.4,
        89.3
      ],
      [
        33.4,
        89.3
      ]
    ],
    "RRFIFO": [
      [
        29.9,
        75.6
      ],
      [
        29.9,
        75.6
      ],
      [
        29.9,
        75.6
      ],
      [
        29.9,
        75.6
      ],
      [
        29.9,
        75.6
      ],
      [
        29.9,
        75.6
      ],
      [
        29.9,
        75.6
      ],
      [
        29.9,
        75.6
      ],
      [
        29.9,
        75.6
      ],
      [
        29.9,
        75.6
      ]
    ],
    "RRLTP": [
      [
        35.4,
        92.80000000000001
      ],
      [
        35.4,
        92.80000000000001
      ],
      [
        35.4,
        92.80000000000001
      ],
      [
        35.4,
        92.80000000000001
      ],
      [
        32.9,
        98.4
      ],
      [
        35.4,
        92.80000000000001
      ],
      [
        35.4,
        92.80000000000001
      ],
      [
        32.9,
        98.4
      ],
      [
        35.4,
        92.80000000000001
      ],
      [
        35.4,
        92.80000000000001
      ]
    ],
    "RRECA": [
      [
        36.6,
        81.8
      ],
      [
        36.6,
        81.8
      ]
    ]
  },
  "40": {
    "FIFO": [
      [
        71.39999999999999,
        96.3
      ],
      [
        71.39999999999999,
        96.3
      ],
      [
        71.39999999999999,
        96.3
      ],
      [
        71.39999999999999,
        96.3
      ],
      [
        71.39999999999999,
        96.3
      ],
      [
        71.39999999999999,
        96.3
      ],
      [
        71.39999999999999,
        96.3
      ],
      [
        71.39999999999999,
        96.3
      ],
      [
        71.39999999999999,
        96.3
      ],
      [
        71.39999999999999,
        96.3
      ]
    ],
    "LTP": [
      [
        31.200000000000003,
        89.0
      ],
      [
        31.200000000000003,
        89.0
      ],
      [
        31.200000000000003,
        89.0
      ],
      [
        31.200000000000003,
        89.0
      ],
      [
        31.200000000000003,
        89.0
      ],
      [
        31.200000000000003,
        89.0
      ],
      [
        31.200000000000003,
        89.0
      ],
      [
        31.200000000000003,
        89.0
      ],
      [
        31.200000000000003,
        89.0
      ],
      [
        31.200000000000003,
        89.0
      ]
    ],
    "STP": [
      [
        33.4,
        89.3
      ],
      [
        33.4,
        89.3
      ],
      [
        33.4,
        89.3
      ],
      [
        33.4,
        89.3
      ],
      [
        33.4,
        89.3
      ],
      [
        33.4,
        89.3
      ],
      [
        33.4,
        89.3
      ],
      [
        33.4,
        89.3
      ],
      [
        33.4,
        89.3
      ],
      [
        33.4,
        89.3
      ]
    ],
    "RRFIFO": [
      [
        29.9,
        75.6
      ],
      [
        29.9,
        75.6
      ],
      [
        29.9,
        75.6
      ],
      [
        29.9,
        75.6
      ],
      [
        29.9,
        75.6
      ],
      [
        29.9,
        75.6
      ],
      [
        29.9,
        75.6
      ],
      [
        29.9,
        75.6
      ],
      [
        29.9,
        75.6
      ],
      [
        29.9,
        75.6
      ]
    ],
    "RRLTP": [
      [
        35.4,
        92.80000000000001
      ],
      [
        35.4,
        92.80000000000001
      ],
      [
        35.4,
        92.80000000000001
      ],
      [
        35.4,
        92.80000000000001
      ],
      [
        35.4,
        92.80000000000001
      ],
      [
        35.4,
        92.80000000000001
      ],
      [
        35.4,
        92.80000000000001
      ],
      [
        35.4,
        92.80000000000001
      ],
      [
        35.4,
        92.80000000000001
      ],
      [
        35.4,
        92.80000000000001
      ]
    ],
    "RRECA": [
      [
        36.6,
        81.8
      ],
      [
        36.6,
        81.8
      ],
      [
        36.6,
        81.8
      ],
      [
        36.6,
        81.8
      ],
      [
        36.6,
        81.8
      ],
      [
        36.6,
        81.8
      ],
      [
        36.6,
        81.8
      ],
      [
        36.6,
        81.8
      ],
      [
        36.6,
        81.8
      ],
      [
        36.6,
        81.8
      ]
    ]
  },
  "60": {
    "FIFO": [
      [
        71.39999999999999,
        96.3
      ],
      [
        71.39999999999999,
        96.3
      ],
      [
        71.39999999999999,
        96.3
      ],
      [
        71.39999999999999,
        96.3
      ],
      [
        71.39999999999999,
        96.3
      ],
      [
        71.39999999999999,
        96.3
      ],
      [
        71.39999999999999,
        96.3
      ],
      [
        71.39999999999999,
        96.3
      ],
      [
        71.39999999999999,
        96.3
      ],
      [
        71.39999999999999,
        96.3
      ]
    ],
    "LTP": [
      [
        31.200000000000003,
        89.0
      ],
      [
        31.200000000000003,
        89.0
      ],
      [
        31.200000000000003,
        89.0
      ],
      [
        31.200000000000003,
        89.0
      ],
      [
        31.200000000000003,
        89.0
      ],
      [
        31.200000000000003,
        89.0
      ],
      [
        31.200000000000003,
        89.0
      ],
      [
        31.200000000000003,
        89.0
      ],
      [
        31.200000000000003,
        89.0
      ],
      [
        31.200000000000003,
        89.0
      ]
    ],
    "STP": [
      [
        33.4,
        89.3
      ],
      [
        33.4,
        89.3
      ],
      [
        33.4,
        89.3
      ],
      [
        33.4,
        89.3
      ],
      [
        33.4,
        89.3
      ],
      [
        33.4,
        89.3
      ],
      [
        33.4,
        89.3
      ],
      [
        33.4,
        89.3
      ],
      [
        33.4,
        89.3
      ],
      [
        33.4,
        89.3
      ]
    ],
    "RRFIFO": [
      [
        29.9,
        75.6
      ],
      [
        29.9,
        75.6
      ],
      [
        29.9,
        75.6
      ],
      [
        29.9,
        75.6
      ],
      [
        29.9,
        75.6
      ],
      [
        29.9,
        75.6
      ],
      [
        29.9,
        75.6
      ],
      [
        29.9,
        75.6
      ],
      [
        29.9,
        75.6
      ],
      [
        29.9,
        75.6
      ]
    ],