{
  "20": {
    "FIFO": [
      [
        193.30000000000007,
        298.09999999999997
      ],
      [
        203.90000000000003,
        287.9
      ],
      [
        203.90000000000003,
        287.9
      ],
      [
        203.90000000000003,
        287.9
      ],
      [
        203.90000000000003,
        287.9
      ],
      [
        203.90000000000003,
        287.9
      ]
    ],
    "LTP": [
      [
        92.3,
        312.89999999999986
      ],
      [
        96.39999999999998,
        311.79999999999984
      ]
    ],
    "STP": [
      [
        96.70000000000002,
        309.2
      ],
      [
        97.5,
        296.7
      ],
      [
        97.5,
        296.7
      ],
      [
        97.5,
        296.7
      ],
      [
        97.5,
        296.7
      ],
      [
        97.5,
        296.7
      ]
    ],
    "RRFIFO": [
      [
        74.8,
        379.6000000000001
      ],
      [
        74.5,
        387.0000000000001
      ],
      [
        82.89999999999999,
        356.70000000000005
      ],
      [
        82.89999999999999,
        356.70000000000005
      ],
      [
        76.99999999999999,
        376.0
      ],
      [
        82.89999999999999,
        356.70000000000005
      ],
      [
        82.89999999999999,
        356.70000000000005
      ],
      [
        74.8,
        379.6000000000001
      ]
    ],
    "RRLTP": [
      [
        96.00000000000001,
        301.40000000000003
      ],
      [
        84.70000000000002,
        312.3
      ],
      [
        88.60000000000001,
        312.20000000000005
      ],
      [
        92.10000000000001,
        305.0
      ],
      [
        84.70000000000002,
        312.3
      ]
    ],
    "RRECA": [
      [
        95.80000000000001,
        324.0000000000001
      ],
      [
        107.1,
        312.90000000000015
      ],
      [
        107.1,
        312.90000000000015
      ],
      [
        107.1,
        312.90000000000015
      ],
      [
        107.1,
        312.90000000000015
      ]
    ]
  },
  "40": {
    "FIFO": [
      [
        199.70000000000002,
        284.79999999999995
      ],
      [
        193.90000000000003,
        290.8
      ],
      [
        193.90000000000003,
        290.8
      ],
      [
        199.70000000000002,
        284.79999999999995
      ],
      [
        199.70000000000002,
        284.79999999999995
      ],
      [
        199.70000000000002,
        284.79999999999995
      ],
      [
        199.70000000000002,
        284.79999999999995
      ],
      [
        193.90000000000003,
        290.8
      ],
      [
        193.90000000000003,
        290.8
      ],
      [
        193.90000000000003,
        290.8
      ]
    ],
    "LTP": [
      [
        97.10000000000001,
        307.69999999999993
      ],
      [
        97.10000000000001,
        307.69999999999993
      ],
      [
        97.10000000000001,
        307.69999999999993
      ],
      [
        97.10000000000001,
        307.69999999999993
      ],
      [
        97.10000000000001,
        307.69999999999993
      ],
      [
        97.10000000000001,
        307.69999999999993
      ],
      [
        97.10000000000001,
        307.69999999999993
      ],
      [
        97.10000000000001,
        307.69999999999993
      ],
      [
        93.00000000000001,
        309.2999999999999
      ],
      [
        93.00000000000001,
        309.2999999999999
      ]
    ],
    "STP": [
      [
        97.5,
        296.7
      ],
      [
        97.5,
        296.7
      ],
      [
        97.5,
        296.7
      ],
      [
        97.5,
        296.7
      ],
      [
        97.5,
        296.7
      ],
      [
        97.5,
        296.7
      ],
      [
        97.5,
        296.7
      ],
      [
        97.5,
        296.7
      ],
      [
        97.5,
        296.7
      ],
      [
        97.5,
        296.7
      ]
    ],
    "RRFIFO": [
      [
        77.10000000000001,
        359.8
      ],
      [
        85.39999999999999,
        355.20000000000005
      ],
      [
        77.10000000000001,
        359.8
      ],
      [
        85.39999999999999,
        355.20000000000005
      ],
      [
        77.10000000000001,
        359.8
      ],
      [
        77.10000000000001,
        359.8
      ],
      [
        77.10000000000001,
        359.8
      ]
    ],
    "RRLTP": [
      [
        92.10000000000001,
        301.50000000000006
      ],
      [
        92.10000000000001,
        301.50000000000006
      ],
      [
        92.10000000000001,
        301.50000000000006
      ],
      [
        92.10000000000001,
        301.50000000000006
      ],
      [
        92.10000000000001,
        301.50000000000006
      ],
      [
        92.10000000000001,
        301.50000000000006
      ],
      [
        92.10000000000001,
        301.50000000000006
      ],
      [
        92.10000000000001,
        301.50000000000006
      ],
      [
        92.10000000000001,
        301.50000000000006
      ],
      [
        92.10000000000001,
        301.50000000000006
      ]
    ],
    "RRECA": [
      [
        92.4,
        322.9000000000001
      ],
      [
        92.4,
        322.9000000000001
      ],
      [
        92.4,
        322.9000000000001
      ],
      [
        92.4,
        322.9000000000001
      ],
      [
        92.4,
        322.9000000000001
      ],
      [
        92.4,
        322.9000000000001
      ],
      [
        92.4,
        322.9000000000001
      ],
      [
        94.7,
        318.6000000000001
      ],
      [
        94.7,
        318.6000000000001
      ],
      [
        94.7,
        318.6000000000001
      ]
    ]
  },
  "60": {
    "FIFO": [
      [
        199.70000000000002,
        284.79999999999995
      ],
      [
        193.90000000000003,
        290.8
      ],
      [
        193.90000000000003,
        290.8
      ],
      [
        199.70000000000002,
        284.79999999999995
      ],
      [
        199.70000000000002,
        284.79999999999995
      ],
      [
        199.70000000000002,
        284.79999999999995
      ],
      [
        193.90000000000003,
        290.8
      ],
      [
        193.90000000000003,
        290.8
      ],
      [
        199.70000000000002,
        284.79999999999995
      ],
      [
        193.90000000000003,
        290.8
      ]
    ],
    "LTP": [
      [
        97.10000000000001,
        307.69999999999993
      ],
      [
        97.10000000000001,
        307.69999999999993
      ],
      [
        97.10000000000001,
        307.69999999999993
      ],
      [
        97.10000000000001,
        307.69999999999993
      ],
      [
        97.10000000000001,
        307.69999999999993
      ],
      [
        97.10000000000001,
        307.69999999999993
      ],
      [
        97.10000000000001,
        307.69999999999993
      ],
      [
        97.10000000000001,
        307.69999999999993
      ],
      [
        97.10000000000001,
        307.69999999999993
      ],
      [
        97.10000000000001,
        307.69999999999993
      ]
    ],
    "STP": [
      [
        97.5,
        296.7
      ],
      [
        97.5,
        296.7
      ],
      [
        97.5,
        296.7
      ],
      [
        97.5,
        296.7
      ],
      [
        97.5,
        296.7
      ],
      [
        97.5,
        296.7
      ],
      [
        97.5,
        296.7
      ],
      [
        97.5,
        296.7
      ],
      [
        97.5,
        296.7
      ],
      [
        97.5,
        296.7
      ]
    ],