{
  "20": {
    "FIFO": [
      [
        215.5,
        307.49999999999994
      ],
      [
        215.5,
        307.49999999999994
      ],
      [
        215.5,
        307.49999999999994
      ],
      [
        215.5,
        307.49999999999994
      ],
      [
        215.5,
        307.49999999999994
      ],
      [
        215.5,
        307.49999999999994
      ],
      [
        215.5,
        307.49999999999994
      ],
      [
        215.5,
        307.49999999999994
      ],
      [
        215.5,
        307.49999999999994
      ],
      [
        215.5,
        307.49999999999994
      ]
    ],
    "LTP": [
      [
        103.99999999999997,
        299.70000000000005
      ],
      [
        103.99999999999997,
        299.70000000000005
      ],
      [
        103.99999999999997,
        299.70000000000005
      ],
      [
        103.99999999999997,
        299.70000000000005
      ],
      [
        103.99999999999997,
        299.70000000000005
      ],
      [
        103.99999999999997,
        299.70000000000005
      ],
      [
        103.99999999999997,
        299.70000000000005
      ],
      [
        103.99999999999997,
        299.70000000000005
      ],
      [
        103.99999999999997,
        299.70000000000005
      ],
      [
        103.99999999999997,
        299.70000000000005
      ]
    ],
    "STP": [
      [
        106.00000000000001,
        312.79999999999995
      ],
      [
        106.00000000000001,
        312.79999999999995
      ],
      [
        106.00000000000001,
        312.79999999999995
      ],
      [
        106.00000000000001,
        312.79999999999995
      ],
      [
        106.00000000000001,
        312.79999999999995
      ],
      [
        106.00000000000001,
        312.79999999999995
      ],
      [
        106.00000000000001,
        312.79999999999995
      ],
      [
        106.00000000000001,
        312.79999999999995
      ],
      [
        106.00000000000001,
        312.79999999999995
      ],
      [
        106.00000000000001,
        312.79999999999995
      ]
    ],
    "RRFIFO": [
      [
        91.6,
        311.40000000000015
      ],
      [
        91.6,
        311.40000000000015
      ],
      [
        91.6,
        311.40000000000015
      ],
      [
        91.6,
        311.40000000000015
      ],
      [
        91.6,
        311.40000000000015
      ],
      [
        91.6,
        311.40000000000015
      ],
      [
        91.6,
        311.40000000000015
      ],
      [
        91.6,
        311.40000000000015
      ],
      [
        91.6,
        311.40000000000015
      ],
      [
        91.6,
        311.40000000000015
      ]
    ],
    "RRLTP": [
      [
        90.80000000000001,
        324.2
      ],
      [
        90.80000000000001,
        324.2
      ],
      [
        90.80000000000001,
        324.2
      ],
      [
        90.80000000000001,
        324.2
      ],
      [
        90.80000000000001,
        324.2
      ],
      [
        90.80000000000001,
        324.2
      ],
      [
        90.80000000000001,
        324.2
      ],
      [
        90.80000000000001,
        324.2
      ],
      [
        90.80000000000001,
        324.2
      ],
      [
        90.80000000000001,
        324.2
      ]
    ],
    "RRECA": [
      [
        130.5,
        291.1
      ],
      [
        130.5,
        291.1
      ],
      [
        130.5,
        291.1
      ],
      [
        130.5,
        291.1
      ],
      [
        130.5,
        291.1
      ],
      [
        130.5,
        291.1
      ],
      [
        130.5,
        291.1
      ],
      [
        130.5,
        291.1
      ],
      [
        130.5,
        291.1
      ],
      [
        130.5,
        291.1
      ]
    ]
  },
  "40": {
    "FIFO": [
      [
        215.5,
        307.49999999999994
      ],
      [
        215.5,
        307.49999999999994
      ],
      [
        215.5,
        307.49999999999994
      ],
      [
        215.5,
        307.49999999999994
      ],
      [
        215.5,
        307.49999999999994
      ],
      [
        215.5,
        307.49999999999994
      ],
      [
        215.5,
        307.49999999999994
      ],
      [
        215.5,
        307.49999999999994
      ],
      [
        215.5,
        307.49999999999994
      ],
      [
        215.5,
        307.49999999999994
      ]
    ],
    "LTP": [
      [
        103.99999999999997,
        299.70000000000005
      ],
      [
        103.99999999999997,
        299.70000000000005
      ],
      [
        103.99999999999997,
        299.70000000000005
      ],
      [
        103.99999999999997,
        299.70000000000005
      ],
      [
        103.99999999999997,
        299.70000000000005
      ],
      [
        103.99999999999997,
        299.70000000000005
      ],
      [
        103.99999999999997,
        299.70000000000005
      ],
      [
        103.99999999999997,
        299.70000000000005
      ],
      [
        103.99999999999997,
        299.70000000000005
      ],
      [
        103.99999999999997,
        299.70000000000005
      ]
    ],
    "STP": [
      [
        106.00000000000001,
        312.79999999999995
      ],
      [
        106.00000000000001,
        312.79999999999995
      ],
      [
        106.00000000000001,
        312.79999999999995
      ],
      [
        106.00000000000001,
        312.79999999999995
      ],
      [
        106.00000000000001,
        312.79999999999995
      ],
      [
        106.00000000000001,
        312.79999999999995
      ],
      [
        106.00000000000001,
        312.79999999999995
      ],
      [
        106.00000000000001,
        312.79999999999995
      ],
      [
        106.00000000000001,
        312.79999999999995
      ],
      [
        106.00000000000001,
        312.79999999999995
      ]
    ],
    "RRFIFO": [
      [
        91.6,
        311.40000000000015
      ],
      [
        91.6,
        311.40000000000015
      ],
      [
        91.6,
        311.40000000000015
      ],
      [
        91.6,
        311.40000000000015
      ],
      [
        91.6,
        311.40000000000015
      ],
      [
        91.6,
        311.40000000000015
      ],
      [
        91.6,
        311.40000000000015
      ],
      [
        91.6,
        311.40000000000015
      ],
      [
        91.6,
        311.40000000000015
      ],
      [
        91.6,
        311.40000000000015
      ]
    ],
    "RRLTP": [
      [
        90.80000000000001,
        324.2
      ],
      [
        90.80000000000001,
        324.2
      ],
      [
        90.80000000000001,
        324.2
      ],
      [
        90.80000000000001,
        324.2
      ],
      [
        90.80000000000001,
        324.2
      ],
      [
        90.80000000000001,
        324.2
      ],
      [
        90.80000000000001,
        324.2
      ],
      [
        90.80000000000001,
        324.2
      ],
      [
        90.80000000000001,
        324.2
      ],
      [
        90.80000000000001,
        324.2
      ]
    ],
    "RRECA": [
      [
        130.5,
        291.1
      ],
      [
        130.5,
        291.1
      ],
      [
        130.5,
        291.1
      ],
      [
        130.5,
        291.1
      ],
      [
        130.5,
        291.1
      ],
      [
        130.5,
        291.1
      ],
      [
        130.5,
        291.1
      ],
      [
        130.5,
        291.1
      ],
      [
        130.5,
        291.1
      ],
      [
        130.5,
        291.1
      ]
    ]
  },