{
  "20": {
    "FIFO": [
      [
        198.90000000000006,
        295.2
      ],
      [
        198.90000000000006,
        295.2
      ],
      [
        208.40000000000006,
        284.49999999999994
      ],
      [
        198.90000000000006,
        295.2
      ],
      [
        208.40000000000006,
        284.49999999999994
      ],
      [
        198.90000000000006,
        295.2
      ],
      [
        200.90000000000006,
        291.2
      ],
      [
        206.40000000000006,
        288.49999999999994
      ],
      [
        206.40000000000006,
        288.49999999999994
      ],
      [
        200.90000000000006,
        291.2
      ]
    ],
    "LTP": [
      [
        95.3,
        290.40000000000003
      ],
      [
        95.3,
        290.40000000000003
      ],
      [
        95.3,
        290.40000000000003
      ],
      [
        95.3,
        290.40000000000003
      ],
      [
        95.3,
        290.40000000000003
      ],
      [
        95.3,
        290.40000000000003
      ],
      [
        95.3,
        290.40000000000003
      ],
      [
        95.3,
        290.40000000000003
      ],
      [
        95.3,
        290.40000000000003
      ],
      [
        95.3,
        290.40000000000003
      ]
    ],
    "STP": [
      [
        113.1,
        286.39999999999986
      ],
      [
        113.1,
        286.39999999999986
      ],
      [
        113.1,
        286.39999999999986
      ],
      [
        113.1,
        286.39999999999986
      ],
      [
        113.1,
        286.39999999999986
      ],
      [
        113.1,
        286.39999999999986
      ],
      [
        113.1,
        286.39999999999986
      ],
      [
        113.1,
        286.39999999999986
      ],
      [
        113.1,
        286.39999999999986
      ],
      [
        113.1,
        286.39999999999986
      ]
    ],
    "RRFIFO": [
      [
        93.80000000000001,
        328.3999999999999
      ],
      [
        89.5,
        332.99999999999994
      ],
      [
        89.5,
        332.99999999999994
      ],
      [
        93.80000000000001,
        328.3999999999999
      ],
      [
        89.5,
        332.99999999999994
      ],
      [
        93.80000000000001,
        328.3999999999999
      ],
      [
        89.5,
        332.99999999999994
      ],
      [
        89.5,
        332.99999999999994
      ],
      [
        89.5,
        332.99999999999994
      ],
      [
        89.5,
        332.99999999999994
      ]
    ],
    "RRLTP": [
      [
        101.00000000000001,
        303.4
      ],
      [
        101.00000000000001,
        303.4
      ],
      [
        101.00000000000001,
        303.4
      ],
      [
        101.00000000000001,
        303.4
      ],
      [
        101.00000000000001,
        303.4
      ],
      [
        101.00000000000001,
        303.4
      ],
      [
        101.00000000000001,
        303.4
      ],
      [
        101.00000000000001,
        303.4
      ],
      [
        101.00000000000001,
        303.4
      ],
      [
        101.00000000000001,
        303.4
      ]
    ],
    "RRECA": [
      [
        120.90000000000002,
        290.3
      ],
      [
        120.90000000000002,
        290.3
      ],
      [
        120.90000000000002,
        290.3
      ],
      [
        120.90000000000002,
        290.3
      ],
      [
        120.90000000000002,
        290.3
      ],
      [
        120.90000000000002,
        290.3
      ],
      [
        120.90000000000002,
        290.3
      ],
      [
        120.90000000000002,
        290.3
      ],
      [
        120.90000000000002,
        290.3
      ],
      [
        120.90000000000002,
        290.3
      ]
    ]
  },
  "40": {
    "FIFO": [
      [
        198.90000000000006,
        295.2
      ],
      [
        206.40000000000006,
        288.49999999999994
      ],
      [
        206.40000000000006,
        288.49999999999994
      ],
      [
        206.40000000000006,
        288.49999999999994
      ],
      [
        198.90000000000006,
        295.2
      ],
      [
        198.90000000000006,
        295.2
      ],
      [
        200.90000000000006,
        291.2
      ],
      [
        200.90000000000006,
        291.2
      ],
      [
        198.90000000000006,
        295.2
      ],
      [
        206.40000000000006,
        288.49999999999994
      ]
    ],
    "LTP": [
      [
        95.3,
        290.40000000000003
      ],
      [
        95.3,
        290.40000000000003
      ],
      [
        95.3,
        290.40000000000003
      ],
      [
        95.3,
        290.40000000000003
      ],
      [
        95.3,
        290.40000000000003
      ],
      [
        95.3,
        290.40000000000003
      ],
      [
        95.3,
        290.40000000000003
      ],
      [
        95.3,
        290.40000000000003
      ],
      [
        95.3,
        290.40000000000003
      ],
      [
        95.3,
        290.40000000000003
      ]
    ],
    "STP": [
      [
        113.1,
        286.39999999999986
      ],
      [
        113.1,
        286.39999999999986
      ],
      [
        113.1,
        286.39999999999986
      ],
      [
        113.1,
        286.39999999999986
      ],
      [
        113.1,
        286.39999999999986
      ],
      [
        113.1,
        286.39999999999986
      ],
      [
        113.1,
        286.39999999999986
      ],
      [
        113.1,
        286.39999999999986
      ],
      [
        113.1,
        286.39999999999986
      ],
      [
        113.1,
        286.39999999999986
      ]
    ],
    "RRFIFO": [
      [
        93.80000000000001,
        328.3999999999999
      ],
      [
        89.5,
        332.99999999999994
      ],
      [
        89.5,
        332.99999999999994
      ],
      [
        87.4,
        340.29999999999995
      ],
      [
        104.20000000000002,
        301.40000000000003
      ],
      [
        100.9,
        304.70000000000005
      ],
      [
        91.1,
        332.3999999999999
      ],
      [
        93.80000000000001,
        328.3999999999999
      ],
      [
        89.5,
        332.99999999999994
      ],
      [
        89.5,
        332.99999999999994
      ]
    ],
    "RRLTP": [
      [
        101.00000000000001,
        303.4
      ],
      [
        101.00000000000001,
        303.4
      ],
      [
        101.00000000000001,
        303.4
      ],
      [
        101.00000000000001,
        303.4
      ],
      [
        101.00000000000001,
        303.4
      ],
      [
        101.00000000000001,
        303.4
      ],
      [
        101.00000000000001,
        303.4
      ],
      [
        101.00000000000001,
        303.4
      ],
      [
        101.00000000000001,
        303.4
      ],
      [
        101.00000000000001,
        303.4
      ]
    ],
    "RRECA": [
      [
        120.90000000000002,
        290.3
      ],
      [
        120.90000000000002,
        290.3
      ],
      [
        120.90000000000002,
        290.3
      ],
      [
        120.90000000000002,
        290.3
      ],
      [
        120.90000000000002,
        290.3
      ],
      [
        120.90000000000002,
        290.3
      ],
      [
        120.90000000000002,
        290.3
      ],
      [
        120.90000000000002,
        290.3
      ],
      [
        120.90000000000002,
        290.3
      ],
      [
        120.90000000000002,
        290.3
      ]
    ]
  },