{
  "20": {
    "FIFO": [
      [
        96.1,
        221.2
      ],
      [
        96.1,
        221.2
      ],
      [
        96.1,
        221.2
      ],
      [
        98.4,
        217.5
      ],
      [
        96.1,
        221.2
      ],
      [
        96.1,
        221.2
      ],
      [
        96.1,
        221.2
      ],
      [
        96.1,
        221.2
      ]
    ],
    "LTP": [
      [
        47.2,
        190.8
      ],
      [
        47.2,
        190.8
      ],
      [
        47.2,
        190.8
      ],
      [
        47.2,
        190.8
      ],
      [
        47.2,
        190.8
      ],
      [
        50.9,
        185.00000000000003
      ],
      [
        50.9,
        185.00000000000003
      ],
      [
        47.2,
        190.8
      ],
      [
        50.9,
        185.00000000000003
      ],
      [
        47.2,
        190.8
      ]
    ],
    "STP": [
      [
        44.4,
        190.79999999999995
      ],
      [
        44.4,
        190.79999999999995
      ],
      [
        44.4,
        190.79999999999995
      ],
      [
        44.4,
        190.79999999999995
      ],
      [
        44.4,
        190.79999999999995
      ],
      [
        44.4,
        190.79999999999995
      ],
      [
        44.4,
        190.79999999999995
      ],
      [
        44.4,
        190.79999999999995
      ],
      [
        44.4,
        190.79999999999995
      ],
      [
        44.4,
        190.79999999999995
      ]
    ],
    "RRFIFO": [
      [
        55.49999999999999,
        187.19999999999996
      ],
      [
        55.49999999999999,
        187.19999999999996
      ],
      [
        55.49999999999999,
        187.19999999999996
      ],
      [
        55.49999999999999,
        187.19999999999996
      ],
      [
        55.49999999999999,
        187.19999999999996
      ],
      [
        55.49999999999999,
        187.19999999999996
      ],
      [
        55.49999999999999,
        187.19999999999996
      ],
      [
        55.49999999999999,
        187.19999999999996
      ],
      [
        55.49999999999999,
        187.19999999999996
      ],
      [
        55.49999999999999,
        187.19999999999996
      ]
    ],
    "RRLTP": [
      [
        43.800000000000004,
        194.20000000000002
      ],
      [
        43.800000000000004,
        194.20000000000002
      ],
      [
        43.800000000000004,
        194.20000000000002
      ],
      [
        43.800000000000004,
        194.20000000000002
      ],
      [
        43.800000000000004,
        194.20000000000002
      ],
      [
        43.800000000000004,
        194.20000000000002
      ],
      [
        43.800000000000004,
        194.20000000000002
      ],
      [
        43.800000000000004,
        194.20000000000002
      ]
    ],
    "RRECA": [
      [
        54.49999999999999,
        213.20000000000005
      ],
      [
        54.49999999999999,
        213.20000000000005
      ],
      [
        54.49999999999999,
        213.20000000000005
      ],
      [
        54.49999999999999,
        213.20000000000005
      ],
      [
        54.49999999999999,
        213.20000000000005
      ],
      [
        54.49999999999999,
        213.20000000000005
      ],
      [
        54.49999999999999,
        213.20000000000005
      ]
    ]
  },
  "40": {
    "FIFO": [
      [
        96.1,
        221.2
      ],
      [
        98.4,
        217.0
      ],
      [
        96.1,
        221.2
      ],
      [
        98.4,
        217.0
      ],
      [
        98.4,
        217.0
      ],
      [
        96.1,
        221.2
      ],
      [
        96.1,
        221.2
      ],
      [
        98.4,
        217.0
      ],
      [
        96.1,
        221.2
      ],
      [
        96.1,
        221.2
      ]
    ],
    "LTP": [
      [
        47.2,
        190.8
      ],
      [
        47.2,
        190.8
      ],
      [
        47.2,
        190.8
      ],
      [
        47.2,
        190.8
      ],
      [
        47.2,
        190.8
      ],
      [
        47.2,
        190.8
      ],
      [
        47.2,
        190.8
      ],
      [
        47.2,
        190.8
      ],
      [
        47.2,
        190.8
      ],
      [
        47.2,
        190.8
      ]
    ],
    "STP": [
      [
        44.4,
        190.79999999999995
      ],
      [
        44.4,
        190.79999999999995
      ],
      [
        44.4,
        190.79999999999995
      ],
      [
        44.4,
        190.79999999999995
      ],
      [
        44.4,
        190.79999999999995
      ],
      [
        44.4,
        190.79999999999995
      ],
      [
        44.4,
        190.79999999999995
      ],
      [
        44.4,
        190.79999999999995
      ],
      [
        44.4,
        190.79999999999995
      ],
      [
        44.4,
        190.79999999999995
      ]
    ],
    "RRFIFO": [
      [
        55.49999999999999,
        187.19999999999996
      ],
      [
        55.49999999999999,
        187.19999999999996
      ],
      [
        55.49999999999999,
        187.19999999999996
      ],
      [
        55.49999999999999,
        187.19999999999996
      ],
      [
        55.49999999999999,
        187.19999999999996
      ],
      [
        55.49999999999999,
        187.19999999999996
      ],
      [
        55.49999999999999,
        187.19999999999996
      ],
      [
        55.49999999999999,
        187.19999999999996
      ],
      [
        55.49999999999999,
        187.19999999999996
      ],
      [
        55.49999999999999,
        187.19999999999996
      ]
    ],
    "RRLTP": [
      [
        43.800000000000004,
        194.20000000000002
      ],
      [
        43.800000000000004,
        194.20000000000002
      ],
      [
        47.0,
        193.8
      ],
      [
        42.89999999999999,
        203.50000000000003
      ],
      [
        43.800000000000004,
        194.20000000000002
      ],
      [
        47.0,
        193.8
      ],
      [
        43.800000000000004,
        194.20000000000002
      ],
      [
        43.800000000000004,
        194.20000000000002
      ],
      [
        43.800000000000004,
        194.20000000000002
      ],
      [
        47.0,
        193.8
      ]
    ],
    "RRECA": [
      [
        54.49999999999999,
        213.20000000000005
      ],
      [
        54.49999999999999,
        213.20000000000005
      ],
      [
        54.49999999999999,
        213.20000000000005
      ],
      [
        54.49999999999999,
        213.20000000000005
      ],
      [
        54.49999999999999,
        213.20000000000005
      ],
      [
        54.49999999999999,
        213.20000000000005
      ],
      [
        54.49999999999999,
        213.20000000000005
      ],
      [
        54.49999999999999,
        213.20000000000005
      ],
      [
        54.49999999999999,
        213.20000000000005
      ],
      [
        54.49999999999999,
        213.20000000000005
      ]
    ]
  },
  "60": {
    "FIFO": [
      [
        96.1,
        221.2
      ],
      [
        96.1,
        221.2
      ],
      [
        96.1,
        221.2
      ],
      [
        96.1,
        221.2
      ],
      [
        96.1,
        221.2
      ],
      [
        96.1,
        221.2
      ],
      [
        96.1,
        221.2
      ],
      [
        96.1,
        221.2
      ],
      [
        96.1,
        221.2
      ],
      [
        96.1,
        221.2
      ]
    ],
    "LTP": [
      [
        47.2,
        190.8
      ],
      [
        47.2,
        190.8
      ],
      [
        47.2,
        190.8
      ],
      [
        47.2,
        190.8
      ],
      [
        47.2,
        190.8
      ],
      [
        47.2,
        190.8
      ],
      [
        47.2,
        190.8
      ],
      [
        47.2,
        190.8
      ],
      [
        47.2,
        190.8
      ],
      [
        47.2,
        190.8
      ]
    ],