{
  "20": {
    "FIFO": [
      [
        238.10000000000005,
        293.6
      ],
      [
        238.10000000000005,
        293.6
      ],
      [
        238.10000000000005,
        293.6
      ],
      [
        238.10000000000005,
        293.6
      ],
      [
        238.10000000000005,
        293.6
      ],
      [
        238.10000000000005,
        293.6
      ],
      [
        238.10000000000005,
        293.6
      ],
      [
        238.10000000000005,
        293.6
      ],
      [
        238.10000000000005,
        293.6
      ],
      [
        238.10000000000005,
        293.6
      ]
    ],
    "LTP": [
      [
        99.39999999999999,
        336.5999999999999
      ],
      [
        99.39999999999999,
        336.5999999999999
      ],
      [
        99.39999999999999,
        336.5999999999999
      ],
      [
        99.39999999999999,
        336.5999999999999
      ],
      [
        99.39999999999999,
        336.5999999999999
      ],
      [
        99.39999999999999,
        336.5999999999999
      ],
      [
        99.39999999999999,
        336.5999999999999
      ],
      [
        99.39999999999999,
        336.5999999999999
      ],
      [
        99.39999999999999,
        336.5999999999999
      ],
      [
        99.39999999999999,
        336.5999999999999
      ]
    ],
    "STP": [
      [
        101.5,
        322.69999999999993
      ],
      [
        101.5,
        322.69999999999993
      ],
      [
        101.5,
        322.69999999999993
      ],
      [
        101.5,
        322.69999999999993
      ],
      [
        101.5,
        322.69999999999993
      ],
      [
        101.5,
        322.69999999999993
      ],
      [
        101.5,
        322.69999999999993
      ],
      [
        101.5,
        322.69999999999993
      ],
      [
        101.5,
        322.69999999999993
      ],
      [
        101.5,
        322.69999999999993
      ]
    ],
    "RRFIFO": [
      [
        92.39999999999999,
        322.9000000000001
      ],
      [
        92.39999999999999,
        322.9000000000001
      ],
      [
        92.39999999999999,
        322.9000000000001
      ],
      [
        92.39999999999999,
        322.9000000000001
      ],
      [
        92.39999999999999,
        322.9000000000001
      ],
      [
        92.39999999999999,
        322.9000000000001
      ],
      [
        92.39999999999999,
        322.9000000000001
      ],
      [
        92.39999999999999,
        322.9000000000001
      ],
      [
        92.39999999999999,
        322.9000000000001
      ],
      [
        92.39999999999999,
        322.9000000000001
      ]
    ],
    "RRLTP": [
      [
        89.9,
        299.6000000000001
      ],
      [
        89.9,
        299.6000000000001
      ],
      [
        89.9,
        299.6000000000001
      ],
      [
        89.9,
        299.6000000000001
      ],
      [
        89.9,
        299.6000000000001
      ],
      [
        89.9,
        299.6000000000001
      ],
      [
        89.9,
        299.6000000000001
      ],
      [
        89.9,
        299.6000000000001
      ],
      [
        89.9,
        299.6000000000001
      ],
      [
        89.9,
        299.6000000000001
      ]
    ],
    "RRECA": [
      [
        88.10000000000002,
        338.70000000000005
      ],
      [
        88.10000000000002,
        338.70000000000005
      ],
      [
        88.10000000000002,
        338.70000000000005
      ],
      [
        88.10000000000002,
        338.70000000000005
      ],
      [
        88.10000000000002,
        338.70000000000005
      ],
      [
        88.10000000000002,
        338.70000000000005
      ],
      [
        88.10000000000002,
        338.70000000000005
      ],
      [
        88.10000000000002,
        338.70000000000005
      ],
      [
        88.10000000000002,
        338.70000000000005
      ],
      [
        88.10000000000002,
        338.70000000000005
      ]
    ]
  },
  "40": {
    "FIFO": [
      [
        240.30000000000004,
        282.0
      ],
      [
        160.8,
        321.69999999999993
      ],
      [
        184.9,
        321.50000000000006
      ],
      [
        216.70000000000002,
        301.6
      ],
      [
        210.6,
        312.29999999999995
      ],
      [
        228.20000000000005,
        285.80000000000007
      ]
    ],
    "LTP": [
      [
        74.49999999999999,
        343.3999999999999
      ],
      [
        100.1,
        303.9
      ],
      [
        76.79999999999998,
        332.0
      ],
      [
        81.40000000000002,
        328.0
      ],
      [
        74.49999999999999,
        343.3999999999999
      ],
      [
        99.0,
        326.5999999999999
      ],
      [
        76.59999999999998,
        341.4999999999999
      ],
      [
        85.89999999999999,
        327.29999999999995
      ]
    ],
    "STP": [
      [
        101.5,
        322.69999999999993
      ],
      [
        101.5,
        322.69999999999993
      ],
      [
        101.5,
        322.69999999999993
      ],
      [
        101.5,
        322.69999999999993
      ],
      [
        101.5,
        322.69999999999993
      ],
      [
        101.5,
        322.69999999999993
      ],
      [
        101.5,
        322.69999999999993
      ],
      [
        101.5,
        322.69999999999993
      ],
      [
        101.5,
        322.69999999999993
      ],
      [
        101.5,
        322.69999999999993
      ]
    ],
    "RRFIFO": [
      [
        92.39999999999999,
        322.9000000000001
      ],
      [
        92.39999999999999,
        322.9000000000001
      ],
      [
        92.39999999999999,
        322.9000000000001
      ],
      [
        92.39999999999999,
        322.9000000000001
      ],
      [
        92.39999999999999,
        322.9000000000001
      ],
      [
        92.39999999999999,
        322.9000000000001
      ],
      [
        92.39999999999999,
        322.9000000000001
      ],
      [
        92.39999999999999,
        322.9000000000001
      ],
      [
        92.39999999999999,
        322.9000000000001
      ],
      [
        92.39999999999999,
        322.9000000000001
      ]
    ],
    "RRLTP": [
      [
        89.9,
        299.6000000000001
      ],
      [
        89.9,
        299.6000000000001
      ],
      [
        89.9,
        299.6000000000001
      ],
      [
        89.9,
        299.6000000000001
      ],
      [
        89.9,
        299.6000000000001
      ],
      [
        89.9,
        299.6000000000001
      ],
      [
        89.9,
        299.6000000000001
      ],
      [
        89.9,
        299.6000000000001
      ],
      [
        89.9,
        299.6000000000001
      ],
      [
        89.9,
        299.6000000000001
      ]
    ],
    "RRECA": [
      [
        88.10000000000002,
        338.70000000000005
      ],
      [
        88.10000000000002,
        338.70000000000005
      ],
      [
        85.50000000000001,
        345.4000000000001
      ],
      [
        88.10000000000002,
        338.70000000000005
      ],
      [
        88.10000000000002,
        338.70000000000005
      ],
      [
        88.10000000000002,
        338.70000000000005
      ],
      [
        88.10000000000002,
        338.70000000000005
      ],
      [
        85.50000000000001,
        345.4000000000001
      ],
      [
        88.10000000000002,
        338.70000000000005
      ],
      [
        88.10000000000002,
        338.70000000000005
      ]
    ]
  },