{
  "20": {
    "FIFO": [
      [
        49.2,
        76.9
      ],
      [
        49.2,
        76.9
      ],
      [
        46.8,
        81.10000000000001
      ],
      [
        49.2,
        76.9
      ],
      [
        49.2,
        76.9
      ],
      [
        49.2,
        76.9
      ],
      [
        49.2,
        76.9
      ],
      [
        49.2,
        76.9
      ],
      [
        49.2,
        76.9
      ],
      [
        46.8,
        81.10000000000001
      ]
    ],
    "LTP": [
      [
        32.7,
        67.69999999999999
      ],
      [
        32.7,
        67.69999999999999
      ],
      [
        32.7,
        67.69999999999999
      ],
      [
        32.7,
        67.69999999999999
      ],
      [
        32.7,
        67.69999999999999
      ],
      [
        32.7,
        67.69999999999999
      ],
      [
        32.7,
        67.69999999999999
      ],
      [
        32.7,
        67.69999999999999
      ],
      [
        32.7,
        67.69999999999999
      ],
      [
        32.7,
        67.69999999999999
      ]
    ],
    "STP": [
      [
        34.8,
        75.6
      ],
      [
        34.8,
        75.6
      ],
      [
        34.8,
        75.6
      ],
      [
        34.8,
        75.6
      ],
      [
        34.8,
        75.6
      ],
      [
        34.8,
        75.6
      ],
      [
        34.8,
        75.6
      ],
      [
        34.8,
        75.6
      ],
      [
        34.8,
        75.6
      ],
      [
        34.8,
        75.6
      ]
    ],
    "RRFIFO": [
      [
        40.199999999999996,
        87.80000000000001
      ],
      [
        40.199999999999996,
        87.80000000000001
      ],
      [
        40.199999999999996,
        87.80000000000001
      ],
      [
        40.199999999999996,
        87.80000000000001
      ],
      [
        40.199999999999996,
        87.80000000000001
      ],
      [
        40.199999999999996,
        87.80000000000001
      ],
      [
        40.199999999999996,
        87.80000000000001
      ],
      [
        40.199999999999996,
        87.80000000000001
      ],
      [
        40.199999999999996,
        87.80000000000001
      ],
      [
        40.199999999999996,
        87.80000000000001
      ]
    ],
    "RRLTP": [
      [
        31.1,
        91.99999999999999
      ],
      [
        31.1,
        91.99999999999999
      ],
      [
        31.1,
        91.99999999999999
      ],
      [
        31.1,
        91.99999999999999
      ],
      [
        31.1,
        91.99999999999999
      ],
      [
        31.1,
        91.99999999999999
      ],
      [
        31.1,
        91.99999999999999
      ],
      [
        31.1,
        91.99999999999999
      ],
      [
        31.1,
        91.99999999999999
      ],
      [
        31.1,
        91.99999999999999
      ]
    ],
    "RRECA": [
      [
        31.6,
        88.39999999999999
      ],
      [
        27.4,
        89.39999999999999
      ],
      [
        32.4,
        83.89999999999999
      ],
      [
        31.6,
        88.39999999999999
      ],
      [
        31.6,
        88.39999999999999
      ],
      [
        31.6,
        88.39999999999999
      ],
      [
        31.6,
        88.39999999999999
      ],
      [
        31.6,
        88.39999999999999
      ],
      [
        31.6,
        88.39999999999999
      ]
    ]
  },
  "40": {
    "FIFO": [
      [
        49.2,
        76.9
      ],
      [
        49.2,
        76.9
      ],
      [
        46.8,
        81.10000000000001
      ],
      [
        46.8,
        81.10000000000001
      ],
      [
        46.8,
        81.10000000000001
      ],
      [
        46.8,
        81.10000000000001
      ],
      [
        49.2,
        76.9
      ],
      [
        46.8,
        81.10000000000001
      ],
      [
        49.2,
        76.9
      ],
      [
        49.2,
        76.9
      ]
    ],
    "LTP": [
      [
        32.7,
        67.69999999999999
      ],
      [
        32.7,
        67.69999999999999
      ],
      [
        32.7,
        67.69999999999999
      ],
      [
        32.7,
        67.69999999999999
      ],
      [
        32.7,
        67.69999999999999
      ],
      [
        32.7,
        67.69999999999999
      ],
      [
        32.7,
        67.69999999999999
      ],
      [
        32.7,
        67.69999999999999
      ],
      [
        32.7,
        67.69999999999999
      ],
      [
        32.7,
        67.69999999999999
      ]
    ],
    "STP": [
      [
        34.8,
        75.6
      ],
      [
        34.8,
        75.6
      ],
      [
        34.8,
        75.6
      ],
      [
        34.8,
        75.6
      ],
      [
        34.8,
        75.6
      ],
      [
        34.8,
        75.6
      ],
      [
        34.8,
        75.6
      ],
      [
        34.8,
        75.6
      ],
      [
        34.8,
        75.6
      ],
      [
        34.8,
        75.6
      ]
    ],
    "RRFIFO": [
      [
        40.199999999999996,
        87.80000000000001
      ],
      [
        40.199999999999996,
        87.80000000000001
      ],
      [
        40.199999999999996,
        87.80000000000001
      ],
      [
        40.199999999999996,
        87.80000000000001
      ],
      [
        40.199999999999996,
        87.80000000000001
      ],
      [
        40.199999999999996,
        87.80000000000001
      ],
      [
        40.199999999999996,
        87.80000000000001
      ],
      [
        40.199999999999996,
        87.80000000000001
      ],
      [
        40.199999999999996,
        87.80000000000001
      ],
      [
        40.199999999999996,
        87.80000000000001
      ]
    ],
    "RRLTP": [
      [
        31.1,
        91.99999999999999
      ],
      [
        31.1,
        91.99999999999999
      ],
      [
        31.1,
        91.99999999999999
      ],
      [
        31.1,
        91.99999999999999
      ],
      [
        31.1,
        91.99999999999999
      ],
      [
        31.1,
        91.99999999999999
      ],
      [
        31.1,
        91.99999999999999
      ],
      [
        31.1,
        91.99999999999999
      ],
      [
        31.1,
        91.99999999999999
      ],
      [
        31.1,
        91.99999999999999
      ]
    ],
    "RRECA": [
      [
        31.6,
        88.39999999999999
      ],
      [
        27.4,
        89.39999999999999
      ],
      [
        32.4,
        83.89999999999999
      ],
      [
        27.4,
        89.39999999999999
      ],
      [
        32.4,
        83.89999999999999
      ],
      [
        27.4,
        89.39999999999999
      ],
      [
        31.6,
        88.39999999999999
      ],
      [
        31.6,
        88.39999999999999
      ],
      [
        32.4,
        83.89999999999999
      ],
      [
        31.6,
        88.39999999999999
      ]
    ]
  },
  "60": {
    "FIFO": [
      [
        49.2,
        76.9
      ],
      [
        49.2,
        76.9
      ],
      [
        46.8,
        81.10000000000001
      ],
      [
        46.8,
        81.10000000000001
      ],
      [
        46.8,
        81.10000000000001
      ],
      [
        49.2,
        76.9
      ],
      [
        49.2,
        76.9
      ],
      [
        49.2,
        76.9
      ],
      [
        46.8,
        81.10000000000001
      ],
      [
        46.8,
        81.10000000000001
      ]
    ],