{
  "20": {
    "FIFO": [
      [
        215.00000000000006,
        305.9
      ],
      [
        215.00000000000006,
        305.9
      ],
      [
        215.00000000000006,
        305.9
      ],
      [
        215.00000000000006,
        305.9
      ]
    ],
    "LTP": [
      [
        90.2,
        293.2
      ],
      [
        98.7,
        287.99999999999994
      ],
      [
        98.7,
        287.99999999999994
      ],
      [
        90.2,
        293.2
      ],
      [
        90.2,
        293.2
      ],
      [
        90.2,
        293.2
      ],
      [
        90.2,
        293.2
      ],
      [
        98.7,
        287.99999999999994
      ],
      [
        90.2,
        293.2
      ]
    ],
    "STP": [
      [
        95.9,
        323.99999999999994
      ],
      [
        98.19999999999999,
        320.69999999999993
      ],
      [
        98.19999999999999,
        320.69999999999993
      ],
      [
        95.9,
        323.99999999999994
      ],
      [
        95.9,
        323.99999999999994
      ],
      [
        95.9,
        323.99999999999994
      ],
      [
        98.19999999999999,
        320.69999999999993
      ],
      [
        95.30000000000001,
        327.49999999999994
      ]
    ],
    "RRFIFO": [
      [
        108.80000000000001,
        283.40000000000003
      ],
      [
        108.80000000000001,
        283.40000000000003
      ],
      [
        108.80000000000001,
        283.40000000000003
      ],
      [
        108.80000000000001,
        283.40000000000003
      ],
      [
        108.80000000000001,
        283.40000000000003
      ],
      [
        108.80000000000001,
        283.40000000000003
      ],
      [
        108.80000000000001,
        283.40000000000003
      ]
    ],
    "RRLTP": [
      [
        110.69999999999999,
        306.40000000000003
      ],
      [
        110.69999999999999,
        306.40000000000003
      ],
      [
        110.69999999999999,
        306.40000000000003
      ],
      [
        110.69999999999999,
        306.40000000000003
      ],
      [
        110.69999999999999,
        306.40000000000003
      ],
      [
        110.69999999999999,
        306.40000000000003
      ],
      [
        110.69999999999999,
        306.40000000000003
      ],
      [
        110.69999999999999,
        306.40000000000003
      ],
      [
        110.69999999999999,
        306.40000000000003
      ],
      [
        110.69999999999999,
        306.40000000000003
      ]
    ],
    "RRECA": [
      [
        102.3,
        319.00000000000006
      ],
      [
        101.10000000000001,
        322.6000000000001
      ],
      [
        101.10000000000001,
        322.6000000000001
      ],
      [
        102.3,
        319.00000000000006
      ],
      [
        102.3,
        319.00000000000006
      ],
      [
        102.3,
        319.00000000000006
      ],
      [
        102.3,
        319.00000000000006
      ],
      [
        101.10000000000001,
        322.6000000000001
      ],
      [
        102.3,
        319.00000000000006
      ],
      [
        101.10000000000001,
        322.6000000000001
      ]
    ]
  },
  "40": {
    "FIFO": [
      [
        215.00000000000006,
        305.9
      ],
      [
        215.00000000000006,
        305.9
      ],
      [
        215.00000000000006,
        305.9
      ],
      [
        215.00000000000006,
        305.9
      ],
      [
        215.00000000000006,
        305.9
      ],
      [
        215.00000000000006,
        305.9
      ],
      [
        215.00000000000006,
        305.9
      ],
      [
        215.00000000000006,
        305.9
      ],
      [
        215.00000000000006,
        305.9
      ],
      [
        215.00000000000006,
        305.9
      ]
    ],
    "LTP": [
      [
        90.2,
        293.2
      ],
      [
        90.2,
        293.2
      ],
      [
        90.2,
        293.2
      ],
      [
        90.2,
        293.2
      ],
      [
        90.2,
        293.2
      ],
      [
        90.2,
        293.2
      ],
      [
        90.2,
        293.2
      ],
      [
        90.2,
        293.2
      ],
      [
        90.2,
        293.2
      ],
      [
        90.2,
        293.2
      ]
    ],
    "STP": [
      [
        98.19999999999999,
        320.69999999999993
      ],
      [
        106.7,
        318.19999999999993
      ],
      [
        98.19999999999999,
        320.69999999999993
      ],
      [
        106.7,
        318.19999999999993
      ],
      [
        106.7,
        318.19999999999993
      ],
      [
        98.19999999999999,
        320.69999999999993
      ],
      [
        106.7,
        318.19999999999993
      ],
      [
        98.19999999999999,
        320.69999999999993
      ],
      [
        106.7,
        318.19999999999993
      ],
      [
        106.7,
        318.19999999999993
      ]
    ],
    "RRFIFO": [
      [
        108.80000000000001,
        283.40000000000003
      ],
      [
        108.80000000000001,
        283.40000000000003
      ],
      [
        108.80000000000001,
        283.40000000000003
      ],
      [
        108.80000000000001,
        283.40000000000003
      ],
      [
        108.80000000000001,
        283.40000000000003
      ],
      [
        108.80000000000001,
        283.40000000000003
      ],
      [
        108.80000000000001,
        283.40000000000003
      ],
      [
        108.80000000000001,
        283.40000000000003
      ],
      [
        108.80000000000001,
        283.40000000000003
      ],
      [
        108.80000000000001,
        283.40000000000003
      ]
    ],
    "RRLTP": [
      [
        110.69999999999999,
        306.40000000000003
      ],
      [
        110.69999999999999,
        306.40000000000003
      ],
      [
        110.69999999999999,
        306.40000000000003
      ],
      [
        110.69999999999999,
        306.40000000000003
      ],
      [
        110.69999999999999,
        306.40000000000003
      ],
      [
        110.69999999999999,
        306.40000000000003
      ],
      [
        110.69999999999999,
        306.40000000000003
      ],
      [
        110.69999999999999,
        306.40000000000003
      ],
      [
        110.69999999999999,
        306.40000000000003
      ],
      [
        110.69999999999999,
        306.40000000000003
      ]
    ],
    "RRECA": [
      [
        101.10000000000001,
        322.6000000000001
      ],
      [
        101.10000000000001,
        322.6000000000001
      ],
      [
        101.10000000000001,
        322.6000000000001
      ],
      [
        101.10000000000001,
        322.6000000000001
      ],
      [
        101.10000000000001,
        322.6000000000001
      ],
      [
        101.10000000000001,
        322.6000000000001
      ],
      [
        101.10000000000001,
        322.6000000000001
      ],
      [
        101.10000000000001,
        322.6000000000001
      ],
      [
        101.10000000000001,
        322.6000000000001
      ],
      [
        101.10000000000001,
        322.6000000000001
      ]
    ]
  },
  "60": {
    "FIFO": [
      [
        215.00000000000006,
        305.9
      ],
      [
        215.00000000000006,
        305.9
      ],
      [
        215.00000000000006,
        305.9
      ],
      [
        215.00000000000006,
        305.9
      ],
      [
        215.00000000000006,
        305.9
      ],
      [
        215.00000000000006,
        305.9
      ],
      [
        215.00000000000006,
        305.9
      ],
      [
        215.00000000000006,
        305.9
      ],
      [
        215.00000000000006,
        305.9
      ],
      [
        215.00000000000006,
        305.9
      ]
    ],