{
  "20": {
    "FIFO": [
      [
        218.1,
        273.90000000000003
      ],
      [
        218.1,
        273.90000000000003
      ],
      [
        218.1,
        273.90000000000003
      ],
      [
        218.1,
        273.90000000000003
      ],
      [
        218.1,
        273.90000000000003
      ],
      [
        218.1,
        273.90000000000003
      ],
      [
        218.1,
        273.90000000000003
      ],
      [
        218.1,
        273.90000000000003
      ],
      [
        218.1,
        273.90000000000003
      ],
      [
        218.1,
        273.90000000000003
      ]
    ],
    "LTP": [
      [
        105.59999999999998,
        283.90000000000003
      ],
      [
        105.59999999999998,
        283.90000000000003
      ],
      [
        105.59999999999998,
        283.90000000000003
      ],
      [
        105.59999999999998,
        283.90000000000003
      ],
      [
        105.59999999999998,
        283.90000000000003
      ],
      [
        105.59999999999998,
        283.90000000000003
      ],
      [
        105.59999999999998,
        283.90000000000003
      ],
      [
        105.59999999999998,
        283.90000000000003
      ],
      [
        105.59999999999998,
        283.90000000000003
      ],
      [
        105.59999999999998,
        283.90000000000003
      ]
    ],
    "STP": [
      [
        94.30000000000001,
        309.09999999999997
      ],
      [
        101.60000000000001,
        305.09999999999997
      ],
      [
        94.30000000000001,
        309.09999999999997
      ],
      [
        101.60000000000001,
        305.09999999999997
      ],
      [
        94.30000000000001,
        309.09999999999997
      ],
      [
        94.30000000000001,
        309.09999999999997
      ],
      [
        94.30000000000001,
        309.09999999999997
      ],
      [
        94.30000000000001,
        309.09999999999997
      ],
      [
        94.30000000000001,
        309.09999999999997
      ],
      [
        94.30000000000001,
        309.09999999999997
      ]
    ],
    "RRFIFO": [
      [
        111.70000000000003,
        317.0
      ],
      [
        111.70000000000003,
        317.0
      ],
      [
        111.70000000000003,
        317.0
      ],
      [
        111.70000000000003,
        317.0
      ],
      [
        111.70000000000003,
        317.0
      ],
      [
        111.70000000000003,
        317.0
      ],
      [
        111.70000000000003,
        317.0
      ],
      [
        111.70000000000003,
        317.0
      ],
      [
        111.70000000000003,
        317.0
      ],
      [
        111.70000000000003,
        317.0
      ]
    ],
    "RRLTP": [
      [
        88.9,
        318.49999999999994
      ],
      [
        88.9,
        318.49999999999994
      ],
      [
        88.9,
        318.49999999999994
      ],
      [
        88.9,
        318.49999999999994
      ],
      [
        88.9,
        318.49999999999994
      ],
      [
        88.9,
        318.49999999999994
      ],
      [
        88.9,
        318.49999999999994
      ],
      [
        88.9,
        318.49999999999994
      ],
      [
        88.9,
        318.49999999999994
      ],
      [
        88.9,
        318.49999999999994
      ]
    ],
    "RRECA": [
      [
        108.50000000000001,
        313.5000000000001
      ],
      [
        113.99999999999999,
        312.7000000000001
      ],
      [
        108.50000000000001,
        313.5000000000001
      ],
      [
        113.99999999999999,
        312.7000000000001
      ],
      [
        108.50000000000001,
        313.5000000000001
      ],
      [
        108.50000000000001,
        313.5000000000001
      ],
      [
        108.50000000000001,
        313.5000000000001
      ],
      [
        108.50000000000001,
        313.5000000000001
      ],
      [
        108.50000000000001,
        313.5000000000001
      ],
      [
        108.50000000000001,
        313.5000000000001
      ]
    ]
  },
  "40": {
    "FIFO": [
      [
        218.1,
        273.90000000000003
      ],
      [
        218.1,
        273.90000000000003
      ],
      [
        218.1,
        273.90000000000003
      ],
      [
        218.1,
        273.90000000000003
      ],
      [
        218.1,
        273.90000000000003
      ],
      [
        218.1,
        273.90000000000003
      ],
      [
        218.1,
        273.90000000000003
      ],
      [
        218.1,
        273.90000000000003
      ],
      [
        218.1,
        273.90000000000003
      ],
      [
        218.1,
        273.90000000000003
      ]
    ],
    "LTP": [
      [
        105.59999999999998,
        283.90000000000003
      ],
      [
        105.59999999999998,
        283.90000000000003
      ],
      [
        105.59999999999998,
        283.90000000000003
      ],
      [
        105.59999999999998,
        283.90000000000003
      ],
      [
        105.59999999999998,
        283.90000000000003
      ],
      [
        105.59999999999998,
        283.90000000000003
      ],
      [
        105.59999999999998,
        283.90000000000003
      ],
      [
        105.59999999999998,
        283.90000000000003
      ],
      [
        105.59999999999998,
        283.90000000000003
      ],
      [
        105.59999999999998,
        283.90000000000003
      ]
    ],
    "STP": [
      [
        94.30000000000001,
        309.09999999999997
      ],
      [
        101.60000000000001,
        305.09999999999997
      ],
      [
        94.30000000000001,
        309.09999999999997
      ],
      [
        101.60000000000001,
        305.09999999999997
      ],
      [
        101.60000000000001,
        305.09999999999997
      ],
      [
        94.30000000000001,
        309.09999999999997
      ],
      [
        94.30000000000001,
        309.09999999999997
      ],
      [
        94.30000000000001,
        309.09999999999997
      ],
      [
        101.60000000000001,
        305.09999999999997
      ],
      [
        94.30000000000001,
        309.09999999999997
      ]
    ],
    "RRFIFO": [
      [
        111.70000000000003,
        317.0
      ],
      [
        111.70000000000003,
        317.0
      ],
      [
        111.70000000000003,
        317.0
      ],
      [
        111.70000000000003,
        317.0
      ],
      [
        111.70000000000003,
        317.0
      ],
      [
        111.70000000000003,
        317.0
      ],
      [
        111.70000000000003,
        317.0
      ],
      [
        111.70000000000003,
        317.0
      ],
      [
        111.70000000000003,
        317.0
      ],
      [
        111.70000000000003,
        317.0
      ]
    ],
    "RRLTP": [
      [
        88.9,
        318.49999999999994
      ],
      [
        88.9,
        318.49999999999994
      ],
      [
        88.9,
        318.49999999999994
      ],
      [
        88.9,
        318.49999999999994
      ],
      [
        88.9,
        318.49999999999994
      ],
      [
        88.9,
        318.49999999999994
      ],
      [
        88.9,
        318.49999999999994
      ],
      [
        88.9,
        318.49999999999994
      ],
      [
        88.9,
        318.49999999999994
      ],
      [
        88.9,
        318.49999999999994
      ]
    ],