{
  "20": {
    "FIFO": [
      [
        50.400000000000006,
        83.89999999999999
      ],
      [
        50.400000000000006,
        83.89999999999999
      ],
      [
        50.400000000000006,
        83.89999999999999
      ]
    ],
    "LTP": [
      [
        35.9,
        62.99999999999999
      ],
      [
        35.9,
        62.99999999999999
      ],
      [
        35.9,
        62.99999999999999
      ],
      [
        35.9,
        62.99999999999999
      ],
      [
        35.9,
        62.99999999999999
      ],
      [
        35.9,
        62.99999999999999
      ],
      [
        35.9,
        62.99999999999999
      ],
      [
        35.9,
        62.99999999999999
      ],
      [
        35.9,
        62.99999999999999
      ],
      [
        35.9,
        62.99999999999999
      ]
    ],
    "STP": [
      [
        37.1,
        80.8
      ],
      [
        37.1,
        80.8
      ],
      [
        37.1,
        80.8
      ],
      [
        37.1,
        80.8
      ],
      [
        37.1,
        80.8
      ],
      [
        37.1,
        80.8
      ],
      [
        37.1,
        80.8
      ],
      [
        37.1,
        80.8
      ],
      [
        37.1,
        80.8
      ],
      [
        37.1,
        80.8
      ]
    ],
    "RRFIFO": [
      [
        36.7,
        97.0
      ],
      [
        36.7,
        97.0
      ],
      [
        36.7,
        97.0
      ],
      [
        36.7,
        97.0
      ],
      [
        36.7,
        97.0
      ],
      [
        36.7,
        97.0
      ],
      [
        36.7,
        97.0
      ]
    ],
    "RRLTP": [
      [
        40.3,
        71.30000000000001
      ],
      [
        35.0,
        75.80000000000001
      ],
      [
        40.3,
        71.30000000000001
      ],
      [
        40.3,
        71.30000000000001
      ],
      [
        40.3,
        71.30000000000001
      ],
      [
        40.3,
        71.30000000000001
      ],
      [
        40.3,
        71.30000000000001
      ],
      [
        40.3,
        71.30000000000001
      ],
      [
        29.7,
        81.3
      ],
      [
        29.7,
        81.3
      ]
    ],
    "RRECA": [
      [
        36.5,
        91.4
      ],
      [
        40.50000000000001,
        83.0
      ],
      [
        36.5,
        91.4
      ],
      [
        40.50000000000001,
        83.0
      ],
      [
        37.5,
        86.9
      ],
      [
        37.5,
        86.9
      ],
      [
        36.5,
        91.4
      ],
      [
        36.5,
        91.4
      ]
    ]
  },
  "40": {
    "FIFO": [
      [
        50.400000000000006,
        83.89999999999999
      ],
      [
        50.400000000000006,
        83.89999999999999
      ],
      [
        50.400000000000006,
        83.89999999999999
      ],
      [
        50.400000000000006,
        83.89999999999999
      ],
      [
        50.400000000000006,
        83.89999999999999
      ],
      [
        50.400000000000006,
        83.89999999999999
      ],
      [
        50.400000000000006,
        83.89999999999999
      ],
      [
        50.400000000000006,
        83.89999999999999
      ],
      [
        50.400000000000006,
        83.89999999999999
      ],
      [
        50.400000000000006,
        83.89999999999999
      ]
    ],
    "LTP": [
      [
        35.9,
        62.99999999999999
      ],
      [
        35.9,
        62.99999999999999
      ],
      [
        35.9,
        62.99999999999999
      ],
      [
        35.9,
        62.99999999999999
      ],
      [
        35.9,
        62.99999999999999
      ],
      [
        35.9,
        62.99999999999999
      ],
      [
        35.9,
        62.99999999999999
      ],
      [
        35.9,
        62.99999999999999
      ],
      [
        35.9,
        62.99999999999999
      ],
      [
        35.9,
        62.99999999999999
      ]
    ],
    "STP": [
      [
        37.1,
        80.8
      ],
      [
        37.1,
        80.8
      ],
      [
        37.1,
        80.8
      ],
      [
        37.1,
        80.8
      ],
      [
        37.1,
        80.8
      ],
      [
        37.1,
        80.8
      ],
      [
        37.1,
        80.8
      ],
      [
        37.1,
        80.8
      ],
      [
        37.1,
        80.8
      ],
      [
        37.1,
        80.8
      ]
    ],
    "RRFIFO": [
      [
        36.7,
        97.0
      ],
      [
        36.7,
        97.0
      ],
      [
        36.7,
        97.0
      ],
      [
        36.7,
        97.0
      ],
      [
        36.7,
        97.0
      ],
      [
        36.7,
        97.0
      ],
      [
        36.7,
        97.0
      ],
      [
        36.7,
        97.0
      ],
      [
        36.7,
        97.0
      ],
      [
        36.7,
        97.0
      ]
    ],
    "RRLTP": [
      [
        40.3,
        71.30000000000001
      ],
      [
        40.3,
        71.30000000000001
      ],
      [
        40.3,
        71.30000000000001
      ],
      [
        40.3,
        71.30000000000001
      ],
      [
        40.3,
        71.30000000000001
      ],
      [
        40.3,
        71.30000000000001
      ],
      [
        40.3,
        71.30000000000001
      ],
      [
        40.3,
        71.30000000000001
      ],
      [
        40.3,
        71.30000000000001
      ],
      [
        40.3,
        71.30000000000001
      ]
    ],
    "RRECA": [
      [
        36.5,
        91.4
      ],
      [
        36.5,
        91.4
      ],
      [
        36.5,
        91.4
      ],
      [
        36.5,
        91.4
      ],
      [
        36.5,
        91.4
      ],
      [
        36.5,
        91.4
      ],
      [
        36.5,
        91.4
      ],
      [
        36.5,
        91.4
      ],
      [
        36.5,
        91.4
      ],
      [
        36.5,
        91.4
      ]
    ]
  },
  "60": {
    "FIFO": [
      [
        50.400000000000006,
        83.89999999999999
      ],
      [
        50.400000000000006,
        83.89999999999999
      ],
      [
        50.400000000000006,
        83.89999999999999
      ],
      [
        50.400000000000006,
        83.89999999999999
      ],
      [
        50.400000000000006,
        83.89999999999999
      ],
      [
        50.400000000000006,
        83.89999999999999
      ],
      [
        50.400000000000006,
        83.89999999999999
      ],
      [
        50.400000000000006,
        83.89999999999999
      ],
      [
        50.400000000000006,
        83.89999999999999
      ],
      [
        50.400000000000006,
        83.89999999999999
      ]
    ],
    "LTP": [
      [
        35.9,
        62.99999999999999
      ],
      [
        35.9,
        62.99999999999999
      ],
      [
        35.9,
        62.99999999999999
      ],
      [
        35.9,
        62.99999999999999
      ],
      [
        35.9,
        62.99999999999999
      ],
      [
        35.9,
        62.99999999999999
      ],
      [
        35.9,
        62.99999999999999
      ],
      [
        35.9,
        62.99999999999999
      ],
      [
        35.9,
        62.99999999999999
      ],
      [
        35.9,
        62.99999999999999
      ]
    ],
    "STP": [
      [
        37.1,
        80.8
      ],
      [
        37.1,
        80.8
      ],
      [
        37.1,
        80.8
      ],
      [
        37.1,
        80.8
      ],
      [
        37.1,
        80.8
      ],
      [
        37.1,
        80.8
      ],
      [
        37.1,
        80.8
      ],
      [
        37.1,
        80.8
      ],
      [
        37.1,
        80.8
      ],
      [
        37.1,
        80.8
      ]
    ],