{
  "20": {
    "FIFO": [
      [
        60.8,
        78.7
      ],
      [
        60.8,
        78.7
      ],
      [
        60.8,
        78.7
      ],
      [
        60.8,
        78.7
      ],
      [
        60.8,
        78.7
      ],
      [
        60.8,
        78.7
      ],
      [
        60.8,
        78.7
      ],
      [
        60.8,
        78.7
      ],
      [
        60.8,
        78.7
      ],
      [
        60.8,
        78.7
      ]
    ],
    "LTP": [
      [
        30.700000000000003,
        78.19999999999997
      ],
      [
        30.700000000000003,
        78.19999999999997
      ],
      [
        30.700000000000003,
        78.19999999999997
      ],
      [
        30.700000000000003,
        78.19999999999997
      ],
      [
        30.700000000000003,
        78.19999999999997
      ],
      [
        30.700000000000003,
        78.19999999999997
      ],
      [
        30.700000000000003,
        78.19999999999997
      ],
      [
        30.700000000000003,
        78.19999999999997
      ],
      [
        30.700000000000003,
        78.19999999999997
      ],
      [
        30.700000000000003,
        78.19999999999997
      ]
    ],
    "STP": [
      [
        35.599999999999994,
        83.50000000000001
      ],
      [
        35.599999999999994,
        83.50000000000001
      ],
      [
        35.599999999999994,
        83.50000000000001
      ],
      [
        35.599999999999994,
        83.50000000000001
      ],
      [
        35.599999999999994,
        83.50000000000001
      ],
      [
        35.599999999999994,
        83.50000000000001
      ],
      [
        35.599999999999994,
        83.50000000000001
      ],
      [
        35.599999999999994,
        83.50000000000001
      ],
      [
        35.599999999999994,
        83.50000000000001
      ],
      [
        35.599999999999994,
        83.50000000000001
      ]
    ],
    "RRFIFO": [
      [
        37.699999999999996,
        94.3
      ],
      [
        37.699999999999996,
        94.3
      ],
      [
        37.699999999999996,
        94.3
      ],
      [
        37.699999999999996,
        94.3
      ],
      [
        37.699999999999996,
        94.3
      ],
      [
        37.699999999999996,
        94.3
      ],
      [
        37.699999999999996,
        94.3
      ],
      [
        37.699999999999996,
        94.3
      ],
      [
        37.699999999999996,
        94.3
      ],
      [
        37.699999999999996,
        94.3
      ]
    ],
    "RRLTP": [
      [
        37.1,
        82.6
      ],
      [
        37.1,
        82.6
      ],
      [
        37.1,
        82.6
      ],
      [
        37.1,
        82.6
      ],
      [
        37.1,
        82.6
      ],
      [
        37.1,
        82.6
      ],
      [
        37.1,
        82.6
      ],
      [
        37.1,
        82.6
      ],
      [
        37.1,
        82.6
      ],
      [
        37.1,
        82.6
      ]
    ],
    "RRECA": [
      [
        49.5,
        104.7
      ],
      [
        49.5,
        104.7
      ],
      [
        49.5,
        104.7
      ],
      [
        49.5,
        104.7
      ],
      [
        49.5,
        104.7
      ],
      [
        49.5,
        104.7
      ],
      [
        49.5,
        104.7
      ],
      [
        49.5,
        104.7
      ],
      [
        49.5,
        104.7
      ],
      [
        49.5,
        104.7
      ]
    ]
  },
  "40": {
    "FIFO": [
      [
        60.8,
        78.7
      ],
      [
        60.8,
        78.7
      ],
      [
        60.8,
        78.7
      ],
      [
        60.8,
        78.7
      ],
      [
        60.8,
        78.7
      ],
      [
        60.8,
        78.7
      ],
      [
        60.8,
        78.7
      ],
      [
        60.8,
        78.7
      ],
      [
        60.8,
        78.7
      ],
      [
        60.8,
        78.7
      ]
    ],
    "LTP": [
      [
        30.700000000000003,
        78.19999999999997
      ],
      [
        30.700000000000003,
        78.19999999999997
      ],
      [
        30.700000000000003,
        78.19999999999997
      ],
      [
        30.700000000000003,
        78.19999999999997
      ],
      [
        30.700000000000003,
        78.19999999999997
      ],
      [
        30.700000000000003,
        78.19999999999997
      ],
      [
        30.700000000000003,
        78.19999999999997
      ],
      [
        30.700000000000003,
        78.19999999999997
      ],
      [
        30.700000000000003,
        78.19999999999997
      ],
      [
        30.700000000000003,
        78.19999999999997
      ]
    ],
    "STP": [
      [
        35.599999999999994,
        83.50000000000001
      ],
      [
        35.599999999999994,
        83.50000000000001
      ],
      [
        35.599999999999994,
        83.50000000000001
      ],
      [
        35.599999999999994,
        83.50000000000001
      ],
      [
        35.599999999999994,
        83.50000000000001
      ],
      [
        35.599999999999994,
        83.50000000000001
      ],
      [
        35.599999999999994,
        83.50000000000001
      ],
      [
        35.599999999999994,
        83.50000000000001
      ],
      [
        35.599999999999994,
        83.50000000000001
      ],
      [
        35.599999999999994,
        83.50000000000001
      ]
    ],
    "RRFIFO": [
      [
        37.699999999999996,
        94.3
      ],
      [
        37.699999999999996,
        94.3
      ],
      [
        37.699999999999996,
        94.3
      ],
      [
        37.699999999999996,
        94.3
      ],
      [
        37.699999999999996,
        94.3
      ],
      [
        37.699999999999996,
        94.3
      ],
      [
        37.699999999999996,
        94.3
      ],
      [
        37.699999999999996,
        94.3
      ],
      [
        37.699999999999996,
        94.3
      ],
      [
        37.699999999999996,
        94.3
      ]
    ],
    "RRLTP": [
      [
        37.1,
        82.6
      ],
      [
        37.1,
        82.6
      ],
      [
        37.1,
        82.6
      ],
      [
        37.1,
        82.6
      ],
      [
        37.1,
        82.6
      ],
      [
        37.1,
        82.6
      ],
      [
        37.1,
        82.6
      ],
      [
        37.1,
        82.6
      ],
      [
        37.1,
        82.6
      ],
      [
        37.1,
        82.6
      ]
    ],
    "RRECA": [
      [
        49.5,
        104.7
      ],
      [
        49.5,
        104.7
      ],
      [
        49.5,
        104.7
      ],
      [
        49.5,
        104.7
      ],
      [
        49.5,
        104.7
      ],
      [
        49.5,
        104.7
      ],
      [
        49.5,
        104.7
      ],
      [
        49.5,
        104.7
      ],
      [
        49.5,
        104.7
      ],
      [
        49.5,
        104.7
      ]
    ]
  },
  "60": {
    "FIFO": [
      [
        60.199999999999996,
        77.10000000000001
      ],
      [
        48.900000000000006,
        85.5
      ],
      [
        60.8,
        73.60000000000001
      ],
      [
        60.8,
        73.60000000000001
      ],
      [
        52.900000000000006,
        81.0
      ],
      [
        60.199999999999996,
        77.10000000000001
      ],
      [
        48.900000000000006,
        85.5
      ],
      [
        55.0,
        78.1
      ],
      [
        52.900000000000006,
        81.0
      ],
      [
        60.8,
        73.60000000000001
      ]
    ],