{
  "20": {
    "FIFO": [
      [
        73.4,
        76.2
      ],
      [
        73.4,
        76.2
      ],
      [
        73.4,
        76.2
      ],
      [
        73.4,
        76.2
      ],
      [
        73.4,
        76.2
      ],
      [
        73.4,
        76.2
      ],
      [
        73.4,
        76.2
      ],
      [
        73.4,
        76.2
      ],
      [
        73.4,
        76.2
      ],
      [
        73.4,
        76.2
      ]
    ],
    "LTP": [
      [
        51.60000000000001,
        97.1
      ],
      [
        51.60000000000001,
        97.1
      ],
      [
        51.60000000000001,
        97.1
      ],
      [
        51.60000000000001,
        97.1
      ],
      [
        51.60000000000001,
        97.1
      ],
      [
        51.60000000000001,
        97.1
      ],
      [
        51.60000000000001,
        97.1
      ],
      [
        51.60000000000001,
        97.1
      ],
      [
        51.60000000000001,
        97.1
      ],
      [
        51.60000000000001,
        97.1
      ]
    ],
    "STP": [
      [
        38.5,
        98.6
      ],
      [
        38.5,
        98.6
      ],
      [
        38.5,
        98.6
      ],
      [
        38.5,
        98.6
      ],
      [
        38.5,
        98.6
      ],
      [
        38.5,
        98.6
      ],
      [
        38.5,
        98.6
      ],
      [
        38.5,
        98.6
      ],
      [
        38.5,
        98.6
      ],
      [
        38.5,
        98.6
      ]
    ],
    "RRFIFO": [
      [
        43.1,
        83.3
      ],
      [
        43.1,
        83.3
      ],
      [
        43.1,
        83.3
      ],
      [
        43.1,
        83.3
      ],
      [
        43.1,
        83.3
      ],
      [
        43.1,
        83.3
      ],
      [
        43.1,
        83.3
      ],
      [
        43.1,
        83.3
      ],
      [
        43.1,
        83.3
      ],
      [
        43.1,
        83.3
      ]
    ],
    "RRLTP": [
      [
        37.3,
        86.80000000000001
      ],
      [
        37.3,
        86.80000000000001
      ],
      [
        37.3,
        86.80000000000001
      ],
      [
        37.3,
        86.80000000000001
      ],
      [
        37.3,
        86.80000000000001
      ],
      [
        37.3,
        86.80000000000001
      ],
      [
        37.3,
        86.80000000000001
      ],
      [
        37.3,
        86.80000000000001
      ],
      [
        37.3,
        86.80000000000001
      ],
      [
        37.3,
        86.80000000000001
      ]
    ],
    "RRECA": [
      [
        55.400000000000006,
        75.7
      ],
      [
        55.400000000000006,
        75.7
      ],
      [
        55.400000000000006,
        75.7
      ],
      [
        55.400000000000006,
        75.7
      ],
      [
        55.400000000000006,
        75.7
      ],
      [
        55.400000000000006,
        75.7
      ],
      [
        55.400000000000006,
        75.7
      ],
      [
        55.400000000000006,
        75.7
      ],
      [
        55.400000000000006,
        75.7
      ],
      [
        55.400000000000006,
        75.7
      ]
    ]
  },
  "40": {
    "FIFO": [
      [
        73.4,
        76.2
      ],
      [
        73.4,
        76.2
      ],
      [
        73.4,
        76.2
      ],
      [
        73.4,
        76.2
      ],
      [
        73.4,
        76.2
      ],
      [
        73.4,
        76.2
      ],
      [
        73.4,
        76.2
      ],
      [
        73.4,
        76.2
      ],
      [
        73.4,
        76.2
      ],
      [
        73.4,
        76.2
      ]
    ],
    "LTP": [
      [
        51.60000000000001,
        97.1
      ],
      [
        51.60000000000001,
        97.1
      ],
      [
        51.60000000000001,
        97.1
      ],
      [
        51.60000000000001,
        97.1
      ],
      [
        51.60000000000001,
        97.1
      ],
      [
        51.60000000000001,
        97.1
      ],
      [
        51.60000000000001,
        97.1
      ],
      [
        51.60000000000001,
        97.1
      ],
      [
        51.60000000000001,
        97.1
      ],
      [
        51.60000000000001,
        97.1
      ]
    ],
    "STP": [
      [
        36.300000000000004,
        77.4
      ],
      [
        30.4,
        89.3
      ],
      [
        36.300000000000004,
        77.4
      ],
      [
        30.4,
        89.3
      ],
      [
        30.4,
        89.3
      ],
      [
        33.8,
        80.60000000000001
      ],
      [
        33.8,
        80.60000000000001
      ],
      [
        33.8,
        80.60000000000001
      ],
      [
        33.8,
        80.60000000000001
      ],
      [
        36.300000000000004,
        77.4
      ]
    ],
    "RRFIFO": [
      [
        43.1,
        83.3
      ],
      [
        43.1,
        83.3
      ],
      [
        43.1,
        83.3
      ],
      [
        43.1,
        83.3
      ],
      [
        43.1,
        83.3
      ],
      [
        43.1,
        83.3
      ],
      [
        43.1,
        83.3
      ],
      [
        43.1,
        83.3
      ],
      [
        43.1,
        83.3
      ],
      [
        43.1,
        83.3
      ]
    ],
    "RRLTP": [
      [
        37.3,
        86.80000000000001
      ],
      [
        37.3,
        86.80000000000001
      ],
      [
        37.3,
        86.80000000000001
      ],
      [
        37.3,
        86.80000000000001
      ],
      [
        37.3,
        86.80000000000001
      ],
      [
        37.3,
        86.80000000000001
      ],
      [
        37.3,
        86.80000000000001
      ],
      [
        37.3,
        86.80000000000001
      ],
      [
        37.3,
        86.80000000000001
      ],
      [
        37.3,
        86.80000000000001
      ]
    ],
    "RRECA": [
      [
        55.400000000000006,
        75.7
      ],
      [
        55.400000000000006,
        75.7
      ],
      [
        55.400000000000006,
        75.7
      ],
      [
        55.400000000000006,
        75.7
      ],
      [
        55.400000000000006,
        75.7
      ],
      [
        55.400000000000006,
        75.7
      ],
      [
        55.400000000000006,
        75.7
      ],
      [
        55.400000000000006,
        75.7
      ],
      [
        55.400000000000006,
        75.7
      ],
      [
        55.400000000000006,
        75.7
      ]
    ]
  },
  "60": {
    "FIFO": [
      [
        73.4,
        76.2
      ],
      [
        73.4,
        76.2
      ],
      [
        73.4,
        76.2
      ],
      [
        73.4,
        76.2
      ],
      [
        73.4,
        76.2
      ],
      [
        73.4,
        76.2
      ],
      [
        73.4,
        76.2
      ],
      [
        73.4,
        76.2
      ],
      [
        73.4,
        76.2
      ],
      [
        73.4,
        76.2
      ]
    ],
    "LTP": [
      [
        51.60000000000001,
        97.1
      ],
      [
        51.60000000000001,
        97.1
      ],
      [
        51.60000000000001,
        97.1
      ],
      [
        51.60000000000001,
        97.1
      ],
      [
        51.60000000000001,
        97.1
      ],
      [
        51.60000000000001,
        97.1
      ],
      [
        51.60000000000001,
        97.1
      ],
      [
        51.60000000000001,
        97.1
      ],
      [
        51.60000000000001,
        97.1
      ],
      [
        51.60000000000001,
        97.1
      ]
    ],