{
  "20": {
    "FIFO": [
      [
        61.9,
        90.89999999999999
      ],
      [
        61.9,
        90.89999999999999
      ],
      [
        61.9,
        90.89999999999999
      ],
      [
        61.9,
        90.89999999999999
      ],
      [
        61.9,
        90.89999999999999
      ],
      [
        61.9,
        90.89999999999999
      ],
      [
        61.9,
        90.89999999999999
      ],
      [
        61.9,
        90.89999999999999
      ],
      [
        61.9,
        90.89999999999999
      ],
      [
        61.9,
        90.89999999999999
      ]
    ],
    "LTP": [
      [
        34.9,
        79.2
      ],
      [
        34.9,
        79.2
      ],
      [
        34.9,
        79.2
      ],
      [
        34.9,
        79.2
      ],
      [
        34.9,
        79.2
      ],
      [
        34.9,
        79.2
      ],
      [
        34.9,
        79.2
      ],
      [
        34.9,
        79.2
      ],
      [
        34.9,
        79.2
      ],
      [
        34.9,
        79.2
      ]
    ],
    "STP": [
      [
        39.9,
        69.30000000000001
      ],
      [
        39.9,
        69.30000000000001
      ],
      [
        39.9,
        69.30000000000001
      ],
      [
        39.9,
        69.30000000000001
      ],
      [
        39.9,
        69.30000000000001
      ],
      [
        39.9,
        69.30000000000001
      ],
      [
        39.9,
        69.30000000000001
      ],
      [
        39.9,
        69.30000000000001
      ],
      [
        39.9,
        69.30000000000001
      ],
      [
        39.9,
        69.30000000000001
      ]
    ],
    "RRFIFO": [
      [
        30.4,
        83.4
      ],
      [
        30.4,
        83.4
      ],
      [
        30.4,
        83.4
      ],
      [
        30.4,
        83.4
      ],
      [
        30.4,
        83.4
      ],
      [
        30.4,
        83.4
      ],
      [
        30.4,
        83.4
      ],
      [
        30.4,
        83.4
      ],
      [
        30.4,
        83.4
      ],
      [
        30.4,
        83.4
      ]
    ],
    "RRLTP": [
      [
        35.6,
        108.1
      ],
      [
        33.6,
        109.1
      ],
      [
        35.6,
        108.1
      ],
      [
        33.6,
        109.1
      ],
      [
        35.6,
        108.1
      ],
      [
        35.6,
        108.1
      ],
      [
        33.6,
        109.1
      ],
      [
        35.6,
        108.1
      ],
      [
        35.6,
        108.1
      ],
      [
        35.6,
        108.1
      ]
    ],
    "RRECA": [
      [
        40.099999999999994,
        95.2
      ],
      [
        40.099999999999994,
        95.2
      ],
      [
        40.099999999999994,
        95.2
      ],
      [
        40.099999999999994,
        95.2
      ],
      [
        40.099999999999994,
        95.2
      ],
      [
        40.099999999999994,
        95.2
      ],
      [
        40.099999999999994,
        95.2
      ],
      [
        40.099999999999994,
        95.2
      ],
      [
        40.099999999999994,
        95.2
      ],
      [
        40.099999999999994,
        95.2
      ]
    ]
  },
  "40": {
    "FIFO": [
      [
        61.9,
        90.89999999999999
      ],
      [
        61.9,
        90.89999999999999
      ],
      [
        61.9,
        90.89999999999999
      ],
      [
        61.9,
        90.89999999999999
      ],
      [
        61.9,
        90.89999999999999
      ],
      [
        61.9,
        90.89999999999999
      ],
      [
        61.9,
        90.89999999999999
      ],
      [
        61.9,
        90.89999999999999
      ],
      [
        61.9,
        90.89999999999999
      ],
      [
        61.9,
        90.89999999999999
      ]
    ],
    "LTP": [
      [
        34.9,
        79.2
      ],
      [
        34.9,
        79.2
      ],
      [
        34.9,
        79.2
      ],
      [
        34.9,
        79.2
      ],
      [
        34.9,
        79.2
      ],
      [
        34.9,
        79.2
      ],
      [
        34.9,
        79.2
      ],
      [
        34.9,
        79.2
      ],
      [
        34.9,
        79.2
      ],
      [
        34.9,
        79.2
      ]
    ],
    "STP": [
      [
        39.9,
        69.30000000000001
      ],
      [
        39.9,
        69.30000000000001
      ],
      [
        39.9,
        69.30000000000001
      ],
      [
        39.9,
        69.30000000000001
      ],
      [
        39.9,
        69.30000000000001
      ],
      [
        39.9,
        69.30000000000001
      ],
      [
        39.9,
        69.30000000000001
      ],
      [
        39.9,
        69.30000000000001
      ],
      [
        39.9,
        69.30000000000001
      ],
      [
        39.9,
        69.30000000000001
      ]
    ],
    "RRFIFO": [
      [
        30.4,
        83.4
      ],
      [
        30.4,
        83.4
      ],
      [
        30.4,
        83.4
      ],
      [
        30.4,
        83.4
      ],
      [
        30.4,
        83.4
      ],
      [
        30.4,
        83.4
      ],
      [
        30.4,
        83.4
      ],
      [
        30.4,
        83.4
      ],
      [
        30.4,
        83.4
      ],
      [
        30.4,
        83.4
      ]
    ],
    "RRLTP": [
      [
        35.6,
        108.1
      ],
      [
        33.6,
        109.1
      ],
      [
        35.6,
        108.1
      ],
      [
        33.6,
        109.1
      ],
      [
        33.6,
        109.1
      ],
      [
        35.6,
        108.1
      ],
      [
        33.6,
        109.1
      ],
      [
        35.6,
        108.1
      ],
      [
        33.6,
        109.1
      ],
      [
        33.6,
        109.1
      ]
    ],
    "RRECA": [
      [
        40.099999999999994,
        95.2
      ],
      [
        40.099999999999994,
        95.2
      ],
      [
        40.099999999999994,
        95.2
      ],
      [
        40.099999999999994,
        95.2
      ],
      [
        40.099999999999994,
        95.2
      ],
      [
        40.099999999999994,
        95.2
      ],
      [
        40.099999999999994,
        95.2
      ],
      [
        40.099999999999994,
        95.2
      ],
      [
        40.099999999999994,
        95.2
      ],
      [
        40.099999999999994,
        95.2
      ]
    ]
  },
  "60": {
    "FIFO": [
      [
        61.9,
        90.89999999999999
      ],
      [
        61.9,
        90.89999999999999
      ],
      [
        61.9,
        90.89999999999999
      ],
      [
        61.9,
        90.89999999999999
      ],
      [
        61.9,
        90.89999999999999
      ],
      [
        61.9,
        90.89999999999999
      ],
      [
        61.9,
        90.89999999999999
      ],
      [
        61.9,
        90.89999999999999
      ],
      [
        61.9,
        90.89999999999999
      ],
      [
        61.9,
        90.89999999999999
      ]
    ],
    "LTP": [
      [
        34.9,
        79.2
      ],
      [
        34.9,
        79.2
      ],
      [
        34.9,
        79.2
      ],
      [
        34.9,
        79.2
      ],
      [
        34.9,
        79.2
      ],
      [
        34.9,
        79.2
      ],
      [
        34.9,
        79.2
      ],
      [
        34.9,
        79.2
      ],
      [
        34.9,
        79.2
      ],
      [
        34.9,
        79.2
      ]
    ],