{
  "20": {
    "FIFO": [
      [
        59.999999999999986,
        99.5
      ],
      [
        59.999999999999986,
        99.5
      ],
      [
        59.999999999999986,
        99.5
      ],
      [
        59.999999999999986,
        99.5
      ],
      [
        59.999999999999986,
        99.5
      ],
      [
        59.999999999999986,
        99.5
      ],
      [
        59.999999999999986,
        99.5
      ],
      [
        59.999999999999986,
        99.5
      ],
      [
        59.999999999999986,
        99.5
      ],
      [
        59.999999999999986,
        99.5
      ]
    ],
    "LTP": [
      [
        30.800000000000004,
        97.8
      ],
      [
        30.800000000000004,
        97.8
      ],
      [
        30.800000000000004,
        97.8
      ],
      [
        30.800000000000004,
        97.8
      ],
      [
        30.800000000000004,
        97.8
      ],
      [
        30.800000000000004,
        97.8
      ],
      [
        30.800000000000004,
        97.8
      ],
      [
        30.800000000000004,
        97.8
      ],
      [
        30.800000000000004,
        97.8
      ],
      [
        30.800000000000004,
        97.8
      ]
    ],
    "STP": [
      [
        35.199999999999996,
        102.2
      ],
      [
        35.199999999999996,
        102.2
      ],
      [
        35.199999999999996,
        102.2
      ],
      [
        35.199999999999996,
        102.2
      ],
      [
        35.199999999999996,
        102.2
      ],
      [
        35.199999999999996,
        102.2
      ],
      [
        35.199999999999996,
        102.2
      ],
      [
        35.199999999999996,
        102.2
      ],
      [
        35.199999999999996,
        102.2
      ],
      [
        35.199999999999996,
        102.2
      ]
    ],
    "RRFIFO": [
      [
        34.6,
        86.2
      ],
      [
        34.6,
        86.2
      ],
      [
        34.6,
        86.2
      ],
      [
        34.6,
        86.2
      ],
      [
        34.6,
        86.2
      ],
      [
        34.6,
        86.2
      ],
      [
        34.6,
        86.2
      ],
      [
        34.6,
        86.2
      ],
      [
        34.6,
        86.2
      ],
      [
        34.6,
        86.2
      ]
    ],
    "RRLTP": [
      [
        49.5,
        86.49999999999999
      ],
      [
        49.5,
        86.49999999999999
      ],
      [
        49.5,
        86.49999999999999
      ],
      [
        49.5,
        86.49999999999999
      ],
      [
        49.5,
        86.49999999999999
      ],
      [
        49.5,
        86.49999999999999
      ],
      [
        49.5,
        86.49999999999999
      ],
      [
        49.5,
        86.49999999999999
      ],
      [
        49.5,
        86.49999999999999
      ],
      [
        49.5,
        86.49999999999999
      ]
    ],
    "RRECA": [
      [
        43.599999999999994,
        76.60000000000002
      ],
      [
        43.599999999999994,
        76.60000000000002
      ],
      [
        43.599999999999994,
        76.60000000000002
      ],
      [
        43.599999999999994,
        76.60000000000002
      ],
      [
        43.599999999999994,
        76.60000000000002
      ],
      [
        43.599999999999994,
        76.60000000000002
      ],
      [
        43.599999999999994,
        76.60000000000002
      ],
      [
        43.599999999999994,
        76.60000000000002
      ],
      [
        43.599999999999994,
        76.60000000000002
      ],
      [
        43.599999999999994,
        76.60000000000002
      ]
    ]
  },
  "40": {
    "FIFO": [
      [
        59.999999999999986,
        99.5
      ],
      [
        59.999999999999986,
        99.5
      ],
      [
        59.999999999999986,
        99.5
      ],
      [
        59.999999999999986,
        99.5
      ],
      [
        59.999999999999986,
        99.5
      ],
      [
        59.999999999999986,
        99.5
      ],
      [
        59.999999999999986,
        99.5
      ],
      [
        59.999999999999986,
        99.5
      ],
      [
        59.999999999999986,
        99.5
      ],
      [
        59.999999999999986,
        99.5
      ]
    ],
    "LTP": [
      [
        30.800000000000004,
        97.8
      ],
      [
        30.800000000000004,
        97.8
      ],
      [
        30.800000000000004,
        97.8
      ],
      [
        30.800000000000004,
        97.8
      ],
      [
        30.800000000000004,
        97.8
      ],
      [
        30.800000000000004,
        97.8
      ],
      [
        30.800000000000004,
        97.8
      ],
      [
        30.800000000000004,
        97.8
      ],
      [
        30.800000000000004,
        97.8
      ],
      [
        30.800000000000004,
        97.8
      ]
    ],
    "STP": [
      [
        33.8,
        87.7
      ],
      [
        35.800000000000004,
        74.30000000000001
      ],
      [
        33.8,
        87.7
      ],
      [
        35.3,
        81.7
      ],
      [
        33.8,
        87.7
      ],
      [
        33.8,
        87.7
      ],
      [
        33.8,
        87.7
      ]
    ],
    "RRFIFO": [
      [
        34.6,
        86.2
      ],
      [
        34.6,
        86.2
      ],
      [
        34.6,
        86.2
      ],
      [
        34.6,
        86.2
      ],
      [
        34.6,
        86.2
      ],
      [
        34.6,
        86.2
      ],
      [
        34.6,
        86.2
      ],
      [
        34.6,
        86.2
      ],
      [
        34.6,
        86.2
      ],
      [
        34.6,
        86.2
      ]
    ],
    "RRLTP": [
      [
        49.5,
        86.49999999999999
      ],
      [
        49.5,
        86.49999999999999
      ],
      [
        49.5,
        86.49999999999999
      ],
      [
        49.5,
        86.49999999999999
      ],
      [
        49.5,
        86.49999999999999
      ],
      [
        49.5,
        86.49999999999999
      ],
      [
        49.5,
        86.49999999999999
      ],
      [
        49.5,
        86.49999999999999
      ],
      [
        49.5,
        86.49999999999999
      ],
      [
        49.5,
        86.49999999999999
      ]
    ],
    "RRECA": [
      [
        43.599999999999994,
        72.10000000000001
      ],
      [
        36.599999999999994,
        84.7
      ],
      [
        43.599999999999994,
        72.10000000000001
      ],
      [
        34.4,
        95.70000000000002
      ],
      [
        34.7,
        85.60000000000002
      ],
      [
        43.599999999999994,
        72.10000000000001
      ],
      [
        31.800000000000004,
        108.7
      ],
      [
        31.800000000000004,
        108.7
      ],
      [
        38.5,
        80.20000000000002
      ]
    ]
  },
  "60": {
    "FIFO": [
      [
        59.999999999999986,
        99.5
      ],
      [
        59.999999999999986,
        99.5
      ],
      [
        59.999999999999986,
        99.5
      ],
      [
        59.999999999999986,
        99.5
      ],
      [
        59.999999999999986,
        99.5
      ],
      [
        59.999999999999986,
        99.5
      ],
      [
        59.999999999999986,
        99.5
      ],
      [
        59.999999999999986,
        99.5
      ],
      [
        59.999999999999986,
        99.5
      ],
      [
        59.999999999999986,
        99.5
      ]
    ],