{
  "20": {
    "FIFO": [
      [
        183.80000000000004,
        291.4999999999999
      ],
      [
        212.70000000000005,
        277.4999999999999
      ],
      [
        183.80000000000004,
        291.4999999999999
      ],
      [
        183.80000000000004,
        291.4999999999999
      ],
      [
        203.40000000000003,
        279.5999999999999
      ],
      [
        183.80000000000004,
        291.4999999999999
      ],
      [
        183.80000000000004,
        291.4999999999999
      ],
      [
        201.00000000000003,
        289.9
      ]
    ],
    "LTP": [
      [
        95.20000000000002,
        290.09999999999997
      ],
      [
        86.2,
        306.9
      ],
      [
        86.2,
        306.9
      ],
      [
        86.2,
        306.9
      ],
      [
        86.2,
        306.9
      ],
      [
        90.50000000000001,
        301.79999999999995
      ],
      [
        97.4,
        288.29999999999995
      ]
    ],
    "STP": [
      [
        103.2,
        307.8999999999999
      ],
      [
        91.9,
        325.9999999999999
      ],
      [
        83.8,
        327.2999999999999
      ],
      [
        91.9,
        325.9999999999999
      ],
      [
        94.99999999999999,
        316.9999999999999
      ]
    ],
    "RRFIFO": [
      [
        108.70000000000002,
        288.3
      ],
      [
        93.8,
        306.29999999999995
      ],
      [
        93.8,
        306.29999999999995
      ],
      [
        101.0,
        306.19999999999993
      ],
      [
        93.8,
        306.29999999999995
      ],
      [
        107.80000000000003,
        289.40000000000003
      ]
    ],
    "RRLTP": [
      [
        119.1,
        284.20000000000016
      ],
      [
        99.3,
        329.7000000000001
      ],
      [
        118.60000000000001,
        300.10000000000014
      ],
      [
        99.3,
        329.7000000000001
      ],
      [
        99.3,
        329.7000000000001
      ],
      [
        99.3,
        329.7000000000001
      ],
      [
        111.00000000000001,
        303.7000000000001
      ]
    ],
    "RRECA": [
      [
        118.00000000000001,
        315.20000000000005
      ],
      [
        113.30000000000001,
        322.70000000000005
      ],
      [
        113.30000000000001,
        322.70000000000005
      ],
      [
        99.0,
        333.50000000000006
      ]
    ]
  },
  "40": {
    "FIFO": [
      [
        207.20000000000005,
        285.19999999999993
      ],
      [
        207.20000000000005,
        285.19999999999993
      ],
      [
        207.20000000000005,
        285.19999999999993
      ],
      [
        207.20000000000005,
        285.19999999999993
      ],
      [
        207.20000000000005,
        285.19999999999993
      ],
      [
        207.20000000000005,
        285.19999999999993
      ],
      [
        207.20000000000005,
        285.19999999999993
      ],
      [
        207.20000000000005,
        285.19999999999993
      ],
      [
        207.20000000000005,
        285.19999999999993
      ],
      [
        207.20000000000005,
        285.19999999999993
      ]
    ],
    "LTP": [
      [
        94.10000000000001,
        293.09999999999997
      ],
      [
        88.60000000000001,
        294.29999999999995
      ],
      [
        88.60000000000001,
        294.29999999999995
      ],
      [
        88.60000000000001,
        294.29999999999995
      ],
      [
        88.60000000000001,
        294.29999999999995
      ],
      [
        88.60000000000001,
        294.29999999999995
      ],
      [
        94.10000000000001,
        293.09999999999997
      ],
      [
        94.10000000000001,
        293.09999999999997
      ]
    ],
    "STP": [
      [
        92.1,
        312.8999999999999
      ],
      [
        92.1,
        312.8999999999999
      ],
      [
        87.09999999999998,
        318.19999999999993
      ],
      [
        87.09999999999998,
        318.19999999999993
      ],
      [
        87.09999999999998,
        318.19999999999993
      ],
      [
        92.1,
        312.8999999999999
      ],
      [
        92.1,
        312.8999999999999
      ],
      [
        92.1,
        312.8999999999999
      ],
      [
        87.09999999999998,
        318.19999999999993
      ]
    ],
    "RRFIFO": [
      [
        96.50000000000001,
        280.59999999999997
      ],
      [
        100.90000000000002,
        279.69999999999993
      ],
      [
        100.90000000000002,
        279.69999999999993
      ],
      [
        100.90000000000002,
        279.69999999999993
      ],
      [
        100.90000000000002,
        279.69999999999993
      ],
      [
        100.90000000000002,
        279.69999999999993
      ],
      [
        100.90000000000002,
        279.69999999999993
      ],
      [
        96.50000000000001,
        280.59999999999997
      ],
      [
        104.20000000000002,
        273.7
      ],
      [
        96.50000000000001,
        280.59999999999997
      ]
    ],
    "RRLTP": [
      [
        105.2,
        295.40000000000015
      ],
      [
        105.2,
        295.40000000000015
      ],
      [
        103.7,
        301.7000000000001
      ],
      [
        103.7,
        301.7000000000001
      ],
      [
        103.7,
        301.7000000000001
      ],
      [
        103.7,
        301.7000000000001
      ],
      [
        111.7,
        292.8000000000001
      ],
      [
        97.2,
        302.90000000000015
      ]
    ],
    "RRECA": [
      [
        121.1,
        306.00000000000006
      ],
      [
        111.50000000000001,
        318.00000000000006
      ],
      [
        111.50000000000001,
        318.00000000000006
      ],
      [
        111.50000000000001,
        318.00000000000006
      ],
      [
        111.50000000000001,
        318.00000000000006
      ],
      [
        111.50000000000001,
        318.00000000000006
      ],
      [
        111.50000000000001,
        318.00000000000006
      ],
      [
        116.00000000000001,
        310.00000000000006
      ],
      [
        111.50000000000001,
        318.00000000000006
      ],
      [
        116.00000000000001,
        310.00000000000006
      ]
    ]
  },
  "60": {
    "FIFO": [
      [
        207.20000000000005,
        285.19999999999993
      ],
      [
        207.20000000000005,
        285.19999999999993
      ],
      [
        207.20000000000005,
        285.19999999999993
      ],
      [
        207.20000000000005,
        285.19999999999993
      ],
      [
        207.20000000000005,
        285.19999999999993
      ],
      [
        207.20000000000005,
        285.19999999999993
      ],
      [
        207.20000000000005,
        285.19999999999993
      ],
      [
        207.20000000000005,
        285.19999999999993
      ],
      [
        207.20000000000005,
        285.19999999999993
      ],
      [
        207.20000000000005,
        285.19999999999993
      ]
    ],
    "LTP": [
      [
        94.10000000000001,
        293.09999999999997
      ],
      [
        88.60000000000001,
        294.29999999999995
      ],
      [
        88.60000000000001,
        294.29999999999995
      ],
      [
        88.60000000000001,
        294.29999999999995
      ],
      [
        88.60000000000001,
        294.29999999999995
      ],
      [
        94.10000000000001,
        293.09999999999997
      ],
      [
        94.10000000000001,
        293.09999999999997
      ],
      [
        88.60000000000001,
        294.29999999999995
      ],
      [
        88.60000000000001,
        294.29999999999995
      ],
      [
        94.10000000000001,
        293.09999999999997
      ]
    ],