{
  "20": {
    "FIFO": [
      [
        66.39999999999999,
        82.60000000000001
      ],
      [
        66.39999999999999,
        82.60000000000001
      ],
      [
        66.39999999999999,
        82.60000000000001
      ],
      [
        66.39999999999999,
        82.60000000000001
      ],
      [
        67.39999999999999,
        80.9
      ],
      [
        67.39999999999999,
        80.9
      ],
      [
        66.39999999999999,
        82.60000000000001
      ],
      [
        67.39999999999999,
        80.9
      ],
      [
        66.39999999999999,
        82.60000000000001
      ],
      [
        67.39999999999999,
        80.9
      ]
    ],
    "LTP": [
      [
        32.6,
        115.30000000000001
      ],
      [
        32.6,
        115.30000000000001
      ],
      [
        32.6,
        115.30000000000001
      ],
      [
        32.6,
        115.30000000000001
      ],
      [
        32.6,
        115.30000000000001
      ],
      [
        32.6,
        115.30000000000001
      ],
      [
        32.6,
        115.30000000000001
      ],
      [
        32.6,
        115.30000000000001
      ],
      [
        32.6,
        115.30000000000001
      ],
      [
        32.6,
        115.30000000000001
      ]
    ],
    "STP": [
      [
        34.300000000000004,
        99.79999999999998
      ],
      [
        34.300000000000004,
        99.79999999999998
      ],
      [
        34.300000000000004,
        99.79999999999998
      ],
      [
        44.5,
        98.29999999999998
      ],
      [
        44.5,
        98.29999999999998
      ],
      [
        34.300000000000004,
        99.79999999999998
      ],
      [
        44.5,
        98.29999999999998
      ],
      [
        34.300000000000004,
        99.79999999999998
      ],
      [
        44.5,
        98.29999999999998
      ],
      [
        34.300000000000004,
        99.79999999999998
      ]
    ],
    "RRFIFO": [
      [
        34.4,
        62.19999999999999
      ],
      [
        34.4,
        62.19999999999999
      ],
      [
        34.4,
        62.19999999999999
      ],
      [
        34.4,
        62.19999999999999
      ],
      [
        34.4,
        62.19999999999999
      ],
      [
        34.4,
        62.19999999999999
      ],
      [
        34.4,
        62.19999999999999
      ],
      [
        34.4,
        62.19999999999999
      ],
      [
        34.4,
        62.19999999999999
      ],
      [
        34.4,
        62.19999999999999
      ]
    ],
    "RRLTP": [
      [
        38.0,
        78.8
      ],
      [
        38.0,
        78.8
      ],
      [
        38.0,
        78.8
      ],
      [
        35.5,
        90.69999999999999
      ],
      [
        35.5,
        90.69999999999999
      ],
      [
        35.5,
        90.69999999999999
      ],
      [
        35.5,
        90.69999999999999
      ]
    ],
    "RRECA": [
      [
        40.0,
        75.80000000000001
      ],
      [
        40.0,
        75.80000000000001
      ],
      [
        40.0,
        75.80000000000001
      ],
      [
        40.0,
        75.80000000000001
      ],
      [
        40.0,
        75.80000000000001
      ],
      [
        40.0,
        75.80000000000001
      ]
    ]
  },
  "40": {
    "FIFO": [
      [
        67.39999999999999,
        80.9
      ],
      [
        67.39999999999999,
        80.9
      ],
      [
        66.39999999999999,
        82.60000000000001
      ],
      [
        67.39999999999999,
        80.9
      ],
      [
        67.39999999999999,
        80.9
      ],
      [
        66.39999999999999,
        82.60000000000001
      ],
      [
        66.39999999999999,
        82.60000000000001
      ],
      [
        67.39999999999999,
        80.9
      ],
      [
        67.39999999999999,
        80.9
      ],
      [
        66.39999999999999,
        82.60000000000001
      ]
    ],
    "LTP": [
      [
        34.0,
        103.90000000000002
      ],
      [
        32.6,
        109.70000000000002
      ],
      [
        34.0,
        103.90000000000002
      ],
      [
        34.0,
        103.90000000000002
      ],
      [
        32.6,
        109.70000000000002
      ],
      [
        33.800000000000004,
        109.50000000000001
      ],
      [
        34.0,
        103.90000000000002
      ],
      [
        32.6,
        109.70000000000002
      ],
      [
        32.6,
        109.70000000000002
      ],
      [
        32.6,
        109.70000000000002
      ]
    ],
    "STP": [
      [
        44.5,
        98.29999999999998
      ],
      [
        44.5,
        98.29999999999998
      ],
      [
        44.5,
        98.29999999999998
      ],
      [
        44.5,
        98.29999999999998
      ],
      [
        44.5,
        98.29999999999998
      ],
      [
        44.5,
        98.29999999999998
      ],
      [
        44.5,
        98.29999999999998
      ],
      [
        44.5,
        98.29999999999998
      ],
      [
        44.5,
        98.29999999999998
      ],
      [
        44.5,
        98.29999999999998
      ]
    ],
    "RRFIFO": [
      [
        34.4,
        62.19999999999999
      ],
      [
        34.4,
        62.19999999999999
      ],
      [
        34.4,
        62.19999999999999
      ],
      [
        34.4,
        62.19999999999999
      ],
      [
        34.4,
        62.19999999999999
      ],
      [
        34.4,
        62.19999999999999
      ],
      [
        34.4,
        62.19999999999999
      ],
      [
        34.4,
        62.19999999999999
      ],
      [
        34.4,
        62.19999999999999
      ],
      [
        34.4,
        62.19999999999999
      ]
    ],
    "RRLTP": [
      [
        38.0,
        78.8
      ],
      [
        38.0,
        78.8
      ],
      [
        38.0,
        78.8
      ],
      [
        38.0,
        78.8
      ],
      [
        38.0,
        78.8
      ],
      [
        38.0,
        78.8
      ],
      [
        38.0,
        78.8
      ],
      [
        38.0,
        78.8
      ],
      [
        38.0,
        78.8
      ],
      [
        38.0,
        78.8
      ]
    ],
    "RRECA": [
      [
        36.2,
        76.50000000000001
      ],
      [
        36.2,
        76.50000000000001
      ],
      [
        36.2,
        76.50000000000001
      ],
      [
        36.2,
        76.50000000000001
      ],
      [
        36.2,
        76.50000000000001
      ],
      [
        36.2,
        76.50000000000001
      ],
      [
        36.2,
        76.50000000000001
      ],
      [
        36.2,
        76.50000000000001
      ],
      [
        36.2,
        76.50000000000001
      ],
      [
        36.2,
        76.50000000000001
      ]
    ]
  },
  "60": {
    "FIFO": [
      [
        44.199999999999996,
        80.00000000000001
      ],
      [
        40.4,
        85.60000000000001
      ],
      [
        40.4,
        85.60000000000001
      ],
      [
        44.199999999999996,
        80.00000000000001
      ],
      [
        44.199999999999996,
        80.00000000000001
      ],
      [
        40.4,
        85.60000000000001
      ],
      [
        44.199999999999996,
        80.00000000000001
      ],
      [
        44.199999999999996,
        80.00000000000001
      ],
      [
        44.199999999999996,
        80.00000000000001
      ],
      [
        44.199999999999996,
        80.00000000000001
      ]
    ],