{
  "20": {
    "FIFO": [
      [
        176.20000000000002,
        325.2999999999999
      ],
      [
        176.20000000000002,
        325.2999999999999
      ],
      [
        176.20000000000002,
        325.2999999999999
      ],
      [
        176.20000000000002,
        325.2999999999999
      ],
      [
        176.20000000000002,
        325.2999999999999
      ],
      [
        176.20000000000002,
        325.2999999999999
      ],
      [
        176.20000000000002,
        325.2999999999999
      ],
      [
        176.20000000000002,
        325.2999999999999
      ],
      [
        176.20000000000002,
        325.2999999999999
      ],
      [
        176.20000000000002,
        325.2999999999999
      ]
    ],
    "LTP": [
      [
        103.1,
        304.1
      ],
      [
        103.1,
        304.1
      ],
      [
        103.1,
        304.1
      ],
      [
        103.1,
        304.1
      ],
      [
        103.1,
        304.1
      ],
      [
        103.1,
        304.1
      ],
      [
        103.1,
        304.1
      ],
      [
        103.1,
        304.1
      ],
      [
        103.1,
        304.1
      ],
      [
        103.1,
        304.1
      ]
    ],
    "STP": [
      [
        117.4,
        322.7999999999998
      ],
      [
        117.4,
        322.7999999999998
      ],
      [
        117.4,
        322.7999999999998
      ],
      [
        117.4,
        322.7999999999998
      ],
      [
        117.4,
        322.7999999999998
      ],
      [
        117.4,
        322.7999999999998
      ],
      [
        117.4,
        322.7999999999998
      ],
      [
        117.4,
        322.7999999999998
      ],
      [
        117.4,
        322.7999999999998
      ],
      [
        117.4,
        322.7999999999998
      ]
    ],
    "RRFIFO": [
      [
        74.8,
        353.9
      ],
      [
        74.8,
        353.9
      ],
      [
        74.8,
        353.9
      ],
      [
        74.8,
        353.9
      ],
      [
        74.8,
        353.9
      ],
      [
        74.8,
        353.9
      ],
      [
        74.8,
        353.9
      ],
      [
        74.8,
        353.9
      ],
      [
        74.8,
        353.9
      ],
      [
        74.8,
        353.9
      ]
    ],
    "RRLTP": [
      [
        91.80000000000001,
        330.90000000000003
      ],
      [
        91.80000000000001,
        330.90000000000003
      ],
      [
        91.80000000000001,
        330.90000000000003
      ],
      [
        91.80000000000001,
        330.90000000000003
      ],
      [
        91.80000000000001,
        330.90000000000003
      ],
      [
        91.80000000000001,
        330.90000000000003
      ],
      [
        91.80000000000001,
        330.90000000000003
      ],
      [
        91.80000000000001,
        330.90000000000003
      ],
      [
        91.80000000000001,
        330.90000000000003
      ],
      [
        91.80000000000001,
        330.90000000000003
      ]
    ],
    "RRECA": [
      [
        98.89999999999999,
        341.80000000000007
      ],
      [
        98.89999999999999,
        341.80000000000007
      ],
      [
        98.89999999999999,
        341.80000000000007
      ],
      [
        98.89999999999999,
        341.80000000000007
      ],
      [
        98.89999999999999,
        341.80000000000007
      ],
      [
        98.89999999999999,
        341.80000000000007
      ],
      [
        98.89999999999999,
        341.80000000000007
      ],
      [
        98.89999999999999,
        341.80000000000007
      ],
      [
        98.89999999999999,
        341.80000000000007
      ],
      [
        98.89999999999999,
        341.80000000000007
      ]
    ]
  },
  "40": {
    "FIFO": [
      [
        171.90000000000003,
        324.8999999999999
      ],
      [
        169.70000000000002,
        326.0999999999999
      ],
      [
        178.40000000000003,
        324.0999999999999
      ],
      [
        169.70000000000002,
        326.0999999999999
      ],
      [
        169.70000000000002,
        326.0999999999999
      ],
      [
        169.70000000000002,
        326.0999999999999
      ],
      [
        178.40000000000003,
        324.0999999999999
      ],
      [
        169.70000000000002,
        326.0999999999999
      ]
    ],
    "LTP": [
      [
        103.1,
        304.1
      ],
      [
        103.1,
        304.1
      ],
      [
        103.1,
        304.1
      ],
      [
        103.1,
        304.1
      ],
      [
        103.1,
        304.1
      ],
      [
        103.1,
        304.1
      ],
      [
        103.1,
        304.1
      ],
      [
        103.1,
        304.1
      ],
      [
        103.1,
        304.1
      ],
      [
        103.1,
        304.1
      ]
    ],
    "STP": [
      [
        84.5,
        342.29999999999995
      ],
      [
        87.60000000000001,
        316.2
      ],
      [
        120.80000000000001,
        306.79999999999984
      ]
    ],
    "RRFIFO": [
      [
        112.89999999999999,
        309.90000000000003
      ],
      [
        79.2,
        333.7
      ],
      [
        105.30000000000001,
        321.5000000000001
      ],
      [
        105.30000000000001,
        321.5000000000001
      ],
      [
        100.49999999999999,
        327.20000000000016
      ],
      [
        112.7,
        312.2000000000001
      ],
      [
        77.39999999999999,
        336.79999999999995
      ]
    ],
    "RRLTP": [
      [
        91.80000000000001,
        330.90000000000003
      ],
      [
        91.80000000000001,
        330.90000000000003
      ],
      [
        91.80000000000001,
        330.90000000000003
      ],
      [
        91.80000000000001,
        330.90000000000003
      ],
      [
        91.80000000000001,
        330.90000000000003
      ],
      [
        91.80000000000001,
        330.90000000000003
      ],
      [
        91.80000000000001,
        330.90000000000003
      ],
      [
        91.80000000000001,
        330.90000000000003
      ],
      [
        91.80000000000001,
        330.90000000000003
      ],
      [
        91.80000000000001,
        330.90000000000003
      ]
    ],
    "RRECA": [
      [
        98.89999999999999,
        341.80000000000007
      ],
      [
        98.89999999999999,
        341.80000000000007
      ],
      [
        98.89999999999999,
        341.80000000000007
      ],
      [
        98.89999999999999,
        341.80000000000007
      ],
      [
        98.89999999999999,
        341.80000000000007
      ],
      [
        98.89999999999999,
        341.80000000000007
      ],
      [
        98.89999999999999,
        341.80000000000007
      ],
      [
        98.89999999999999,
        341.80000000000007
      ],
      [
        98.89999999999999,
        341.80000000000007
      ],
      [
        98.89999999999999,
        341.80000000000007
      ]
    ]
  },
  "60": {
    "FIFO": [
      [
        169.70000000000002,
        326.0999999999999
      ],
      [
        178.40000000000003,
        324.0999999999999
      ],
      [
        178.40000000000003,
        324.0999999999999
      ],
      [
        171.90000000000003,
        324.8999999999999
      ],
      [
        169.70000000000002,
        326.0999999999999
      ],
      [
        178.40000000000003,
        324.0999999999999
      ],
      [
        169.70000000000002,
        326.0999999999999
      ],
      [
        169.70000000000002,
        326.0999999999999
      ],
      [
        169.70000000000002,
        326.0999999999999
      ],
      [
        169.70000000000002,
        326.0999999999999
      ]
    ],