{
  "20": {
    "FIFO": [
      [
        78.4,
        178.10000000000002
      ],
      [
        78.4,
        178.10000000000002
      ],
      [
        75.10000000000001,
        182.60000000000005
      ],
      [
        75.10000000000001,
        182.60000000000005
      ],
      [
        78.4,
        178.10000000000002
      ]
    ],
    "LTP": [
      [
        57.400000000000006,
        206.4
      ],
      [
        60.900000000000006,
        202.6
      ]
    ],
    "STP": [
      [
        49.900000000000006,
        193.69999999999996
      ],
      [
        49.900000000000006,
        193.69999999999996
      ],
      [
        49.900000000000006,
        193.69999999999996
      ],
      [
        49.900000000000006,
        193.69999999999996
      ],
      [
        49.900000000000006,
        193.69999999999996
      ],
      [
        50.2,
        191.19999999999996
      ],
      [
        50.2,
        191.19999999999996
      ],
      [
        49.900000000000006,
        193.69999999999996
      ],
      [
        49.900000000000006,
        193.69999999999996
      ],
      [
        49.900000000000006,
        193.69999999999996
      ]
    ],
    "RRFIFO": [
      [
        52.7,
        207.29999999999998
      ]
    ],
    "RRLTP": [
      [
        54.0,
        212.5
      ],
      [
        55.300000000000004,
        211.3
      ]
    ],
    "RRECA": [
      [
        42.8,
        183.3
      ],
      [
        42.8,
        183.3
      ],
      [
        42.8,
        183.3
      ],
      [
        42.8,
        183.3
      ],
      [
        42.8,
        183.3
      ],
      [
        42.8,
        183.3
      ],
      [
        42.8,
        183.3
      ]
    ]
  },
  "40": {
    "FIFO": [
      [
        75.10000000000001,
        184.30000000000004
      ],
      [
        78.4,
        178.10000000000002
      ],
      [
        75.10000000000001,
        184.30000000000004
      ],
      [
        78.4,
        178.10000000000002
      ],
      [
        75.10000000000001,
        184.30000000000004
      ],
      [
        78.4,
        178.10000000000002
      ],
      [
        75.10000000000001,
        184.30000000000004
      ],
      [
        75.10000000000001,
        184.30000000000004
      ],
      [
        75.10000000000001,
        184.30000000000004
      ],
      [
        75.10000000000001,
        184.30000000000004
      ]
    ],
    "LTP": [
      [
        57.400000000000006,
        206.4
      ],
      [
        60.900000000000006,
        202.6
      ],
      [
        57.400000000000006,
        206.4
      ],
      [
        60.900000000000006,
        202.6
      ],
      [
        60.900000000000006,
        202.6
      ],
      [
        57.400000000000006,
        206.4
      ],
      [
        57.400000000000006,
        206.4
      ],
      [
        60.900000000000006,
        202.6
      ],
      [
        57.400000000000006,
        206.4
      ],
      [
        60.900000000000006,
        202.6
      ]
    ],
    "STP": [
      [
        49.900000000000006,
        193.69999999999996
      ],
      [
        49.900000000000006,
        193.69999999999996
      ],
      [
        49.900000000000006,
        193.69999999999996
      ],
      [
        49.900000000000006,
        193.69999999999996
      ],
      [
        49.900000000000006,
        193.69999999999996
      ],
      [
        49.900000000000006,
        193.69999999999996
      ],
      [
        49.900000000000006,
        193.69999999999996
      ],
      [
        49.900000000000006,
        193.69999999999996
      ],
      [
        49.900000000000006,
        193.69999999999996
      ],
      [
        49.900000000000006,
        193.69999999999996
      ]
    ],
    "RRFIFO": [
      [
        52.7,
        207.29999999999998
      ],
      [
        52.7,
        207.29999999999998
      ],
      [
        52.7,
        207.29999999999998
      ],
      [
        52.7,
        207.29999999999998
      ],
      [
        52.7,
        207.29999999999998
      ],
      [
        52.7,
        207.29999999999998
      ],
      [
        52.7,
        207.29999999999998
      ],
      [
        52.7,
        207.29999999999998
      ],
      [
        52.7,
        207.29999999999998
      ],
      [
        52.7,
        207.29999999999998
      ]
    ],
    "RRLTP": [
      [
        54.0,
        212.5
      ],
      [
        54.0,
        212.5
      ],
      [
        54.0,
        212.5
      ],
      [
        54.0,
        212.5
      ],
      [
        54.0,
        212.5
      ],
      [
        54.0,
        212.5
      ],
      [
        54.0,
        212.5
      ],
      [
        54.0,
        212.5
      ],
      [
        54.0,
        212.5
      ],
      [
        54.0,
        212.5
      ]
    ],
    "RRECA": [
      [
        42.8,
        183.3
      ],
      [
        42.8,
        183.3
      ],
      [
        42.8,
        183.3
      ],
      [
        42.8,
        183.3
      ],
      [
        42.8,
        183.3
      ],
      [
        42.8,
        183.3
      ],
      [
        42.8,
        183.3
      ],
      [
        42.8,
        183.3
      ],
      [
        42.8,
        183.3
      ],
      [
        42.8,
        183.3
      ]
    ]
  },
  "60": {
    "FIFO": [
      [
        75.10000000000001,
        184.30000000000004
      ],
      [
        78.4,
        178.10000000000002
      ],
      [
        78.4,
        178.10000000000002
      ],
      [
        75.10000000000001,
        184.30000000000004
      ],
      [
        78.4,
        178.10000000000002
      ],
      [
        75.10000000000001,
        184.30000000000004
      ],
      [
        75.10000000000001,
        184.30000000000004
      ],
      [
        78.4,
        178.10000000000002
      ],
      [
        75.10000000000001,
        184.30000000000004
      ],
      [
        75.10000000000001,
        184.30000000000004
      ]
    ],
    "LTP": [
      [
        57.400000000000006,
        206.4
      ],
      [
        60.900000000000006,
        202.6
      ],
      [
        57.400000000000006,
        206.4
      ],
      [
        60.900000000000006,
        202.6
      ],
      [
        60.900000000000006,
        202.6
      ],
      [
        57.400000000000006,
        206.4
      ],
      [
        60.900000000000006,
        202.6
      ],
      [
        60.900000000000006,
        202.6
      ],
      [
        60.900000000000006,
        202.6
      ],
      [
        57.400000000000006,
        206.4
      ]
    ],
    "STP": [
      [
        49.900000000000006,
        193.69999999999996
      ],
      [
        49.900000000000006,
        193.69999999999996
      ],
      [
        49.900000000000006,
        193.69999999999996
      ],
      [
        49.900000000000006,
        193.69999999999996
      ],
      [
        49.900000000000006,
        193.69999999999996
      ],
      [
        49.900000000000006,
        193.69999999999996
      ],
      [
        49.900000000000006,
        193.69999999999996
      ],
      [
        49.900000000000006,
        193.69999999999996
      ],
      [
        49.900000000000006,
        193.69999999999996
      ],
      [
        49.900000000000006,
        193.69999999999996
      ]
    ],
    "RRFIFO": [
      [
        52.7,
        207.29999999999998
      ],
      [
        52.7,
        207.29999999999998
      ],
      [
        52.7,
        207.29999999999998
      ],
      [
        52.7,
        207.29999999999998
      ],
      [
        52.7,
        207.29999999999998
      ],
      [
        52.7,
        207.29999999999998
      ],
      [
        52.7,
        207.29999999999998
      ],
      [
        52.7,
        207.29999999999998
      ],
      [
        52.7,
        207.29999999999998
      ],
      [
        52.7,
        207.29999999999998
      ]
    ],