{
  "20": {
    "FIFO": [
      [
        59.49999999999999,
        101.9
      ],
      [
        59.49999999999999,
        101.9
      ],
      [
        54.99999999999999,
        102.4
      ],
      [
        59.49999999999999,
        101.9
      ],
      [
        59.49999999999999,
        101.9
      ],
      [
        59.49999999999999,
        101.9
      ],
      [
        59.49999999999999,
        101.9
      ],
      [
        59.49999999999999,
        101.9
      ],
      [
        59.49999999999999,
        101.9
      ],
      [
        54.99999999999999,
        102.4
      ]
    ],
    "LTP": [
      [
        45.39999999999999,
        88.10000000000001
      ],
      [
        45.39999999999999,
        88.10000000000001
      ],
      [
        45.39999999999999,
        88.10000000000001
      ],
      [
        45.39999999999999,
        88.10000000000001
      ],
      [
        45.39999999999999,
        88.10000000000001
      ],
      [
        45.39999999999999,
        88.10000000000001
      ],
      [
        41.599999999999994,
        93.7
      ],
      [
        45.39999999999999,
        88.10000000000001
      ],
      [
        41.599999999999994,
        93.7
      ],
      [
        41.599999999999994,
        93.7
      ]
    ],
    "STP": [
      [
        32.3,
        90.89999999999999
      ],
      [
        32.3,
        90.89999999999999
      ],
      [
        32.3,
        90.89999999999999
      ],
      [
        32.3,
        90.89999999999999
      ],
      [
        32.3,
        90.89999999999999
      ],
      [
        32.3,
        90.89999999999999
      ],
      [
        32.3,
        90.89999999999999
      ],
      [
        32.3,
        90.89999999999999
      ],
      [
        32.3,
        90.89999999999999
      ]
    ],
    "RRFIFO": [
      [
        31.3,
        72.89999999999999
      ],
      [
        31.3,
        72.89999999999999
      ],
      [
        31.3,
        72.89999999999999
      ],
      [
        31.3,
        72.89999999999999
      ],
      [
        31.3,
        72.89999999999999
      ],
      [
        31.3,
        72.89999999999999
      ],
      [
        31.3,
        72.89999999999999
      ],
      [
        31.3,
        72.89999999999999
      ],
      [
        31.3,
        72.89999999999999
      ],
      [
        31.3,
        72.89999999999999
      ]
    ],
    "RRLTP": [
      [
        37.900000000000006,
        97.69999999999999
      ],
      [
        33.7,
        102.79999999999997
      ],
      [
        37.900000000000006,
        97.69999999999999
      ],
      [
        33.7,
        102.79999999999997
      ],
      [
        37.900000000000006,
        97.69999999999999
      ],
      [
        33.7,
        102.79999999999997
      ],
      [
        37.900000000000006,
        97.69999999999999
      ],
      [
        33.7,
        102.79999999999997
      ],
      [
        33.7,
        102.79999999999997
      ],
      [
        37.900000000000006,
        97.69999999999999
      ]
    ],
    "RRECA": [
      [
        42.4,
        69.2
      ],
      [
        42.4,
        69.2
      ],
      [
        42.4,
        69.2
      ],
      [
        42.4,
        69.2
      ],
      [
        42.4,
        69.2
      ],
      [
        42.4,
        69.2
      ],
      [
        42.4,
        69.2
      ],
      [
        42.4,
        69.2
      ],
      [
        42.1,
        72.7
      ]
    ]
  },
  "40": {
    "FIFO": [
      [
        59.49999999999999,
        101.9
      ],
      [
        59.49999999999999,
        101.9
      ],
      [
        54.99999999999999,
        102.4
      ],
      [
        59.49999999999999,
        101.9
      ],
      [
        59.49999999999999,
        101.9
      ],
      [
        59.49999999999999,
        101.9
      ],
      [
        54.99999999999999,
        102.4
      ],
      [
        59.49999999999999,
        101.9
      ],
      [
        54.99999999999999,
        102.4
      ],
      [
        59.49999999999999,
        101.9
      ]
    ],
    "LTP": [
      [
        45.39999999999999,
        88.10000000000001
      ],
      [
        45.39999999999999,
        88.10000000000001
      ],
      [
        45.39999999999999,
        88.10000000000001
      ],
      [
        41.599999999999994,
        93.7
      ],
      [
        41.599999999999994,
        93.7
      ],
      [
        45.39999999999999,
        88.10000000000001
      ],
      [
        45.39999999999999,
        88.10000000000001
      ],
      [
        45.39999999999999,
        88.10000000000001
      ],
      [
        45.39999999999999,
        88.10000000000001
      ],
      [
        45.39999999999999,
        88.10000000000001
      ]
    ],
    "STP": [
      [
        32.3,
        90.89999999999999
      ],
      [
        32.3,
        90.89999999999999
      ],
      [
        32.3,
        90.89999999999999
      ],
      [
        32.3,
        90.89999999999999
      ],
      [
        32.3,
        90.89999999999999
      ],
      [
        32.3,
        90.89999999999999
      ],
      [
        32.3,
        90.89999999999999
      ],
      [
        32.3,
        90.89999999999999
      ],
      [
        32.3,
        90.89999999999999
      ],
      [
        32.3,
        90.89999999999999
      ]
    ],
    "RRFIFO": [
      [
        31.3,
        72.89999999999999
      ],
      [
        31.3,
        72.89999999999999
      ],
      [
        31.3,
        72.89999999999999
      ],
      [
        31.3,
        72.89999999999999
      ],
      [
        31.3,
        72.89999999999999
      ],
      [
        31.3,
        72.89999999999999
      ],
      [
        31.3,
        72.89999999999999
      ],
      [
        31.3,
        72.89999999999999
      ],
      [
        31.3,
        72.89999999999999
      ],
      [
        31.3,
        72.89999999999999
      ]
    ],
    "RRLTP": [
      [
        37.900000000000006,
        97.69999999999999
      ],
      [
        33.7,
        102.79999999999997
      ],
      [
        37.900000000000006,
        97.69999999999999
      ],
      [
        37.900000000000006,
        97.69999999999999
      ],
      [
        37.900000000000006,
        97.69999999999999
      ],
      [
        33.7,
        102.79999999999997
      ],
      [
        37.900000000000006,
        97.69999999999999
      ],
      [
        37.900000000000006,
        97.69999999999999
      ],
      [
        37.900000000000006,
        97.69999999999999
      ],
      [
        33.7,
        102.79999999999997
      ]
    ],
    "RRECA": [
      [
        42.4,
        69.2
      ],
      [
        42.4,
        69.2
      ],
      [
        42.4,
        69.2
      ],
      [
        42.4,
        69.2
      ],
      [
        42.4,
        69.2
      ],
      [
        42.4,
        69.2
      ],
      [
        42.4,
        69.2
      ],
      [
        42.4,
        69.2
      ],
      [
        42.4,
        69.2
      ],
      [
        42.4,
        69.2
      ]
    ]
  },
  "60": {
    "FIFO": [
      [
        59.49999999999999,
        101.9
      ],
      [
        59.49999999999999,
        101.9
      ],
      [
        54.99999999999999,
        102.4
      ],
      [
        59.49999999999999,
        101.9
      ],
      [
        59.49999999999999,
        101.9
      ],
      [
        54.99999999999999,
        102.4
      ],
      [
        59.49999999999999,
        101.9
      ],
      [
        54.99999999999999,
        102.4
      ],
      [
        59.49999999999999,
        101.9
      ],
      [
        59.49999999999999,
        101.9
      ]
    ],