{
  "20": {
    "FIFO": [
      [
        74.6,
        81.60000000000001
      ],
      [
        59.400000000000006,
        83.20000000000002
      ],
      [
        74.6,
        81.60000000000001
      ],
      [
        59.400000000000006,
        83.20000000000002
      ],
      [
        59.400000000000006,
        83.20000000000002
      ],
      [
        59.400000000000006,
        83.20000000000002
      ],
      [
        74.6,
        81.60000000000001
      ],
      [
        59.400000000000006,
        83.20000000000002
      ],
      [
        74.6,
        81.60000000000001
      ],
      [
        59.400000000000006,
        83.20000000000002
      ]
    ],
    "LTP": [
      [
        32.2,
        88.60000000000001
      ],
      [
        32.2,
        88.60000000000001
      ],
      [
        32.2,
        88.60000000000001
      ],
      [
        32.2,
        88.60000000000001
      ],
      [
        32.2,
        88.60000000000001
      ],
      [
        32.2,
        88.60000000000001
      ],
      [
        32.2,
        88.60000000000001
      ],
      [
        32.2,
        88.60000000000001
      ],
      [
        32.2,
        88.60000000000001
      ],
      [
        32.2,
        88.60000000000001
      ]
    ],
    "STP": [
      [
        56.6,
        68.5
      ],
      [
        37.0,
        73.0
      ],
      [
        56.6,
        68.5
      ],
      [
        37.0,
        73.0
      ],
      [
        37.0,
        73.0
      ],
      [
        37.0,
        73.0
      ],
      [
        56.6,
        68.5
      ],
      [
        37.0,
        73.0
      ],
      [
        37.0,
        73.0
      ],
      [
        37.0,
        73.0
      ]
    ],
    "RRFIFO": [
      [
        28.5,
        84.60000000000001
      ],
      [
        31.3,
        82.30000000000001
      ],
      [
        28.5,
        84.60000000000001
      ],
      [
        31.3,
        82.30000000000001
      ],
      [
        31.3,
        82.30000000000001
      ],
      [
        31.3,
        82.30000000000001
      ],
      [
        28.5,
        84.60000000000001
      ],
      [
        28.5,
        84.60000000000001
      ],
      [
        28.5,
        84.60000000000001
      ],
      [
        28.5,
        84.60000000000001
      ]
    ],
    "RRLTP": [
      [
        33.1,
        84.10000000000001
      ],
      [
        29.3,
        89.7
      ],
      [
        33.1,
        84.10000000000001
      ],
      [
        29.3,
        89.7
      ],
      [
        29.3,
        89.7
      ],
      [
        33.1,
        84.10000000000001
      ],
      [
        33.1,
        84.10000000000001
      ],
      [
        29.3,
        89.7
      ],
      [
        29.3,
        89.7
      ],
      [
        29.3,
        89.7
      ]
    ],
    "RRECA": [
      [
        42.2,
        86.80000000000003
      ],
      [
        48.7,
        76.60000000000001
      ],
      [
        40.099999999999994,
        89.10000000000002
      ],
      [
        48.7,
        76.60000000000001
      ],
      [
        48.7,
        76.60000000000001
      ],
      [
        43.400000000000006,
        81.10000000000001
      ],
      [
        42.2,
        86.80000000000003
      ],
      [
        46.0,
        78.9
      ],
      [
        48.7,
        76.60000000000001
      ],
      [
        46.0,
        78.9
      ]
    ]
  },
  "40": {
    "FIFO": [
      [
        59.400000000000006,
        83.20000000000002
      ],
      [
        74.6,
        81.60000000000001
      ],
      [
        74.6,
        81.60000000000001
      ],
      [
        59.400000000000006,
        83.20000000000002
      ],
      [
        59.400000000000006,
        83.20000000000002
      ],
      [
        59.400000000000006,
        83.20000000000002
      ],
      [
        59.400000000000006,
        83.20000000000002
      ],
      [
        59.400000000000006,
        83.20000000000002
      ],
      [
        59.400000000000006,
        83.20000000000002
      ],
      [
        74.6,
        81.60000000000001
      ]
    ],
    "LTP": [
      [
        32.2,
        88.60000000000001
      ],
      [
        32.2,
        88.60000000000001
      ],
      [
        32.2,
        88.60000000000001
      ],
      [
        32.2,
        88.60000000000001
      ],
      [
        32.2,
        88.60000000000001
      ],
      [
        32.2,
        88.60000000000001
      ],
      [
        32.2,
        88.60000000000001
      ],
      [
        32.2,
        88.60000000000001
      ],
      [
        32.2,
        88.60000000000001
      ],
      [
        32.2,
        88.60000000000001
      ]
    ],
    "STP": [
      [
        37.0,
        73.0
      ],
      [
        56.6,
        68.5
      ],
      [
        56.6,
        68.5
      ],
      [
        56.6,
        68.5
      ],
      [
        37.0,
        73.0
      ],
      [
        56.6,
        68.5
      ],
      [
        37.0,
        73.0
      ],
      [
        56.6,
        68.5
      ],
      [
        37.0,
        73.0
      ],
      [
        56.6,
        68.5
      ]
    ],
    "RRFIFO": [
      [
        31.3,
        82.30000000000001
      ],
      [
        28.5,
        84.60000000000001
      ],
      [
        28.5,
        84.60000000000001
      ],
      [
        28.5,
        84.60000000000001
      ],
      [
        31.3,
        82.30000000000001
      ],
      [
        28.5,
        84.60000000000001
      ],
      [
        31.3,
        82.30000000000001
      ],
      [
        28.5,
        84.60000000000001
      ],
      [
        31.3,
        82.30000000000001
      ],
      [
        28.5,
        84.60000000000001
      ]
    ],
    "RRLTP": [
      [
        29.3,
        89.7
      ],
      [
        33.1,
        84.10000000000001
      ],
      [
        33.1,
        84.10000000000001
      ],
      [
        33.1,
        84.10000000000001
      ],
      [
        29.3,
        89.7
      ],
      [
        29.3,
        89.7
      ],
      [
        29.3,
        89.7
      ],
      [
        29.3,
        89.7
      ],
      [
        29.3,
        89.7
      ],
      [
        33.1,
        84.10000000000001
      ]
    ],
    "RRECA": [
      [
        48.7,
        76.60000000000001
      ],
      [
        40.099999999999994,
        89.10000000000002
      ],
      [
        40.099999999999994,
        89.10000000000002
      ],
      [
        40.099999999999994,
        89.10000000000002
      ],
      [
        48.7,
        76.60000000000001
      ],
      [
        40.7,
        83.4
      ],
      [
        43.400000000000006,
        81.10000000000001
      ],
      [
        46.0,
        78.9
      ],
      [
        48.7,
        76.60000000000001
      ],
      [
        40.099999999999994,
        89.10000000000002
      ]
    ]
  },
  "60": {
    "FIFO": [
      [
        59.400000000000006,
        83.20000000000002
      ],
      [
        59.400000000000006,
        83.20000000000002
      ],
      [
        74.6,
        81.60000000000001
      ],
      [
        59.400000000000006,
        83.20000000000002
      ],
      [
        74.6,
        81.60000000000001
      ],
      [
        74.6,
        81.60000000000001
      ],
      [
        59.400000000000006,
        83.20000000000002
      ],
      [
        74.6,
        81.60000000000001
      ],
      [
        74.6,
        81.60000000000001
      ],
      [
        59.400000000000006,
        83.20000000000002
      ]
    ],