{
  "20": {
    "FIFO": [
      [
        87.89999999999999,
        200.1
      ],
      [
        87.89999999999999,
        200.1
      ],
      [
        101.59999999999998,
        197.9
      ],
      [
        86.0,
        200.9
      ],
      [
        101.59999999999998,
        197.9
      ],
      [
        86.0,
        200.9
      ],
      [
        101.59999999999998,
        197.9
      ],
      [
        86.0,
        200.9
      ],
      [
        87.89999999999999,
        200.1
      ],
      [
        101.59999999999998,
        197.9
      ]
    ],
    "LTP": [
      [
        63.300000000000004,
        191.70000000000005
      ],
      [
        63.300000000000004,
        191.70000000000005
      ],
      [
        63.300000000000004,
        191.70000000000005
      ]
    ],
    "STP": [
      [
        48.900000000000006,
        180.59999999999997
      ]
    ],
    "RRFIFO": [
      [
        48.1,
        177.79999999999998
      ],
      [
        46.0,
        178.39999999999998
      ],
      [
        46.0,
        178.39999999999998
      ],
      [
        46.0,
        178.39999999999998
      ],
      [
        46.0,
        178.39999999999998
      ],
      [
        46.0,
        178.39999999999998
      ],
      [
        46.0,
        178.39999999999998
      ],
      [
        48.1,
        177.79999999999998
      ],
      [
        46.0,
        178.39999999999998
      ]
    ],
    "RRLTP": [
      [
        57.39999999999999,
        188.49999999999997
      ],
      [
        57.39999999999999,
        188.49999999999997
      ],
      [
        57.39999999999999,
        188.49999999999997
      ],
      [
        57.39999999999999,
        188.49999999999997
      ],
      [
        57.39999999999999,
        188.49999999999997
      ],
      [
        57.39999999999999,
        188.49999999999997
      ],
      [
        57.39999999999999,
        188.49999999999997
      ]
    ],
    "RRECA": [
      [
        45.5,
        181.1
      ],
      [
        45.5,
        181.1
      ],
      [
        45.5,
        181.1
      ]
    ]
  },
  "40": {
    "FIFO": [
      [
        86.0,
        200.9
      ],
      [
        86.0,
        200.9
      ],
      [
        86.0,
        200.9
      ],
      [
        86.0,
        200.9
      ],
      [
        86.0,
        200.9
      ],
      [
        86.0,
        200.9
      ],
      [
        86.0,
        200.9
      ],
      [
        86.0,
        200.9
      ],
      [
        86.0,
        200.9
      ],
      [
        86.0,
        200.9
      ]
    ],
    "LTP": [
      [
        63.300000000000004,
        187.30000000000007
      ],
      [
        63.300000000000004,
        187.30000000000007
      ],
      [
        63.300000000000004,
        187.30000000000007
      ],
      [
        63.300000000000004,
        187.30000000000007
      ],
      [
        63.300000000000004,
        187.30000000000007
      ],
      [
        63.300000000000004,
        187.30000000000007
      ],
      [
        63.300000000000004,
        187.30000000000007
      ],
      [
        63.300000000000004,
        187.30000000000007
      ],
      [
        63.300000000000004,
        187.30000000000007
      ],
      [
        63.300000000000004,
        187.30000000000007
      ]
    ],
    "STP": [
      [
        48.900000000000006,
        179.49999999999997
      ],
      [
        48.900000000000006,
        179.49999999999997
      ],
      [
        48.900000000000006,
        179.49999999999997
      ],
      [
        48.900000000000006,
        179.49999999999997
      ],
      [
        48.900000000000006,
        179.49999999999997
      ],
      [
        48.900000000000006,
        179.49999999999997
      ],
      [
        48.900000000000006,
        179.49999999999997
      ],
      [
        48.900000000000006,
        179.49999999999997
      ],
      [
        48.900000000000006,
        179.49999999999997
      ],
      [
        48.900000000000006,
        179.49999999999997
      ]
    ],
    "RRFIFO": [
      [
        48.1,
        177.79999999999998
      ],
      [
        48.1,
        177.79999999999998
      ],
      [
        48.1,
        177.79999999999998
      ],
      [
        48.1,
        177.79999999999998
      ],
      [
        48.1,
        177.79999999999998
      ],
      [
        48.1,
        177.79999999999998
      ],
      [
        48.1,
        177.79999999999998
      ],
      [
        48.1,
        177.79999999999998
      ],
      [
        48.1,
        177.79999999999998
      ],
      [
        48.1,
        177.79999999999998
      ]
    ],
    "RRLTP": [
      [
        43.3,
        185.89999999999998
      ],
      [
        45.7,
        185.29999999999998
      ],
      [
        45.7,
        185.29999999999998
      ],
      [
        43.3,
        185.89999999999998
      ],
      [
        45.7,
        185.29999999999998
      ],
      [
        43.3,
        185.89999999999998
      ],
      [
        45.7,
        185.29999999999998
      ],
      [
        43.3,
        185.89999999999998
      ],
      [
        43.3,
        185.89999999999998
      ],
      [
        43.3,
        185.89999999999998
      ]
    ],
    "RRECA": [
      [
        45.5,
        181.1
      ],
      [
        45.5,
        181.1
      ],
      [
        45.5,
        181.1
      ],
      [
        45.5,
        181.1
      ],
      [
        45.5,
        181.1
      ],
      [
        45.5,
        181.1
      ],
      [
        45.5,
        181.1
      ],
      [
        45.5,
        181.1
      ],
      [
        45.5,
        181.1
      ],
      [
        45.5,
        181.1
      ]
    ]
  },
  "60": {
    "FIFO": [
      [
        86.0,
        200.9
      ],
      [
        86.0,
        200.9
      ],
      [
        86.0,
        200.9
      ],
      [
        86.0,
        200.9
      ],
      [
        86.0,
        200.9
      ],
      [
        86.0,
        200.9
      ],
      [
        86.0,
        200.9
      ],
      [
        86.0,
        200.9
      ],
      [
        86.0,
        200.9
      ],
      [
        86.0,
        200.9
      ]
    ],
    "LTP": [
      [
        63.300000000000004,
        187.30000000000007
      ],
      [
        63.300000000000004,
        187.30000000000007
      ],
      [
        63.300000000000004,
        187.30000000000007
      ],
      [
        63.300000000000004,
        187.30000000000007
      ],
      [
        63.300000000000004,
        187.30000000000007
      ],
      [
        63.300000000000004,
        187.30000000000007
      ],
      [
        63.300000000000004,
        187.30000000000007
      ],
      [
        63.300000000000004,
        187.30000000000007
      ],
      [
        63.300000000000004,
        187.30000000000007
      ],
      [
        63.300000000000004,
        187.30000000000007
      ]
    ],
    "STP": [
      [
        48.900000000000006,
        179.49999999999997
      ],
      [
        48.900000000000006,
        179.49999999999997
      ],
      [
        48.900000000000006,
        179.49999999999997
      ],
      [
        48.900000000000006,
        179.49999999999997
      ],
      [
        48.900000000000006,
        179.49999999999997
      ],
      [
        48.900000000000006,
        179.49999999999997
      ],
      [
        48.900000000000006,
        179.49999999999997
      ],
      [
        48.900000000000006,
        179.49999999999997
      ],
      [
        48.900000000000006,
        179.49999999999997
      ],
      [
        48.900000000000006,
        179.49999999999997
      ]
    ],