{
  "20": {
    "FIFO": [
      [
        81.10000000000001,
        205.19999999999996
      ],
      [
        81.10000000000001,
        205.19999999999996
      ],
      [
        78.9,
        207.99999999999997
      ],
      [
        81.10000000000001,
        205.19999999999996
      ],
      [
        81.10000000000001,
        205.19999999999996
      ],
      [
        81.10000000000001,
        205.19999999999996
      ],
      [
        81.10000000000001,
        205.19999999999996
      ],
      [
        81.10000000000001,
        205.19999999999996
      ],
      [
        81.10000000000001,
        205.19999999999996
      ],
      [
        78.9,
        207.99999999999997
      ]
    ],
    "LTP": [
      [
        38.9,
        193.3
      ],
      [
        38.9,
        193.3
      ],
      [
        46.099999999999994,
        189.20000000000002
      ],
      [
        38.9,
        193.3
      ],
      [
        38.9,
        193.3
      ],
      [
        38.9,
        193.3
      ],
      [
        38.9,
        193.3
      ],
      [
        38.9,
        193.3
      ],
      [
        38.9,
        193.3
      ]
    ],
    "STP": [
      [
        44.99999999999999,
        192.59999999999997
      ],
      [
        44.99999999999999,
        192.59999999999997
      ],
      [
        44.99999999999999,
        192.59999999999997
      ],
      [
        44.99999999999999,
        192.59999999999997
      ],
      [
        44.99999999999999,
        192.59999999999997
      ],
      [
        44.99999999999999,
        192.59999999999997
      ],
      [
        44.99999999999999,
        192.59999999999997
      ],
      [
        44.99999999999999,
        192.59999999999997
      ],
      [
        44.99999999999999,
        192.59999999999997
      ],
      [
        44.99999999999999,
        192.59999999999997
      ]
    ],
    "RRFIFO": [
      [
        51.699999999999996,
        204.00000000000006
      ],
      [
        51.699999999999996,
        204.00000000000006
      ],
      [
        51.699999999999996,
        204.00000000000006
      ],
      [
        51.699999999999996,
        204.00000000000006
      ],
      [
        51.699999999999996,
        204.00000000000006
      ],
      [
        51.699999999999996,
        204.00000000000006
      ],
      [
        51.699999999999996,
        204.00000000000006
      ],
      [
        51.699999999999996,
        204.00000000000006
      ],
      [
        51.699999999999996,
        204.00000000000006
      ],
      [
        51.699999999999996,
        204.00000000000006
      ]
    ],
    "RRLTP": [
      [
        41.4,
        202.70000000000002
      ],
      [
        41.4,
        202.70000000000002
      ],
      [
        41.4,
        202.70000000000002
      ],
      [
        41.4,
        202.70000000000002
      ],
      [
        41.4,
        202.70000000000002
      ],
      [
        41.4,
        202.70000000000002
      ],
      [
        41.4,
        202.70000000000002
      ],
      [
        41.4,
        202.70000000000002
      ],
      [
        41.4,
        202.70000000000002
      ],
      [
        41.4,
        202.70000000000002
      ]
    ],
    "RRECA": [
      [
        54.7,
        207.90000000000003
      ],
      [
        54.7,
        207.90000000000003
      ],
      [
        55.1,
        204.30000000000004
      ],
      [
        54.7,
        207.90000000000003
      ],
      [
        54.7,
        207.90000000000003
      ],
      [
        54.7,
        207.90000000000003
      ],
      [
        54.7,
        207.90000000000003
      ],
      [
        54.7,
        207.90000000000003
      ],
      [
        55.1,
        204.30000000000004
      ]
    ]
  },
  "40": {
    "FIFO": [
      [
        81.10000000000001,
        205.19999999999996
      ],
      [
        78.9,
        207.29999999999998
      ],
      [
        78.9,
        207.29999999999998
      ],
      [
        78.9,
        207.29999999999998
      ],
      [
        81.10000000000001,
        205.19999999999996
      ],
      [
        81.10000000000001,
        205.19999999999996
      ],
      [
        78.9,
        207.29999999999998
      ],
      [
        78.9,
        207.29999999999998
      ],
      [
        78.9,
        207.29999999999998
      ],
      [
        81.10000000000001,
        205.19999999999996
      ]
    ],
    "LTP": [
      [
        38.9,
        193.3
      ],
      [
        38.9,
        193.3
      ],
      [
        38.9,
        193.3
      ],
      [
        38.9,
        193.3
      ],
      [
        38.9,
        193.3
      ],
      [
        38.9,
        193.3
      ],
      [
        38.9,
        193.3
      ],
      [
        38.9,
        193.3
      ],
      [
        38.9,
        193.3
      ],
      [
        38.9,
        193.3
      ]
    ],
    "STP": [
      [
        44.99999999999999,
        192.59999999999997
      ],
      [
        44.99999999999999,
        192.59999999999997
      ],
      [
        44.99999999999999,
        192.59999999999997
      ],
      [
        44.99999999999999,
        192.59999999999997
      ],
      [
        44.99999999999999,
        192.59999999999997
      ],
      [
        44.99999999999999,
        192.59999999999997
      ],
      [
        44.99999999999999,
        192.59999999999997
      ],
      [
        44.99999999999999,
        192.59999999999997
      ],
      [
        44.99999999999999,
        192.59999999999997
      ],
      [
        44.99999999999999,
        192.59999999999997
      ]
    ],
    "RRFIFO": [
      [
        51.699999999999996,
        204.00000000000006
      ],
      [
        51.699999999999996,
        204.00000000000006
      ],
      [
        51.699999999999996,
        204.00000000000006
      ],
      [
        51.699999999999996,
        204.00000000000006
      ],
      [
        51.699999999999996,
        204.00000000000006
      ],
      [
        51.699999999999996,
        204.00000000000006
      ],
      [
        51.699999999999996,
        204.00000000000006
      ],
      [
        51.699999999999996,
        204.00000000000006
      ],
      [
        51.699999999999996,
        204.00000000000006
      ],
      [
        51.699999999999996,
        204.00000000000006
      ]
    ],
    "RRLTP": [
      [
        41.4,
        202.70000000000002
      ],
      [
        41.4,
        202.70000000000002
      ],
      [
        41.4,
        202.70000000000002
      ],
      [
        41.4,
        202.70000000000002
      ],
      [
        41.4,
        202.70000000000002
      ],
      [
        41.4,
        202.70000000000002
      ],
      [
        41.4,
        202.70000000000002
      ],
      [
        41.4,
        202.70000000000002
      ],
      [
        41.4,
        202.70000000000002
      ],
      [
        41.4,
        202.70000000000002
      ]
    ],
    "RRECA": [
      [
        54.7,
        203.10000000000005
      ],
      [
        54.7,
        203.10000000000005
      ],
      [
        55.1,
        201.50000000000003
      ],
      [
        54.7,
        203.10000000000005
      ],
      [
        55.1,
        201.50000000000003
      ],
      [
        54.7,
        203.10000000000005
      ],
      [
        55.1,
        201.50000000000003
      ],
      [
        55.1,
        201.50000000000003
      ],
      [
        54.7,
        203.10000000000005
      ],
      [
        55.1,
        201.50000000000003
      ]
    ]
  },