{
  "20": {
    "FIFO": [
      [
        70.4,
        86.5
      ],
      [
        70.4,
        86.5
      ],
      [
        70.4,
        86.5
      ],
      [
        70.4,
        86.5
      ],
      [
        70.4,
        86.5
      ],
      [
        70.4,
        86.5
      ],
      [
        70.4,
        86.5
      ],
      [
        70.4,
        86.5
      ],
      [
        70.4,
        86.5
      ],
      [
        70.4,
        86.5
      ]
    ],
    "LTP": [
      [
        38.8,
        95.4
      ],
      [
        38.8,
        95.4
      ],
      [
        38.8,
        95.4
      ],
      [
        38.8,
        95.4
      ],
      [
        38.8,
        95.4
      ],
      [
        38.8,
        95.4
      ],
      [
        38.8,
        95.4
      ],
      [
        38.8,
        95.4
      ],
      [
        38.8,
        95.4
      ],
      [
        38.8,
        95.4
      ]
    ],
    "STP": [
      [
        33.9,
        96.09999999999998
      ],
      [
        33.9,
        96.09999999999998
      ],
      [
        33.9,
        96.09999999999998
      ],
      [
        33.9,
        96.09999999999998
      ],
      [
        33.9,
        96.09999999999998
      ],
      [
        33.9,
        96.09999999999998
      ],
      [
        33.9,
        96.09999999999998
      ],
      [
        33.9,
        96.09999999999998
      ],
      [
        33.9,
        96.09999999999998
      ],
      [
        33.9,
        96.09999999999998
      ]
    ],
    "RRFIFO": [
      [
        43.39999999999999,
        67.9
      ],
      [
        37.699999999999996,
        73.4
      ],
      [
        43.39999999999999,
        67.9
      ],
      [
        37.699999999999996,
        73.4
      ],
      [
        37.699999999999996,
        73.4
      ],
      [
        43.39999999999999,
        67.9
      ],
      [
        43.39999999999999,
        67.9
      ],
      [
        37.699999999999996,
        73.4
      ],
      [
        37.699999999999996,
        73.4
      ],
      [
        43.39999999999999,
        67.9
      ]
    ],
    "RRLTP": [
      [
        27.6,
        96.19999999999999
      ],
      [
        28.5,
        94.3
      ],
      [
        27.6,
        96.19999999999999
      ],
      [
        28.5,
        94.3
      ],
      [
        28.5,
        94.3
      ],
      [
        27.6,
        96.19999999999999
      ],
      [
        27.6,
        96.19999999999999
      ],
      [
        28.5,
        94.3
      ],
      [
        28.5,
        94.3
      ],
      [
        27.6,
        96.19999999999999
      ]
    ],
    "RRECA": [
      [
        28.5,
        88.3
      ],
      [
        30.8,
        86.0
      ],
      [
        28.5,
        88.3
      ],
      [
        30.8,
        86.0
      ],
      [
        30.8,
        86.0
      ],
      [
        28.5,
        88.3
      ],
      [
        28.5,
        88.3
      ],
      [
        30.8,
        86.0
      ],
      [
        30.8,
        86.0
      ],
      [
        30.8,
        86.0
      ]
    ]
  },
  "40": {
    "FIFO": [
      [
        70.4,
        86.5
      ],
      [
        70.4,
        86.5
      ],
      [
        70.4,
        86.5
      ],
      [
        70.4,
        86.5
      ],
      [
        70.4,
        86.5
      ],
      [
        70.4,
        86.5
      ],
      [
        70.4,
        86.5
      ],
      [
        70.4,
        86.5
      ],
      [
        70.4,
        86.5
      ],
      [
        70.4,
        86.5
      ]
    ],
    "LTP": [
      [
        38.8,
        95.4
      ],
      [
        38.8,
        95.4
      ],
      [
        38.8,
        95.4
      ],
      [
        38.8,
        95.4
      ],
      [
        38.8,
        95.4
      ],
      [
        38.8,
        95.4
      ],
      [
        38.8,
        95.4
      ],
      [
        38.8,
        95.4
      ],
      [
        38.8,
        95.4
      ],
      [
        38.8,
        95.4
      ]
    ],
    "STP": [
      [
        33.9,
        96.09999999999998
      ],
      [
        33.9,
        96.09999999999998
      ],
      [
        33.9,
        96.09999999999998
      ],
      [
        33.9,
        96.09999999999998
      ],
      [
        33.9,
        96.09999999999998
      ],
      [
        33.9,
        96.09999999999998
      ],
      [
        33.9,
        96.09999999999998
      ],
      [
        33.9,
        96.09999999999998
      ],
      [
        33.9,
        96.09999999999998
      ],
      [
        33.9,
        96.09999999999998
      ]
    ],
    "RRFIFO": [
      [
        43.39999999999999,
        67.9
      ],
      [
        37.699999999999996,
        73.4
      ],
      [
        43.39999999999999,
        67.9
      ],
      [
        37.699999999999996,
        73.4
      ],
      [
        37.699999999999996,
        73.4
      ],
      [
        37.699999999999996,
        73.4
      ],
      [
        43.39999999999999,
        67.9
      ],
      [
        43.39999999999999,
        67.9
      ],
      [
        43.39999999999999,
        67.9
      ],
      [
        37.699999999999996,
        73.4
      ]
    ],
    "RRLTP": [
      [
        27.6,
        96.19999999999999
      ],
      [
        28.5,
        94.3
      ],
      [
        28.5,
        94.3
      ],
      [
        28.5,
        94.3
      ],
      [
        27.6,
        96.19999999999999
      ],
      [
        28.5,
        94.3
      ],
      [
        27.6,
        96.19999999999999
      ],
      [
        27.6,
        96.19999999999999
      ],
      [
        28.5,
        94.3
      ],
      [
        27.6,
        96.19999999999999
      ]
    ],
    "RRECA": [
      [
        28.5,
        88.3
      ],
      [
        30.8,
        86.0
      ],
      [
        28.5,
        88.3
      ],
      [
        30.8,
        86.0
      ],
      [
        30.8,
        86.0
      ],
      [
        30.8,
        86.0
      ],
      [
        30.8,
        86.0
      ],
      [
        28.5,
        88.3
      ],
      [
        28.5,
        88.3
      ],
      [
        30.8,
        86.0
      ]
    ]
  },
  "60": {
    "FIFO": [
      [
        70.4,
        86.5
      ],
      [
        70.4,
        86.5
      ],
      [
        70.4,
        86.5
      ],
      [
        70.4,
        86.5
      ],
      [
        70.4,
        86.5
      ],
      [
        70.4,
        86.5
      ],
      [
        70.4,
        86.5
      ],
      [
        70.4,
        86.5
      ],
      [
        70.4,
        86.5
      ],
      [
        70.4,
        86.5
      ]
    ],
    "LTP": [
      [
        45.499999999999986,
        81.89999999999999
      ],
      [
        37.5,
        87.4
      ],
      [
        41.6,
        83.8
      ],
      [
        37.5,
        87.4
      ],
      [
        37.5,
        87.4
      ],
      [
        45.499999999999986,
        81.89999999999999
      ],
      [
        37.5,
        87.4
      ],
      [
        45.499999999999986,
        81.89999999999999
      ],
      [
        41.6,
        83.8
      ],
      [
        41.6,
        83.8
      ]
    ],
    "STP": [
      [
        33.9,
        96.09999999999998
      ],
      [
        33.9,
        96.09999999999998
      ],
      [
        33.9,
        96.09999999999998
      ],
      [
        33.9,
        96.09999999999998
      ],
      [
        33.9,
        96.09999999999998
      ],
      [
        33.9,
        96.09999999999998
      ],
      [
        33.9,
        96.09999999999998
      ],
      [
        33.9,
        96.09999999999998
      ],
      [
        33.9,
        96.09999999999998
      ],
      [
        33.9,
        96.09999999999998
      ]
    ],