{
  "20": {
    "FIFO": [
      [
        73.0,
        210.0000000000001
      ],
      [
        73.0,
        210.0000000000001
      ],
      [
        73.0,
        210.0000000000001
      ],
      [
        73.0,
        210.0000000000001
      ],
      [
        73.0,
        210.0000000000001
      ],
      [
        73.0,
        210.0000000000001
      ]
    ],
    "LTP": [
      [
        41.9,
        178.5
      ],
      [
        41.9,
        178.5
      ],
      [
        38.6,
        181.89999999999998
      ],
      [
        38.6,
        181.89999999999998
      ],
      [
        41.9,
        178.5
      ],
      [
        41.9,
        178.5
      ],
      [
        41.9,
        178.5
      ],
      [
        41.9,
        178.5
      ],
      [
        41.9,
        178.5
      ],
      [
        41.9,
        178.5
      ]
    ],
    "STP": [
      [
        43.9,
        186.09999999999994
      ],
      [
        43.9,
        186.09999999999994
      ],
      [
        43.9,
        186.09999999999994
      ],
      [
        43.9,
        186.09999999999994
      ],
      [
        43.9,
        186.09999999999994
      ],
      [
        43.9,
        186.09999999999994
      ],
      [
        43.9,
        186.09999999999994
      ],
      [
        43.9,
        186.09999999999994
      ],
      [
        43.9,
        186.09999999999994
      ],
      [
        43.9,
        186.09999999999994
      ]
    ],
    "RRFIFO": [
      [
        53.099999999999994,
        213.29999999999998
      ],
      [
        53.099999999999994,
        213.29999999999998
      ],
      [
        53.099999999999994,
        213.29999999999998
      ],
      [
        53.099999999999994,
        213.29999999999998
      ],
      [
        53.099999999999994,
        213.29999999999998
      ],
      [
        53.099999999999994,
        213.29999999999998
      ],
      [
        53.099999999999994,
        213.29999999999998
      ],
      [
        53.099999999999994,
        213.29999999999998
      ],
      [
        53.099999999999994,
        213.29999999999998
      ],
      [
        53.099999999999994,
        213.29999999999998
      ]
    ],
    "RRLTP": [
      [
        59.599999999999994,
        227.7
      ],
      [
        59.599999999999994,
        227.7
      ],
      [
        59.599999999999994,
        227.7
      ],
      [
        59.599999999999994,
        227.7
      ],
      [
        59.599999999999994,
        227.7
      ],
      [
        59.599999999999994,
        227.7
      ],
      [
        59.599999999999994,
        227.7
      ],
      [
        59.599999999999994,
        227.7
      ],
      [
        59.599999999999994,
        227.7
      ],
      [
        59.599999999999994,
        227.7
      ]
    ],
    "RRECA": [
      [
        50.599999999999994,
        198.3
      ],
      [
        50.599999999999994,
        198.3
      ],
      [
        50.599999999999994,
        198.3
      ],
      [
        50.599999999999994,
        198.3
      ],
      [
        50.599999999999994,
        198.3
      ]
    ]
  },
  "40": {
    "FIFO": [
      [
        63.1,
        208.80000000000007
      ],
      [
        76.4,
        204.60000000000008
      ],
      [
        63.1,
        208.80000000000007
      ],
      [
        76.4,
        204.60000000000008
      ],
      [
        76.4,
        204.60000000000008
      ],
      [
        63.1,
        208.80000000000007
      ],
      [
        63.1,
        208.80000000000007
      ],
      [
        63.1,
        208.80000000000007
      ],
      [
        76.4,
        204.60000000000008
      ],
      [
        76.4,
        204.60000000000008
      ]
    ],
    "LTP": [
      [
        41.9,
        178.5
      ],
      [
        41.9,
        178.5
      ],
      [
        41.9,
        178.5
      ],
      [
        41.9,
        178.5
      ],
      [
        41.9,
        178.5
      ],
      [
        41.9,
        178.5
      ],
      [
        41.9,
        178.5
      ],
      [
        41.9,
        178.5
      ],
      [
        41.9,
        178.5
      ],
      [
        41.9,
        178.5
      ]
    ],
    "STP": [
      [
        43.9,
        186.09999999999994
      ],
      [
        43.9,
        186.09999999999994
      ],
      [
        43.9,
        186.09999999999994
      ],
      [
        43.9,
        186.09999999999994
      ],
      [
        43.9,
        186.09999999999994
      ],
      [
        43.9,
        186.09999999999994
      ],
      [
        43.9,
        186.09999999999994
      ],
      [
        43.9,
        186.09999999999994
      ],
      [
        43.9,
        186.09999999999994
      ],
      [
        43.9,
        186.09999999999994
      ]
    ],
    "RRFIFO": [
      [
        53.099999999999994,
        213.29999999999998
      ],
      [
        53.099999999999994,
        213.29999999999998
      ],
      [
        53.099999999999994,
        213.29999999999998
      ],
      [
        53.099999999999994,
        213.29999999999998
      ],
      [
        53.099999999999994,
        213.29999999999998
      ],
      [
        53.099999999999994,
        213.29999999999998
      ],
      [
        53.099999999999994,
        213.29999999999998
      ],
      [
        53.099999999999994,
        213.29999999999998
      ],
      [
        53.099999999999994,
        213.29999999999998
      ],
      [
        53.099999999999994,
        213.29999999999998
      ]
    ],
    "RRLTP": [
      [
        59.599999999999994,
        227.7
      ],
      [
        59.599999999999994,
        227.7
      ],
      [
        59.599999999999994,
        227.7
      ],
      [
        59.599999999999994,
        227.7
      ],
      [
        59.599999999999994,
        227.7
      ],
      [
        59.599999999999994,
        227.7
      ],
      [
        59.599999999999994,
        227.7
      ],
      [
        59.599999999999994,
        227.7
      ],
      [
        59.599999999999994,
        227.7
      ],
      [
        59.599999999999994,
        227.7
      ]
    ],
    "RRECA": [
      [
        50.599999999999994,
        198.3
      ],
      [
        50.599999999999994,
        198.3
      ],
      [
        50.599999999999994,
        198.3
      ],
      [
        50.599999999999994,
        198.3
      ],
      [
        50.599999999999994,
        198.3
      ],
      [
        50.599999999999994,
        198.3
      ],
      [
        50.599999999999994,
        198.3
      ],
      [
        50.599999999999994,
        198.3
      ],
      [
        50.599999999999994,
        198.3
      ],
      [
        50.599999999999994,
        198.3
      ]
    ]
  },
  "60": {
    "FIFO": [
      [
        63.1,
        208.80000000000007
      ],
      [
        76.4,
        204.60000000000008
      ],
      [
        76.4,
        204.60000000000008
      ],
      [
        63.1,
        208.80000000000007
      ],
      [
        76.4,
        204.60000000000008
      ],
      [
        63.1,
        208.80000000000007
      ],
      [
        63.1,
        208.80000000000007
      ],
      [
        76.4,
        204.60000000000008
      ],
      [
        76.4,
        204.60000000000008
      ],
      [
        63.1,
        208.80000000000007
      ]
    ],
    "LTP": [
      [
        41.9,
        178.5
      ],
      [
        41.9,
        178.5
      ],
      [
        41.9,
        178.5
      ],
      [
        41.9,
        178.5
      ],
      [
        41.9,
        178.5
      ],
      [
        41.9,
        178.5
      ],
      [
        41.9,
        178.5
      ],
      [
        41.9,
        178.5
      ],
      [
        41.9,
        178.5
      ],
      [
        41.9,
        178.5
      ]
    ],