{
  "20": {
    "FIFO": [
      [
        47.9,
        79.3
      ],
      [
        47.4,
        83.8
      ],
      [
        47.9,
        79.3
      ],
      [
        47.9,
        79.3
      ],
      [
        47.9,
        79.3
      ],
      [
        47.9,
        79.3
      ],
      [
        47.9,
        79.3
      ],
      [
        47.9,
        79.3
      ],
      [
        47.9,
        79.3
      ],
      [
        47.9,
        79.3
      ]
    ],
    "LTP": [
      [
        41.199999999999996,
        82.10000000000001
      ],
      [
        41.199999999999996,
        82.10000000000001
      ],
      [
        41.199999999999996,
        82.10000000000001
      ],
      [
        41.199999999999996,
        82.10000000000001
      ],
      [
        41.199999999999996,
        82.10000000000001
      ],
      [
        41.199999999999996,
        82.10000000000001
      ],
      [
        41.199999999999996,
        82.10000000000001
      ],
      [
        41.199999999999996,
        82.10000000000001
      ],
      [
        41.199999999999996,
        82.10000000000001
      ],
      [
        41.199999999999996,
        82.10000000000001
      ]
    ],
    "STP": [
      [
        44.800000000000004,
        75.2
      ],
      [
        44.800000000000004,
        75.2
      ],
      [
        44.800000000000004,
        75.2
      ],
      [
        44.800000000000004,
        75.2
      ],
      [
        44.800000000000004,
        75.2
      ],
      [
        44.800000000000004,
        75.2
      ],
      [
        44.800000000000004,
        75.2
      ],
      [
        44.800000000000004,
        75.2
      ],
      [
        44.800000000000004,
        75.2
      ],
      [
        44.800000000000004,
        75.2
      ]
    ],
    "RRFIFO": [
      [
        54.69999999999999,
        74.60000000000001
      ],
      [
        54.69999999999999,
        74.60000000000001
      ],
      [
        54.69999999999999,
        74.60000000000001
      ],
      [
        54.69999999999999,
        74.60000000000001
      ],
      [
        54.69999999999999,
        74.60000000000001
      ],
      [
        54.69999999999999,
        74.60000000000001
      ],
      [
        54.69999999999999,
        74.60000000000001
      ],
      [
        54.69999999999999,
        74.60000000000001
      ],
      [
        54.69999999999999,
        74.60000000000001
      ],
      [
        54.69999999999999,
        74.60000000000001
      ]
    ],
    "RRLTP": [
      [
        27.6,
        102.2
      ],
      [
        27.6,
        102.2
      ],
      [
        27.6,
        102.2
      ],
      [
        27.6,
        102.2
      ],
      [
        27.6,
        102.2
      ],
      [
        27.6,
        102.2
      ],
      [
        27.6,
        102.2
      ],
      [
        27.6,
        102.2
      ],
      [
        27.6,
        102.2
      ],
      [
        27.6,
        102.2
      ]
    ],
    "RRECA": [
      [
        35.7,
        84.80000000000001
      ],
      [
        35.7,
        84.80000000000001
      ],
      [
        35.7,
        84.80000000000001
      ],
      [
        35.7,
        84.80000000000001
      ],
      [
        35.7,
        84.80000000000001
      ],
      [
        35.7,
        84.80000000000001
      ],
      [
        35.7,
        84.80000000000001
      ],
      [
        35.7,
        84.80000000000001
      ],
      [
        35.7,
        84.80000000000001
      ],
      [
        35.7,
        84.80000000000001
      ]
    ]
  },
  "40": {
    "FIFO": [
      [
        47.9,
        79.3
      ],
      [
        47.4,
        83.8
      ],
      [
        47.4,
        83.8
      ],
      [
        47.9,
        79.3
      ],
      [
        47.9,
        79.3
      ],
      [
        47.4,
        83.8
      ],
      [
        47.9,
        79.3
      ],
      [
        47.4,
        83.8
      ],
      [
        47.9,
        79.3
      ],
      [
        47.9,
        79.3
      ]
    ],
    "LTP": [
      [
        41.199999999999996,
        82.10000000000001
      ],
      [
        41.199999999999996,
        82.10000000000001
      ],
      [
        41.199999999999996,
        82.10000000000001
      ],
      [
        41.199999999999996,
        82.10000000000001
      ],
      [
        41.199999999999996,
        82.10000000000001
      ],
      [
        41.199999999999996,
        82.10000000000001
      ],
      [
        41.199999999999996,
        82.10000000000001
      ],
      [
        41.199999999999996,
        82.10000000000001
      ],
      [
        41.199999999999996,
        82.10000000000001
      ],
      [
        41.199999999999996,
        82.10000000000001
      ]
    ],
    "STP": [
      [
        44.800000000000004,
        75.2
      ],
      [
        44.800000000000004,
        75.2
      ],
      [
        44.800000000000004,
        75.2
      ],
      [
        44.800000000000004,
        75.2
      ],
      [
        44.800000000000004,
        75.2
      ],
      [
        44.800000000000004,
        75.2
      ],
      [
        44.800000000000004,
        75.2
      ],
      [
        44.800000000000004,
        75.2
      ],
      [
        44.800000000000004,
        75.2
      ],
      [
        44.800000000000004,
        75.2
      ]
    ],
    "RRFIFO": [
      [
        54.69999999999999,
        74.60000000000001
      ],
      [
        54.69999999999999,
        74.60000000000001
      ],
      [
        54.69999999999999,
        74.60000000000001
      ],
      [
        54.69999999999999,
        74.60000000000001
      ],
      [
        54.69999999999999,
        74.60000000000001
      ],
      [
        54.69999999999999,
        74.60000000000001
      ],
      [
        54.69999999999999,
        74.60000000000001
      ],
      [
        54.69999999999999,
        74.60000000000001
      ],
      [
        54.69999999999999,
        74.60000000000001
      ],
      [
        54.69999999999999,
        74.60000000000001
      ]
    ],
    "RRLTP": [
      [
        27.6,
        102.2
      ],
      [
        27.6,
        102.2
      ],
      [
        27.6,
        102.2
      ],
      [
        27.6,
        102.2
      ],
      [
        27.6,
        102.2
      ],
      [
        27.6,
        102.2
      ],
      [
        27.6,
        102.2
      ],
      [
        27.6,
        102.2
      ],
      [
        27.6,
        102.2
      ],
      [
        27.6,
        102.2
      ]
    ],
    "RRECA": [
      [
        35.7,
        84.80000000000001
      ],
      [
        35.7,
        84.80000000000001
      ],
      [
        35.7,
        84.80000000000001
      ],
      [
        35.7,
        84.80000000000001
      ],
      [
        35.7,
        84.80000000000001
      ],
      [
        35.7,
        84.80000000000001
      ],
      [
        35.7,
        84.80000000000001
      ],
      [
        35.7,
        84.80000000000001
      ],
      [
        35.7,
        84.80000000000001
      ],
      [
        35.7,
        84.80000000000001
      ]
    ]
  },
  "60": {
    "FIFO": [
      [
        47.9,
        79.3
      ],
      [
        47.4,
        83.8
      ],
      [
        47.9,
        79.3
      ],
      [
        47.4,
        83.8
      ],
      [
        47.4,
        83.8
      ],
      [
        47.9,
        79.3
      ],
      [
        47.4,
        83.8
      ],
      [
        47.4,
        83.8
      ],
      [
        47.9,
        79.3
      ],
      [
        47.9,
        79.3
      ]
    ],