{
  "20": {
    "FIFO": [
      [
        78.4,
        185.20000000000002
      ],
      [
        78.4,
        185.20000000000002
      ],
      [
        78.4,
        185.20000000000002
      ],
      [
        78.4,
        185.20000000000002
      ],
      [
        78.4,
        185.20000000000002
      ],
      [
        78.4,
        185.20000000000002
      ]
    ],
    "LTP": [
      [
        45.70000000000001,
        199.09999999999997
      ]
    ],
    "STP": [
      [
        42.00000000000001,
        189.29999999999995
      ],
      [
        50.4,
        189.10000000000002
      ]
    ],
    "RRFIFO": [
      [
        41.099999999999994,
        204.2
      ],
      [
        48.7,
        198.09999999999997
      ]
    ],
    "RRLTP": [
      [
        62.89999999999999,
        189.79999999999993
      ],
      [
        45.7,
        215.29999999999998
      ],
      [
        45.900000000000006,
        199.29999999999995
      ]
    ],
    "RRECA": [
      [
        43.099999999999994,
        179.49999999999997
      ]
    ]
  },
  "40": {
    "FIFO": [
      [
        78.4,
        185.20000000000002
      ],
      [
        78.4,
        185.20000000000002
      ],
      [
        78.4,
        185.20000000000002
      ],
      [
        78.4,
        185.20000000000002
      ],
      [
        78.4,
        185.20000000000002
      ],
      [
        78.4,
        185.20000000000002
      ],
      [
        78.4,
        185.20000000000002
      ],
      [
        78.4,
        185.20000000000002
      ],
      [
        78.4,
        185.20000000000002
      ],
      [
        78.4,
        185.20000000000002
      ]
    ],
    "LTP": [
      [
        46.99999999999999,
        212.40000000000003
      ],
      [
        46.99999999999999,
        212.40000000000003
      ],
      [
        46.99999999999999,
        212.40000000000003
      ],
      [
        46.99999999999999,
        212.40000000000003
      ],
      [
        46.99999999999999,
        212.40000000000003
      ],
      [
        46.99999999999999,
        212.40000000000003
      ],
      [
        46.99999999999999,
        212.40000000000003
      ],
      [
        46.99999999999999,
        212.40000000000003
      ],
      [
        46.99999999999999,
        212.40000000000003
      ],
      [
        46.99999999999999,
        212.40000000000003
      ]
    ],
    "STP": [
      [
        47.900000000000006,
        180.7
      ],
      [
        44.8,
        185.39999999999998
      ],
      [
        44.8,
        185.39999999999998
      ],
      [
        47.900000000000006,
        180.7
      ],
      [
        47.900000000000006,
        180.7
      ],
      [
        44.8,
        185.39999999999998
      ],
      [
        47.900000000000006,
        180.7
      ],
      [
        47.900000000000006,
        180.7
      ],
      [
        44.8,
        185.39999999999998
      ],
      [
        47.900000000000006,
        180.7
      ]
    ],
    "RRFIFO": [
      [
        41.9,
        192.79999999999995
      ],
      [
        41.9,
        192.79999999999995
      ],
      [
        41.9,
        192.79999999999995
      ],
      [
        41.9,
        192.79999999999995
      ],
      [
        41.9,
        192.79999999999995
      ],
      [
        41.9,
        192.79999999999995
      ],
      [
        41.9,
        192.79999999999995
      ],
      [
        41.9,
        192.79999999999995
      ],
      [
        41.9,
        192.79999999999995
      ],
      [
        41.9,
        192.79999999999995
      ]
    ],
    "RRLTP": [
      [
        53.599999999999994,
        185.99999999999994
      ],
      [
        53.599999999999994,
        185.99999999999994
      ],
      [
        53.599999999999994,
        185.99999999999994
      ],
      [
        53.599999999999994,
        185.99999999999994
      ],
      [
        53.599999999999994,
        185.99999999999994
      ],
      [
        53.599999999999994,
        185.99999999999994
      ],
      [
        53.599999999999994,
        185.99999999999994
      ],
      [
        53.599999999999994,
        185.99999999999994
      ],
      [
        53.599999999999994,
        185.99999999999994
      ],
      [
        53.599999999999994,
        185.99999999999994
      ]
    ],
    "RRECA": [
      [
        43.099999999999994,
        179.49999999999997
      ],
      [
        43.099999999999994,
        179.49999999999997
      ],
      [
        43.099999999999994,
        179.49999999999997
      ],
      [
        43.099999999999994,
        179.49999999999997
      ],
      [
        43.099999999999994,
        179.49999999999997
      ],
      [
        43.099999999999994,
        179.49999999999997
      ],
      [
        43.099999999999994,
        179.49999999999997
      ],
      [
        43.099999999999994,
        179.49999999999997
      ],
      [
        43.099999999999994,
        179.49999999999997
      ],
      [
        43.099999999999994,
        179.49999999999997
      ]
    ]
  },
  "60": {
    "FIFO": [
      [
        78.4,
        185.20000000000002
      ],
      [
        78.4,
        185.20000000000002
      ],
      [
        78.4,
        185.20000000000002
      ],
      [
        78.4,
        185.20000000000002
      ],
      [
        78.4,
        185.20000000000002
      ],
      [
        78.4,
        185.20000000000002
      ],
      [
        78.4,
        185.20000000000002
      ],
      [
        78.4,
        185.20000000000002
      ],
      [
        78.4,
        185.20000000000002
      ],
      [
        78.4,
        185.20000000000002
      ]
    ],
    "LTP": [
      [
        46.99999999999999,
        212.40000000000003
      ],
      [
        46.99999999999999,
        212.40000000000003
      ],
      [
        46.99999999999999,
        212.40000000000003
      ],
      [
        46.99999999999999,
        212.40000000000003
      ],
      [
        46.99999999999999,
        212.40000000000003
      ],
      [
        46.99999999999999,
        212.40000000000003
      ],
      [
        46.99999999999999,
        212.40000000000003
      ],
      [
        46.99999999999999,
        212.40000000000003
      ],
      [
        46.99999999999999,
        212.40000000000003
      ],
      [
        46.99999999999999,
        212.40000000000003
      ]
    ],
    "STP": [
      [
        47.900000000000006,
        180.7
      ],
      [
        44.8,
        185.39999999999998
      ],
      [
        44.8,
        185.39999999999998
      ],
      [
        47.900000000000006,
        180.7
      ],
      [
        47.900000000000006,
        180.7
      ],
      [
        44.8,
        185.39999999999998
      ],
      [
        44.8,
        185.39999999999998
      ],
      [
        47.900000000000006,
        180.7
      ],
      [
        44.8,
        185.39999999999998
      ],
      [
        47.900000000000006,
        180.7
      ]
    ],
    "RRFIFO": [
      [
        41.9,
        192.79999999999995
      ],
      [
        41.9,
        192.79999999999995
      ],
      [
        41.9,
        192.79999999999995
      ],
      [
        41.9,
        192.79999999999995
      ],
      [
        41.9,
        192.79999999999995
      ],
      [
        41.9,
        192.79999999999995
      ],
      [
        41.9,
        192.79999999999995
      ],
      [
        41.9,
        192.79999999999995
      ],
      [
        41.9,
        192.79999999999995
      ],
      [
        41.9,
        192.79999999999995
      ]
    ],