{
  "20": {
    "FIFO": [
      [
        201.2,
        307.2999999999999
      ],
      [
        205.2,
        301.3999999999999
      ],
      [
        197.7,
        310.8999999999999
      ],
      [
        197.7,
        310.8999999999999
      ],
      [
        201.2,
        307.2999999999999
      ],
      [
        201.2,
        307.2999999999999
      ],
      [
        201.2,
        307.2999999999999
      ],
      [
        205.2,
        301.3999999999999
      ],
      [
        201.2,
        307.2999999999999
      ],
      [
        201.2,
        307.2999999999999
      ]
    ],
    "LTP": [
      [
        96.70000000000002,
        288.3999999999999
      ],
      [
        96.70000000000002,
        288.3999999999999
      ],
      [
        96.70000000000002,
        288.3999999999999
      ],
      [
        96.70000000000002,
        288.3999999999999
      ],
      [
        96.70000000000002,
        288.3999999999999
      ],
      [
        96.70000000000002,
        288.3999999999999
      ],
      [
        96.70000000000002,
        288.3999999999999
      ],
      [
        96.70000000000002,
        288.3999999999999
      ],
      [
        96.70000000000002,
        288.3999999999999
      ],
      [
        96.70000000000002,
        288.3999999999999
      ]
    ],
    "STP": [
      [
        94.00000000000001,
        303.3
      ],
      [
        94.00000000000001,
        303.3
      ],
      [
        94.00000000000001,
        303.3
      ],
      [
        97.30000000000001,
        299.7
      ],
      [
        94.00000000000001,
        303.3
      ],
      [
        94.00000000000001,
        303.3
      ],
      [
        94.00000000000001,
        303.3
      ],
      [
        94.00000000000001,
        303.3
      ],
      [
        94.00000000000001,
        303.3
      ],
      [
        94.00000000000001,
        303.3
      ]
    ],
    "RRFIFO": [
      [
        97.0,
        331.5999999999999
      ],
      [
        97.0,
        331.5999999999999
      ],
      [
        97.0,
        331.5999999999999
      ],
      [
        97.0,
        331.5999999999999
      ],
      [
        97.0,
        331.5999999999999
      ],
      [
        97.0,
        331.5999999999999
      ],
      [
        97.0,
        331.5999999999999
      ],
      [
        97.0,
        331.5999999999999
      ],
      [
        97.0,
        331.5999999999999
      ],
      [
        97.0,
        331.5999999999999
      ]
    ],
    "RRLTP": [
      [
        98.30000000000001,
        301.70000000000005
      ],
      [
        98.30000000000001,
        301.70000000000005
      ],
      [
        90.7,
        302.50000000000006
      ],
      [
        89.9,
        304.00000000000006
      ],
      [
        98.30000000000001,
        301.70000000000005
      ],
      [
        98.30000000000001,
        301.70000000000005
      ],
      [
        98.30000000000001,
        301.70000000000005
      ],
      [
        98.30000000000001,
        301.70000000000005
      ],
      [
        98.30000000000001,
        301.70000000000005
      ],
      [
        98.30000000000001,
        301.70000000000005
      ]
    ],
    "RRECA": [
      [
        132.30000000000004,
        282.09999999999997
      ],
      [
        132.30000000000004,
        282.09999999999997
      ],
      [
        132.30000000000004,
        282.09999999999997
      ],
      [
        132.30000000000004,
        282.09999999999997
      ],
      [
        132.30000000000004,
        282.09999999999997
      ],
      [
        132.30000000000004,
        282.09999999999997
      ],
      [
        132.30000000000004,
        282.09999999999997
      ],
      [
        132.30000000000004,
        282.09999999999997
      ],
      [
        132.30000000000004,
        282.09999999999997
      ],
      [
        132.30000000000004,
        282.09999999999997
      ]
    ]
  },
  "40": {
    "FIFO": [
      [
        201.2,
        307.2999999999999
      ],
      [
        205.2,
        301.3999999999999
      ],
      [
        197.7,
        310.8999999999999
      ],
      [
        197.7,
        310.8999999999999
      ],
      [
        197.7,
        310.8999999999999
      ],
      [
        197.7,
        310.8999999999999
      ],
      [
        205.2,
        301.3999999999999
      ],
      [
        201.7,
        304.99999999999994
      ],
      [
        201.2,
        307.2999999999999
      ],
      [
        205.2,
        301.3999999999999
      ]
    ],
    "LTP": [
      [
        96.70000000000002,
        288.3999999999999
      ],
      [
        96.70000000000002,
        288.3999999999999
      ],
      [
        96.70000000000002,
        288.3999999999999
      ],
      [
        96.70000000000002,
        288.3999999999999
      ],
      [
        96.70000000000002,
        288.3999999999999
      ],
      [
        96.70000000000002,
        288.3999999999999
      ],
      [
        96.70000000000002,
        288.3999999999999
      ],
      [
        96.70000000000002,
        288.3999999999999
      ],
      [
        96.70000000000002,
        288.3999999999999
      ],
      [
        96.70000000000002,
        288.3999999999999
      ]
    ],
    "STP": [
      [
        94.00000000000001,
        303.3
      ],
      [
        94.00000000000001,
        303.3
      ],
      [
        97.30000000000001,
        299.7
      ],
      [
        97.30000000000001,
        299.7
      ],
      [
        97.30000000000001,
        299.7
      ],
      [
        97.30000000000001,
        299.7
      ],
      [
        94.00000000000001,
        303.3
      ],
      [
        94.00000000000001,
        303.3
      ],
      [
        97.30000000000001,
        299.7
      ],
      [
        94.00000000000001,
        303.3
      ]
    ],
    "RRFIFO": [
      [
        97.0,
        331.5999999999999
      ],
      [
        97.0,
        331.5999999999999
      ],
      [
        97.0,
        331.5999999999999
      ],
      [
        97.0,
        331.5999999999999
      ],
      [
        97.0,
        331.5999999999999
      ],
      [
        97.0,
        331.5999999999999
      ],
      [
        97.0,
        331.5999999999999
      ],
      [
        97.0,
        331.5999999999999
      ],
      [
        97.0,
        331.5999999999999
      ],
      [
        97.0,
        331.5999999999999
      ]
    ],
    "RRLTP": [
      [
        98.30000000000001,
        301.70000000000005
      ],
      [
        98.30000000000001,
        301.70000000000005
      ],
      [
        89.9,
        304.00000000000006
      ],
      [
        90.7,
        302.50000000000006
      ],
      [
        89.9,
        304.00000000000006
      ],
      [
        89.9,
        304.00000000000006
      ],
      [
        89.9,
        304.00000000000006
      ],
      [
        98.30000000000001,
        301.70000000000005
      ],
      [
        98.30000000000001,
        301.70000000000005
      ],
      [
        90.7,
        302.50000000000006
      ]
    ],
    "RRECA": [
      [
        132.30000000000004,
        282.09999999999997
      ],
      [
        132.30000000000004,
        282.09999999999997
      ],
      [
        132.30000000000004,
        282.09999999999997
      ],
      [
        132.30000000000004,
        282.09999999999997
      ],
      [
        132.30000000000004,
        282.09999999999997
      ],
      [
        132.30000000000004,
        282.09999999999997
      ],
      [
        132.30000000000004,
        282.09999999999997
      ],
      [
        132.30000000000004,
        282.09999999999997
      ],
      [
        132.30000000000004,
        282.09999999999997
      ],
      [
        132.30000000000004,
        282.09999999999997
      ]
    ]
  },