{
  "20": {
    "FIFO": [
      [
        52.69999999999999,
        74.69999999999999
      ],
      [
        52.69999999999999,
        74.69999999999999
      ],
      [
        52.69999999999999,
        74.69999999999999
      ],
      [
        47.19999999999999,
        75.39999999999999
      ],
      [
        52.69999999999999,
        74.69999999999999
      ],
      [
        52.69999999999999,
        74.69999999999999
      ],
      [
        42.6,
        86.6
      ],
      [
        42.6,
        86.6
      ]
    ],
    "LTP": [
      [
        37.1,
        80.19999999999999
      ],
      [
        37.1,
        80.19999999999999
      ],
      [
        40.699999999999996,
        74.69999999999999
      ],
      [
        37.1,
        80.19999999999999
      ],
      [
        40.699999999999996,
        74.69999999999999
      ],
      [
        37.1,
        80.19999999999999
      ],
      [
        44.9,
        70.69999999999999
      ],
      [
        44.9,
        70.69999999999999
      ]
    ],
    "STP": [
      [
        42.0,
        88.6
      ],
      [
        42.0,
        88.6
      ],
      [
        40.3,
        88.69999999999999
      ],
      [
        40.3,
        88.69999999999999
      ]
    ],
    "RRFIFO": [
      [
        40.599999999999994,
        80.0
      ],
      [
        40.599999999999994,
        80.0
      ],
      [
        35.800000000000004,
        85.5
      ]
    ],
    "RRLTP": [
      [
        30.499999999999996,
        75.4
      ],
      [
        33.800000000000004,
        72.9
      ]
    ],
    "RRECA": [
      [
        37.0,
        77.19999999999999
      ],
      [
        31.0,
        84.60000000000001
      ],
      [
        34.5,
        83.3
      ],
      [
        34.5,
        83.3
      ]
    ]
  },
  "40": {
    "FIFO": [
      [
        52.69999999999999,
        74.69999999999999
      ],
      [
        52.69999999999999,
        74.69999999999999
      ],
      [
        52.69999999999999,
        74.69999999999999
      ],
      [
        52.69999999999999,
        74.69999999999999
      ],
      [
        52.69999999999999,
        74.69999999999999
      ],
      [
        52.69999999999999,
        74.69999999999999
      ],
      [
        52.69999999999999,
        74.69999999999999
      ],
      [
        52.69999999999999,
        74.69999999999999
      ],
      [
        52.69999999999999,
        74.69999999999999
      ],
      [
        52.69999999999999,
        74.69999999999999
      ]
    ],
    "LTP": [
      [
        40.699999999999996,
        74.1
      ],
      [
        35.4,
        79.6
      ],
      [
        40.699999999999996,
        74.1
      ],
      [
        35.4,
        79.6
      ],
      [
        35.4,
        79.6
      ],
      [
        40.699999999999996,
        74.1
      ],
      [
        35.4,
        79.6
      ],
      [
        35.4,
        79.6
      ],
      [
        40.699999999999996,
        74.1
      ],
      [
        35.4,
        79.6
      ]
    ],
    "STP": [
      [
        42.0,
        88.6
      ],
      [
        42.0,
        88.6
      ],
      [
        42.0,
        88.6
      ],
      [
        42.0,
        88.6
      ],
      [
        42.0,
        88.6
      ],
      [
        42.0,
        88.6
      ],
      [
        42.0,
        88.6
      ],
      [
        42.0,
        88.6
      ],
      [
        42.0,
        88.6
      ],
      [
        42.0,
        88.6
      ]
    ],
    "RRFIFO": [
      [
        40.599999999999994,
        78.1
      ],
      [
        40.599999999999994,
        78.1
      ],
      [
        40.599999999999994,
        78.1
      ],
      [
        40.599999999999994,
        78.1
      ],
      [
        40.599999999999994,
        78.1
      ],
      [
        40.599999999999994,
        78.1
      ],
      [
        40.599999999999994,
        78.1
      ],
      [
        40.599999999999994,
        78.1
      ],
      [
        40.599999999999994,
        78.1
      ],
      [
        40.599999999999994,
        78.1
      ]
    ],
    "RRLTP": [
      [
        30.499999999999996,
        75.4
      ],
      [
        30.499999999999996,
        75.4
      ],
      [
        30.499999999999996,
        75.4
      ],
      [
        30.499999999999996,
        75.4
      ],
      [
        30.499999999999996,
        75.4
      ],
      [
        30.499999999999996,
        75.4
      ],
      [
        30.499999999999996,
        75.4
      ],
      [
        30.499999999999996,
        75.4
      ],
      [
        30.499999999999996,
        75.4
      ],
      [
        30.499999999999996,
        75.4
      ]
    ],
    "RRECA": [
      [
        34.4,
        79.49999999999999
      ],
      [
        34.4,
        79.49999999999999
      ],
      [
        34.4,
        79.49999999999999
      ],
      [
        34.4,
        79.49999999999999
      ],
      [
        34.4,
        79.49999999999999
      ],
      [
        34.4,
        79.49999999999999
      ],
      [
        34.4,
        79.49999999999999
      ],
      [
        34.4,
        79.49999999999999
      ],
      [
        34.4,
        79.49999999999999
      ],
      [
        34.4,
        79.49999999999999
      ]
    ]
  },
  "60": {
    "FIFO": [
      [
        52.69999999999999,
        74.69999999999999
      ],
      [
        52.69999999999999,
        74.69999999999999
      ],
      [
        52.69999999999999,
        74.69999999999999
      ],
      [
        52.69999999999999,
        74.69999999999999
      ],
      [
        52.69999999999999,
        74.69999999999999
      ],
      [
        52.69999999999999,
        74.69999999999999
      ],
      [
        52.69999999999999,
        74.69999999999999
      ],
      [
        52.69999999999999,
        74.69999999999999
      ],
      [
        52.69999999999999,
        74.69999999999999
      ],
      [
        52.69999999999999,
        74.69999999999999
      ]
    ],
    "LTP": [
      [
        40.699999999999996,
        74.1
      ],
      [
        35.4,
        79.6
      ],
      [
        35.4,
        79.6
      ],
      [
        40.699999999999996,
        74.1
      ],
      [
        35.4,
        79.6
      ],
      [
        40.699999999999996,
        74.1
      ],
      [
        35.4,
        79.6
      ],
      [
        40.699999999999996,
        74.1
      ],
      [
        40.699999999999996,
        74.1
      ],
      [
        35.4,
        79.6
      ]
    ],
    "STP": [
      [
        42.0,
        88.6
      ],
      [
        42.0,
        88.6
      ],
      [
        42.0,
        88.6
      ],
      [
        42.0,
        88.6
      ],
      [
        42.0,
        88.6
      ],
      [
        42.0,
        88.6
      ],
      [
        42.0,
        88.6
      ],
      [
        42.0,
        88.6
      ],
      [
        42.0,
        88.6
      ],
      [
        42.0,
        88.6
      ]
    ],
    "RRFIFO": [
      [
        40.599999999999994,
        78.1
      ],
      [
        40.599999999999994,
        78.1
      ],
      [
        40.599999999999994,
        78.1
      ],
      [
        40.599999999999994,
        78.1
      ],
      [
        40.599999999999994,
        78.1
      ],
      [
        40.599999999999994,
        78.1
      ],
      [
        40.599999999999994,
        78.1
      ],
      [
        40.599999999999994,
        78.1
      ],
      [
        40.599999999999994,
        78.1
      ],
      [
        40.599999999999994,
        78.1
      ]
    ],