{
  "20": {
    "FIFO": [
      [
        116.6,
        210.69999999999996
      ],
      [
        116.6,
        210.69999999999996
      ],
      [
        116.6,
        210.69999999999996
      ],
      [
        116.6,
        210.69999999999996
      ],
      [
        116.6,
        210.69999999999996
      ],
      [
        116.6,
        210.69999999999996
      ],
      [
        116.6,
        210.69999999999996
      ],
      [
        116.6,
        210.69999999999996
      ],
      [
        116.6,
        210.69999999999996
      ],
      [
        116.6,
        210.69999999999996
      ]
    ],
    "LTP": [
      [
        49.4,
        180.29999999999998
      ],
      [
        47.400000000000006,
        181.69999999999996
      ],
      [
        47.400000000000006,
        181.69999999999996
      ],
      [
        49.4,
        180.29999999999998
      ],
      [
        47.400000000000006,
        181.69999999999996
      ],
      [
        49.4,
        180.29999999999998
      ],
      [
        47.400000000000006,
        181.69999999999996
      ],
      [
        49.4,
        180.29999999999998
      ],
      [
        47.400000000000006,
        181.69999999999996
      ],
      [
        49.4,
        180.29999999999998
      ]
    ],
    "STP": [
      [
        49.5,
        197.49999999999994
      ],
      [
        49.5,
        197.49999999999994
      ],
      [
        49.5,
        197.49999999999994
      ],
      [
        49.5,
        197.49999999999994
      ],
      [
        49.5,
        197.49999999999994
      ],
      [
        49.5,
        197.49999999999994
      ],
      [
        49.5,
        197.49999999999994
      ],
      [
        49.5,
        197.49999999999994
      ],
      [
        49.5,
        197.49999999999994
      ],
      [
        49.5,
        197.49999999999994
      ]
    ],
    "RRFIFO": [
      [
        54.9,
        214.50000000000003
      ],
      [
        54.9,
        214.50000000000003
      ],
      [
        55.6,
        208.4
      ],
      [
        54.9,
        214.50000000000003
      ],
      [
        54.9,
        214.50000000000003
      ],
      [
        54.9,
        214.50000000000003
      ],
      [
        54.9,
        214.50000000000003
      ],
      [
        54.9,
        214.50000000000003
      ],
      [
        54.9,
        214.50000000000003
      ],
      [
        54.9,
        214.50000000000003
      ]
    ],
    "RRLTP": [
      [
        58.99999999999999,
        207.99999999999994
      ],
      [
        58.99999999999999,
        207.99999999999994
      ],
      [
        58.99999999999999,
        207.99999999999994
      ],
      [
        58.99999999999999,
        207.99999999999994
      ],
      [
        58.99999999999999,
        207.99999999999994
      ],
      [
        58.99999999999999,
        207.99999999999994
      ],
      [
        58.99999999999999,
        207.99999999999994
      ],
      [
        58.99999999999999,
        207.99999999999994
      ],
      [
        58.99999999999999,
        207.99999999999994
      ],
      [
        58.99999999999999,
        207.99999999999994
      ]
    ],
    "RRECA": [
      [
        42.8,
        191.1
      ],
      [
        42.8,
        191.1
      ],
      [
        42.8,
        191.1
      ],
      [
        42.8,
        191.1
      ],
      [
        42.8,
        191.1
      ],
      [
        42.8,
        191.1
      ],
      [
        42.8,
        191.1
      ],
      [
        42.8,
        191.1
      ],
      [
        42.8,
        191.1
      ],
      [
        42.8,
        191.1
      ]
    ]
  },
  "40": {
    "FIFO": [
      [
        116.6,
        210.69999999999996
      ],
      [
        116.6,
        210.69999999999996
      ],
      [
        116.6,
        210.69999999999996
      ],
      [
        116.6,
        210.69999999999996
      ],
      [
        116.6,
        210.69999999999996
      ],
      [
        116.6,
        210.69999999999996
      ],
      [
        116.6,
        210.69999999999996
      ],
      [
        116.6,
        210.69999999999996
      ],
      [
        116.6,
        210.69999999999996
      ],
      [
        116.6,
        210.69999999999996
      ]
    ],
    "LTP": [
      [
        47.400000000000006,
        181.69999999999996
      ],
      [
        47.400000000000006,
        181.69999999999996
      ],
      [
        47.400000000000006,
        181.69999999999996
      ],
      [
        47.400000000000006,
        181.69999999999996
      ],
      [
        47.400000000000006,
        181.69999999999996
      ],
      [
        47.400000000000006,
        181.69999999999996
      ],
      [
        47.400000000000006,
        181.69999999999996
      ],
      [
        47.400000000000006,
        181.69999999999996
      ],
      [
        47.400000000000006,
        181.69999999999996
      ],
      [
        47.400000000000006,
        181.69999999999996
      ]
    ],
    "STP": [
      [
        49.5,
        197.49999999999994
      ],
      [
        49.5,
        197.49999999999994
      ],
      [
        49.5,
        197.49999999999994
      ],
      [
        49.5,
        197.49999999999994
      ],
      [
        49.5,
        197.49999999999994
      ],
      [
        49.5,
        197.49999999999994
      ],
      [
        49.5,
        197.49999999999994
      ],
      [
        49.5,
        197.49999999999994
      ],
      [
        49.5,
        197.49999999999994
      ],
      [
        49.5,
        197.49999999999994
      ]
    ],
    "RRFIFO": [
      [
        47.1,
        203.4
      ],
      [
        47.1,
        203.4
      ],
      [
        47.1,
        203.4
      ],
      [
        47.1,
        203.4
      ],
      [
        47.1,
        203.4
      ],
      [
        47.1,
        203.4
      ],
      [
        47.1,
        203.4
      ],
      [
        47.1,
        203.4
      ],
      [
        47.1,
        203.4
      ],
      [
        47.1,
        203.4
      ]
    ],
    "RRLTP": [
      [
        58.99999999999999,
        207.99999999999994
      ],
      [
        58.99999999999999,
        207.99999999999994
      ],
      [
        58.99999999999999,
        207.99999999999994
      ],
      [
        58.99999999999999,
        207.99999999999994
      ],
      [
        58.99999999999999,
        207.99999999999994
      ],
      [
        58.99999999999999,
        207.99999999999994
      ],
      [
        58.99999999999999,
        207.99999999999994
      ],
      [
        58.99999999999999,
        207.99999999999994
      ],
      [
        58.99999999999999,
        207.99999999999994
      ],
      [
        58.99999999999999,
        207.99999999999994
      ]
    ],
    "RRECA": [
      [
        42.8,
        191.1
      ],
      [
        42.8,
        191.1
      ],
      [
        42.8,
        191.1
      ],
      [
        42.8,
        191.1
      ],
      [
        42.8,
        191.1
      ],
      [
        42.8,
        191.1
      ],
      [
        42.8,
        191.1
      ],
      [
        42.8,
        191.1
      ],
      [
        42.8,
        191.1
      ],
      [
        42.8,
        191.1
      ]
    ]
  },
  "60": {
    "FIFO": [
      [
        116.6,
        210.69999999999996
      ],
      [
        116.6,
        210.69999999999996
      ],
      [
        116.6,
        210.69999999999996
      ],
      [
        116.6,
        210.69999999999996
      ],
      [
        116.6,
        210.69999999999996
      ],
      [
        116.6,
        210.69999999999996
      ],
      [
        116.6,
        210.69999999999996
      ],
      [
        116.6,
        210.69999999999996
      ],
      [
        116.6,
        210.69999999999996
      ],
      [
        116.6,
        210.69999999999996
      ]
    ],