{
  "20": {
    "FIFO": [
      [
        65.0,
        106.30000000000001
      ],
      [
        65.0,
        106.30000000000001
      ],
      [
        65.0,
        106.30000000000001
      ],
      [
        65.0,
        106.30000000000001
      ],
      [
        65.0,
        106.30000000000001
      ],
      [
        65.0,
        106.30000000000001
      ],
      [
        65.0,
        106.30000000000001
      ],
      [
        65.0,
        106.30000000000001
      ],
      [
        65.0,
        106.30000000000001
      ],
      [
        65.0,
        106.30000000000001
      ]
    ],
    "LTP": [
      [
        33.5,
        103.10000000000001
      ],
      [
        34.1,
        102.2
      ],
      [
        33.5,
        103.10000000000001
      ],
      [
        34.1,
        102.2
      ],
      [
        34.1,
        102.2
      ],
      [
        34.1,
        102.2
      ],
      [
        33.5,
        103.10000000000001
      ],
      [
        34.1,
        102.2
      ],
      [
        34.1,
        102.2
      ],
      [
        33.5,
        103.10000000000001
      ]
    ],
    "STP": [
      [
        39.7,
        101.49999999999999
      ],
      [
        39.7,
        101.49999999999999
      ],
      [
        39.7,
        101.49999999999999
      ],
      [
        39.7,
        101.49999999999999
      ],
      [
        39.7,
        101.49999999999999
      ],
      [
        39.7,
        101.49999999999999
      ],
      [
        39.7,
        101.49999999999999
      ],
      [
        39.7,
        101.49999999999999
      ],
      [
        39.7,
        101.49999999999999
      ],
      [
        39.7,
        101.49999999999999
      ]
    ],
    "RRFIFO": [
      [
        33.5,
        67.39999999999999
      ],
      [
        30.700000000000003,
        71.39999999999999
      ],
      [
        33.5,
        67.39999999999999
      ],
      [
        33.5,
        67.39999999999999
      ],
      [
        30.700000000000003,
        71.39999999999999
      ],
      [
        30.700000000000003,
        71.39999999999999
      ],
      [
        30.700000000000003,
        71.39999999999999
      ],
      [
        30.700000000000003,
        71.39999999999999
      ],
      [
        33.5,
        67.39999999999999
      ],
      [
        33.5,
        67.39999999999999
      ]
    ],
    "RRLTP": [
      [
        46.3,
        71.7
      ],
      [
        46.3,
        71.7
      ],
      [
        46.3,
        71.7
      ],
      [
        46.3,
        71.7
      ],
      [
        46.3,
        71.7
      ],
      [
        46.3,
        71.7
      ],
      [
        46.3,
        71.7
      ],
      [
        46.3,
        71.7
      ],
      [
        46.3,
        71.7
      ],
      [
        46.3,
        71.7
      ]
    ],
    "RRECA": [
      [
        29.499999999999996,
        96.40000000000003
      ],
      [
        29.499999999999996,
        96.40000000000003
      ],
      [
        29.499999999999996,
        96.40000000000003
      ],
      [
        29.499999999999996,
        96.40000000000003
      ],
      [
        29.499999999999996,
        96.40000000000003
      ],
      [
        29.499999999999996,
        96.40000000000003
      ],
      [
        29.499999999999996,
        96.40000000000003
      ],
      [
        29.499999999999996,
        96.40000000000003
      ],
      [
        29.499999999999996,
        96.40000000000003
      ],
      [
        29.499999999999996,
        96.40000000000003
      ]
    ]
  },
  "40": {
    "FIFO": [
      [
        65.0,
        106.30000000000001
      ],
      [
        65.0,
        106.30000000000001
      ],
      [
        65.0,
        106.30000000000001
      ],
      [
        65.0,
        106.30000000000001
      ],
      [
        65.0,
        106.30000000000001
      ],
      [
        65.0,
        106.30000000000001
      ],
      [
        65.0,
        106.30000000000001
      ],
      [
        65.0,
        106.30000000000001
      ],
      [
        65.0,
        106.30000000000001
      ],
      [
        65.0,
        106.30000000000001
      ]
    ],
    "LTP": [
      [
        33.5,
        100.80000000000001
      ],
      [
        33.599999999999994,
        97.7
      ],
      [
        33.5,
        100.80000000000001
      ],
      [
        33.599999999999994,
        97.7
      ],
      [
        33.5,
        100.80000000000001
      ],
      [
        33.5,
        100.80000000000001
      ],
      [
        33.5,
        100.80000000000001
      ],
      [
        33.5,
        100.80000000000001
      ],
      [
        33.5,
        100.80000000000001
      ],
      [
        33.599999999999994,
        97.7
      ]
    ],
    "STP": [
      [
        39.7,
        101.49999999999999
      ],
      [
        39.7,
        101.49999999999999
      ],
      [
        39.7,
        101.49999999999999
      ],
      [
        39.7,
        101.49999999999999
      ],
      [
        39.7,
        101.49999999999999
      ],
      [
        39.7,
        101.49999999999999
      ],
      [
        39.7,
        101.49999999999999
      ],
      [
        39.7,
        101.49999999999999
      ],
      [
        39.7,
        101.49999999999999
      ],
      [
        39.7,
        101.49999999999999
      ]
    ],
    "RRFIFO": [
      [
        33.5,
        67.39999999999999
      ],
      [
        33.5,
        67.39999999999999
      ],
      [
        30.700000000000003,
        71.39999999999999
      ],
      [
        33.5,
        67.39999999999999
      ],
      [
        33.5,
        67.39999999999999
      ],
      [
        30.700000000000003,
        71.39999999999999
      ],
      [
        33.5,
        67.39999999999999
      ],
      [
        33.5,
        67.39999999999999
      ],
      [
        30.700000000000003,
        71.39999999999999
      ],
      [
        33.5,
        67.39999999999999
      ]
    ],
    "RRLTP": [
      [
        37.3,
        65.5
      ]
    ],
    "RRECA": [
      [
        29.499999999999996,
        96.40000000000003
      ],
      [
        29.499999999999996,
        96.40000000000003
      ],
      [
        29.499999999999996,
        96.40000000000003
      ],
      [
        29.499999999999996,
        96.40000000000003
      ],
      [
        29.499999999999996,
        96.40000000000003
      ],
      [
        29.499999999999996,
        96.40000000000003
      ],
      [
        29.499999999999996,
        96.40000000000003
      ],
      [
        29.499999999999996,
        96.40000000000003
      ],
      [
        29.499999999999996,
        96.40000000000003
      ],
      [
        29.499999999999996,
        96.40000000000003
      ]
    ]
  },
  "60": {
    "FIFO": [
      [
        65.0,
        106.30000000000001
      ],
      [
        65.0,
        106.30000000000001
      ],
      [
        65.0,
        106.30000000000001
      ],
      [
        65.0,
        106.30000000000001
      ],
      [
        65.0,
        106.30000000000001
      ],
      [
        65.0,
        106.30000000000001
      ],
      [
        65.0,
        106.30000000000001
      ],
      [
        65.0,
        106.30000000000001
      ],
      [
        65.0,
        106.30000000000001
      ],
      [
        65.0,
        106.30000000000001
      ]
    ],