{
  "20": {
    "FIFO": [
      [
        193.40000000000003,
        337.39999999999986
      ],
      [
        193.40000000000003,
        337.39999999999986
      ],
      [
        193.40000000000003,
        337.39999999999986
      ],
      [
        193.40000000000003,
        337.39999999999986
      ],
      [
        193.40000000000003,
        337.39999999999986
      ],
      [
        193.40000000000003,
        337.39999999999986
      ],
      [
        193.40000000000003,
        337.39999999999986
      ],
      [
        193.40000000000003,
        337.39999999999986
      ],
      [
        193.40000000000003,
        337.39999999999986
      ],
      [
        193.40000000000003,
        337.39999999999986
      ]
    ],
    "LTP": [
      [
        103.59999999999998,
        320.10000000000014
      ],
      [
        110.69999999999997,
        316.10000000000014
      ],
      [
        110.69999999999997,
        316.10000000000014
      ],
      [
        103.59999999999998,
        320.10000000000014
      ],
      [
        103.59999999999998,
        320.10000000000014
      ],
      [
        110.69999999999997,
        316.10000000000014
      ],
      [
        110.69999999999997,
        316.10000000000014
      ],
      [
        103.59999999999998,
        320.10000000000014
      ],
      [
        110.69999999999997,
        316.10000000000014
      ],
      [
        103.59999999999998,
        320.10000000000014
      ]
    ],
    "STP": [
      [
        114.80000000000001,
        309.6
      ],
      [
        114.80000000000001,
        309.6
      ],
      [
        114.80000000000001,
        309.6
      ],
      [
        114.80000000000001,
        309.6
      ],
      [
        114.80000000000001,
        309.6
      ],
      [
        114.80000000000001,
        309.6
      ],
      [
        114.80000000000001,
        309.6
      ],
      [
        114.80000000000001,
        309.6
      ],
      [
        114.80000000000001,
        309.6
      ],
      [
        114.80000000000001,
        309.6
      ]
    ],
    "RRFIFO": [
      [
        106.80000000000001,
        294.7
      ],
      [
        106.80000000000001,
        294.7
      ],
      [
        106.80000000000001,
        294.7
      ],
      [
        106.80000000000001,
        294.7
      ],
      [
        106.80000000000001,
        294.7
      ],
      [
        106.80000000000001,
        294.7
      ],
      [
        106.80000000000001,
        294.7
      ],
      [
        106.80000000000001,
        294.7
      ],
      [
        106.80000000000001,
        294.7
      ],
      [
        106.80000000000001,
        294.7
      ]
    ],
    "RRLTP": [
      [
        87.89999999999999,
        310.8
      ],
      [
        87.89999999999999,
        310.8
      ],
      [
        87.89999999999999,
        310.8
      ],
      [
        87.89999999999999,
        310.8
      ],
      [
        87.89999999999999,
        310.8
      ],
      [
        87.89999999999999,
        310.8
      ],
      [
        87.89999999999999,
        310.8
      ],
      [
        87.89999999999999,
        310.8
      ],
      [
        87.89999999999999,
        310.8
      ],
      [
        87.89999999999999,
        310.8
      ]
    ],
    "RRECA": [
      [
        128.70000000000002,
        285.4999999999999
      ],
      [
        128.70000000000002,
        285.4999999999999
      ],
      [
        128.70000000000002,
        285.4999999999999
      ],
      [
        128.70000000000002,
        285.4999999999999
      ],
      [
        128.70000000000002,
        285.4999999999999
      ],
      [
        128.70000000000002,
        285.4999999999999
      ],
      [
        128.70000000000002,
        285.4999999999999
      ],
      [
        128.70000000000002,
        285.4999999999999
      ],
      [
        128.70000000000002,
        285.4999999999999
      ],
      [
        128.70000000000002,
        285.4999999999999
      ]
    ]
  },
  "40": {
    "FIFO": [
      [
        193.40000000000003,
        337.39999999999986
      ],
      [
        193.40000000000003,
        337.39999999999986
      ],
      [
        193.40000000000003,
        337.39999999999986
      ],
      [
        193.40000000000003,
        337.39999999999986
      ],
      [
        193.40000000000003,
        337.39999999999986
      ],
      [
        193.40000000000003,
        337.39999999999986
      ],
      [
        193.40000000000003,
        337.39999999999986
      ],
      [
        193.40000000000003,
        337.39999999999986
      ],
      [
        193.40000000000003,
        337.39999999999986
      ],
      [
        193.40000000000003,
        337.39999999999986
      ]
    ],
    "LTP": [
      [
        91.6,
        329.4000000000001
      ],
      [
        91.6,
        329.4000000000001
      ],
      [
        92.60000000000001,
        320.30000000000007
      ],
      [
        91.6,
        329.4000000000001
      ],
      [
        81.29999999999998,
        339.1
      ],
      [
        95.49999999999999,
        312.20000000000016
      ]
    ],
    "STP": [
      [
        125.5,
        293.80000000000007
      ],
      [
        95.5,
        312.6
      ],
      [
        95.5,
        312.6
      ],
      [
        95.5,
        312.6
      ],
      [
        109.20000000000002,
        298.00000000000006
      ],
      [
        104.00000000000001,
        307.70000000000005
      ]
    ],
    "RRFIFO": [
      [
        100.4,
        297.8
      ],
      [
        115.7,
        271.4
      ],
      [
        105.39999999999999,
        285.7
      ]
    ],
    "RRLTP": [
      [
        87.89999999999999,
        310.8
      ],
      [
        87.89999999999999,
        310.8
      ],
      [
        87.89999999999999,
        310.8
      ],
      [
        87.89999999999999,
        310.8
      ],
      [
        87.89999999999999,
        310.8
      ],
      [
        87.89999999999999,
        310.8
      ],
      [
        87.89999999999999,
        310.8
      ],
      [
        87.89999999999999,
        310.8
      ],
      [
        87.89999999999999,
        310.8
      ],
      [
        87.89999999999999,
        310.8
      ]
    ],
    "RRECA": [
      [
        110.8,
        278.8999999999999
      ],
      [
        103.3,
        291.59999999999997
      ],
      [
        110.8,
        278.8999999999999
      ],
      [
        110.8,
        278.8999999999999
      ],
      [
        104.89999999999999,
        282.5999999999999
      ]
    ]
  },
  "60": {
    "FIFO": [
      [
        193.40000000000003,
        337.39999999999986
      ],
      [
        193.40000000000003,
        337.39999999999986
      ],
      [
        193.40000000000003,
        337.39999999999986
      ],
      [
        193.40000000000003,
        337.39999999999986
      ],
      [
        193.40000000000003,
        337.39999999999986
      ],
      [
        193.40000000000003,
        337.39999999999986
      ],
      [
        193.40000000000003,
        337.39999999999986
      ],
      [
        193.40000000000003,
        337.39999999999986
      ],
      [
        193.40000000000003,
        337.39999999999986
      ],
      [
        193.40000000000003,
        337.39999999999986
      ]
    ],
    "LTP": [
      [
        78.8,
        329.1
      ],
      [
        80.29999999999998,
        323.8
      ],
      [
        88.49999999999999,
        315.00000000000006
      ],
      [
        80.29999999999998,
        323.8
      ],
      [
        80.29999999999998,
        323.8
      ],
      [
        80.29999999999998,
        323.8
      ],
      [
        78.8,
        329.1
      ],
      [
        80.29999999999998,
        323.8
      ],
      [
        88.49999999999999,
        315.00000000000006
      ],
      [
        85.2,
        320.70000000000005
      ]
    ],