{
  "20": {
    "FIFO": [
      [
        195.40000000000006,
        280.6
      ],
      [
        195.40000000000006,
        280.6
      ],
      [
        195.40000000000006,
        280.6
      ],
      [
        177.90000000000003,
        298.2
      ],
      [
        195.40000000000006,
        280.6
      ],
      [
        195.40000000000006,
        280.6
      ],
      [
        177.90000000000003,
        298.2
      ],
      [
        177.90000000000003,
        298.2
      ],
      [
        177.90000000000003,
        298.2
      ],
      [
        177.90000000000003,
        298.2
      ]
    ],
    "LTP": [
      [
        106.99999999999997,
        307.29999999999995
      ],
      [
        106.99999999999997,
        307.29999999999995
      ],
      [
        99.89999999999998,
        311.3999999999999
      ],
      [
        101.29999999999997,
        310.3999999999999
      ],
      [
        99.89999999999998,
        311.3999999999999
      ],
      [
        106.99999999999997,
        307.29999999999995
      ],
      [
        101.29999999999997,
        310.3999999999999
      ],
      [
        101.29999999999997,
        310.3999999999999
      ],
      [
        101.29999999999997,
        310.3999999999999
      ],
      [
        101.29999999999997,
        310.3999999999999
      ]
    ],
    "STP": [
      [
        83.69999999999999,
        347.40000000000003
      ],
      [
        83.69999999999999,
        347.40000000000003
      ],
      [
        91.79999999999998,
        338.4
      ],
      [
        88.2,
        340.09999999999997
      ],
      [
        91.79999999999998,
        338.4
      ],
      [
        83.69999999999999,
        347.40000000000003
      ],
      [
        88.2,
        340.09999999999997
      ],
      [
        88.2,
        340.09999999999997
      ],
      [
        88.2,
        340.09999999999997
      ],
      [
        88.2,
        340.09999999999997
      ]
    ],
    "RRFIFO": [
      [
        98.20000000000002,
        313.9
      ],
      [
        98.20000000000002,
        313.9
      ],
      [
        98.50000000000001,
        313.0
      ],
      [
        111.8,
        300.00000000000006
      ],
      [
        98.50000000000001,
        313.0
      ],
      [
        98.20000000000002,
        313.9
      ],
      [
        111.8,
        300.00000000000006
      ],
      [
        111.8,
        300.00000000000006
      ],
      [
        111.8,
        300.00000000000006
      ],
      [
        111.8,
        300.00000000000006
      ]
    ],
    "RRLTP": [
      [
        83.5,
        312.0
      ],
      [
        83.5,
        312.0
      ],
      [
        83.5,
        312.0
      ],
      [
        79.4,
        313.0
      ],
      [
        79.4,
        313.0
      ],
      [
        79.4,
        313.0
      ],
      [
        79.4,
        313.0
      ],
      [
        79.4,
        313.0
      ]
    ],
    "RRECA": [
      [
        107.20000000000002,
        293.5999999999999
      ],
      [
        107.20000000000002,
        293.5999999999999
      ],
      [
        107.20000000000002,
        293.5999999999999
      ],
      [
        107.20000000000002,
        293.5999999999999
      ],
      [
        107.20000000000002,
        293.5999999999999
      ]
    ]
  },
  "40": {
    "FIFO": [
      [
        195.40000000000006,
        280.6
      ],
      [
        195.40000000000006,
        280.6
      ],
      [
        195.40000000000006,
        280.6
      ],
      [
        195.40000000000006,
        280.6
      ],
      [
        195.40000000000006,
        280.6
      ],
      [
        195.40000000000006,
        280.6
      ],
      [
        195.40000000000006,
        280.6
      ],
      [
        195.40000000000006,
        280.6
      ],
      [
        195.40000000000006,
        280.6
      ],
      [
        195.40000000000006,
        280.6
      ]
    ],
    "LTP": [
      [
        99.89999999999998,
        311.3999999999999
      ],
      [
        99.89999999999998,
        311.3999999999999
      ],
      [
        106.99999999999997,
        307.29999999999995
      ],
      [
        106.99999999999997,
        307.29999999999995
      ],
      [
        99.89999999999998,
        311.3999999999999
      ],
      [
        99.89999999999998,
        311.3999999999999
      ],
      [
        99.89999999999998,
        311.3999999999999
      ],
      [
        106.99999999999997,
        307.29999999999995
      ],
      [
        106.99999999999997,
        307.29999999999995
      ],
      [
        99.89999999999998,
        311.3999999999999
      ]
    ],
    "STP": [
      [
        91.79999999999998,
        331.2
      ],
      [
        83.69999999999999,
        340.2
      ],
      [
        83.69999999999999,
        340.2
      ],
      [
        91.79999999999998,
        331.2
      ],
      [
        83.69999999999999,
        340.2
      ],
      [
        83.69999999999999,
        340.2
      ],
      [
        91.79999999999998,
        331.2
      ],
      [
        91.79999999999998,
        331.2
      ],
      [
        83.69999999999999,
        340.2
      ],
      [
        83.69999999999999,
        340.2
      ]
    ],
    "RRFIFO": [
      [
        98.50000000000001,
        309.9
      ],
      [
        98.50000000000001,
        309.9
      ],
      [
        98.20000000000002,
        313.9
      ],
      [
        107.0,
        303.90000000000003
      ],
      [
        98.20000000000002,
        313.9
      ],
      [
        98.50000000000001,
        309.9
      ],
      [
        98.50000000000001,
        309.9
      ],
      [
        107.0,
        303.90000000000003
      ],
      [
        101.4,
        307.90000000000003
      ],
      [
        98.50000000000001,
        309.9
      ]
    ],
    "RRLTP": [
      [
        83.5,
        312.0
      ],
      [
        83.5,
        312.0
      ],
      [
        83.5,
        312.0
      ],
      [
        83.5,
        312.0
      ],
      [
        83.5,
        312.0
      ],
      [
        83.5,
        312.0
      ],
      [
        83.5,
        312.0
      ],
      [
        83.5,
        312.0
      ],
      [
        83.5,
        312.0
      ],
      [
        83.5,
        312.0
      ]
    ],
    "RRECA": [
      [
        107.20000000000002,
        293.5999999999999
      ],
      [
        107.20000000000002,
        293.5999999999999
      ],
      [
        107.20000000000002,
        293.5999999999999
      ],
      [
        107.20000000000002,
        293.5999999999999
      ],
      [
        107.20000000000002,
        293.5999999999999
      ],
      [
        107.20000000000002,
        293.5999999999999
      ],
      [
        107.20000000000002,
        293.5999999999999
      ],
      [
        107.20000000000002,
        293.5999999999999
      ],
      [
        107.20000000000002,
        293.5999999999999
      ],
      [
        107.20000000000002,
        293.5999999999999
      ]
    ]
  },
  "60": {
    "FIFO": [
      [
        195.40000000000006,
        280.6
      ],
      [
        195.40000000000006,
        280.6
      ],
      [
        195.40000000000006,
        280.6
      ],
      [
        195.40000000000006,
        280.6
      ],
      [
        195.40000000000006,
        280.6
      ],
      [
        195.40000000000006,
        280.6
      ],
      [
        195.40000000000006,
        280.6
      ],
      [
        195.40000000000006,
        280.6
      ],
      [
        195.40000000000006,
        280.6
      ],
      [
        195.40000000000006,
        280.6
      ]
    ],