{
  "20": {
    "FIFO": [
      [
        224.8,
        327.0999999999999
      ],
      [
        224.8,
        327.0999999999999
      ],
      [
        226.3,
        325.8999999999999
      ],
      [
        222.2,
        332.99999999999994
      ],
      [
        220.0,
        334.19999999999993
      ]
    ],
    "LTP": [
      [
        82.69999999999997,
        335.7999999999999
      ],
      [
        82.69999999999997,
        335.7999999999999
      ],
      [
        82.69999999999997,
        335.7999999999999
      ],
      [
        82.69999999999997,
        335.7999999999999
      ],
      [
        81.39999999999998,
        337.49999999999994
      ],
      [
        82.69999999999997,
        335.7999999999999
      ],
      [
        82.69999999999997,
        335.7999999999999
      ]
    ],
    "STP": [
      [
        83.99999999999999,
        340.7
      ],
      [
        83.99999999999999,
        340.7
      ],
      [
        88.10000000000001,
        335.40000000000003
      ],
      [
        80.4,
        341.50000000000006
      ],
      [
        88.10000000000001,
        335.40000000000003
      ]
    ],
    "RRFIFO": [
      [
        128.9,
        274.3
      ],
      [
        115.50000000000001,
        276.90000000000003
      ],
      [
        109.60000000000001,
        290.1
      ]
    ],
    "RRLTP": [
      [
        87.90000000000002,
        341.6
      ],
      [
        87.90000000000002,
        341.6
      ],
      [
        80.60000000000001,
        348.8
      ],
      [
        87.8,
        343.3
      ]
    ],
    "RRECA": [
      [
        105.60000000000001,
        287.3
      ],
      [
        105.60000000000001,
        287.3
      ],
      [
        105.60000000000001,
        287.3
      ]
    ]
  },
  "40": {
    "FIFO": [
      [
        224.8,
        327.0999999999999
      ],
      [
        219.8,
        333.1999999999999
      ],
      [
        224.8,
        327.0999999999999
      ],
      [
        224.8,
        327.0999999999999
      ],
      [
        219.8,
        333.1999999999999
      ],
      [
        224.8,
        327.0999999999999
      ],
      [
        224.8,
        327.0999999999999
      ],
      [
        219.8,
        333.1999999999999
      ],
      [
        224.8,
        327.0999999999999
      ],
      [
        224.8,
        327.0999999999999
      ]
    ],
    "LTP": [
      [
        82.69999999999997,
        335.7999999999999
      ],
      [
        82.69999999999997,
        335.7999999999999
      ],
      [
        82.69999999999997,
        335.7999999999999
      ],
      [
        82.69999999999997,
        335.7999999999999
      ],
      [
        82.69999999999997,
        335.7999999999999
      ],
      [
        82.69999999999997,
        335.7999999999999
      ],
      [
        82.69999999999997,
        335.7999999999999
      ],
      [
        82.69999999999997,
        335.7999999999999
      ],
      [
        82.69999999999997,
        335.7999999999999
      ],
      [
        82.69999999999997,
        335.7999999999999
      ]
    ],
    "STP": [
      [
        91.80000000000001,
        328.1
      ],
      [
        91.80000000000001,
        328.1
      ],
      [
        91.80000000000001,
        328.1
      ],
      [
        91.80000000000001,
        328.1
      ],
      [
        91.80000000000001,
        328.1
      ],
      [
        91.80000000000001,
        328.1
      ],
      [
        91.80000000000001,
        328.1
      ],
      [
        91.80000000000001,
        328.1
      ],
      [
        91.80000000000001,
        328.1
      ],
      [
        91.80000000000001,
        328.1
      ]
    ],
    "RRFIFO": [
      [
        112.10000000000001,
        290.90000000000003
      ],
      [
        112.10000000000001,
        290.90000000000003
      ],
      [
        112.10000000000001,
        290.90000000000003
      ],
      [
        112.10000000000001,
        290.90000000000003
      ],
      [
        112.10000000000001,
        290.90000000000003
      ],
      [
        112.10000000000001,
        290.90000000000003
      ],
      [
        112.10000000000001,
        290.90000000000003
      ],
      [
        112.10000000000001,
        290.90000000000003
      ],
      [
        112.10000000000001,
        290.90000000000003
      ],
      [
        112.10000000000001,
        290.90000000000003
      ]
    ],
    "RRLTP": [
      [
        87.90000000000002,
        340.0
      ],
      [
        87.90000000000002,
        340.0
      ],
      [
        87.90000000000002,
        340.0
      ],
      [
        87.90000000000002,
        340.0
      ],
      [
        87.90000000000002,
        340.0
      ],
      [
        87.90000000000002,
        340.0
      ],
      [
        87.90000000000002,
        340.0
      ],
      [
        87.90000000000002,
        340.0
      ],
      [
        87.90000000000002,
        340.0
      ],
      [
        87.90000000000002,
        340.0
      ]
    ],
    "RRECA": [
      [
        105.60000000000001,
        287.3
      ],
      [
        105.60000000000001,
        287.3
      ],
      [
        105.60000000000001,
        287.3
      ],
      [
        105.60000000000001,
        287.3
      ],
      [
        105.60000000000001,
        287.3
      ],
      [
        105.60000000000001,
        287.3
      ],
      [
        105.60000000000001,
        287.3
      ],
      [
        105.60000000000001,
        287.3
      ],
      [
        105.60000000000001,
        287.3
      ],
      [
        105.60000000000001,
        287.3
      ]
    ]
  },
  "60": {
    "FIFO": [
      [
        224.8,
        327.0999999999999
      ],
      [
        219.8,
        333.1999999999999
      ],
      [
        224.8,
        327.0999999999999
      ],
      [
        238.00000000000003,
        304.7
      ],
      [
        219.8,
        333.1999999999999
      ],
      [
        219.8,
        333.1999999999999
      ],
      [
        224.8,
        327.0999999999999
      ],
      [
        219.8,
        333.1999999999999
      ],
      [
        224.8,
        327.0999999999999
      ],
      [
        219.8,
        333.1999999999999
      ]
    ],
    "LTP": [
      [
        82.69999999999997,
        335.7999999999999
      ],
      [
        82.69999999999997,
        335.7999999999999
      ],
      [
        82.69999999999997,
        335.7999999999999
      ],
      [
        82.69999999999997,
        335.7999999999999
      ],
      [
        82.69999999999997,
        335.7999999999999
      ],
      [
        82.69999999999997,
        335.7999999999999
      ],
      [
        82.69999999999997,
        335.7999999999999
      ],
      [
        82.69999999999997,
        335.7999999999999
      ],
      [
        82.69999999999997,
        335.7999999999999
      ],
      [
        82.69999999999997,
        335.7999999999999
      ]
    ],
    "STP": [
      [
        91.80000000000001,
        328.1
      ],
      [
        91.80000000000001,
        328.1
      ],
      [
        91.80000000000001,
        328.1
      ],
      [
        104.79999999999998,
        301.90000000000003
      ],
      [
        91.80000000000001,
        328.1
      ],
      [
        91.80000000000001,
        328.1
      ],
      [
        91.80000000000001,
        328.1
      ],
      [
        91.80000000000001,
        328.1
      ],
      [
        91.80000000000001,
        328.1
      ],
      [
        91.80000000000001,
        328.1
      ]
    ],