{
  "20": {
    "FIFO": [
      [
        102.60000000000002,
        202.60000000000008
      ],
      [
        89.70000000000002,
        207.70000000000005
      ],
      [
        89.70000000000002,
        207.70000000000005
      ],
      [
        89.70000000000002,
        207.70000000000005
      ],
      [
        89.70000000000002,
        207.70000000000005
      ],
      [
        89.70000000000002,
        207.70000000000005
      ],
      [
        89.70000000000002,
        207.70000000000005
      ],
      [
        89.70000000000002,
        207.70000000000005
      ],
      [
        89.70000000000002,
        207.70000000000005
      ],
      [
        89.70000000000002,
        207.70000000000005
      ]
    ],
    "LTP": [
      [
        54.199999999999996,
        200.6
      ],
      [
        48.4,
        212.59999999999997
      ],
      [
        48.4,
        212.59999999999997
      ],
      [
        48.4,
        212.59999999999997
      ],
      [
        48.4,
        212.59999999999997
      ],
      [
        48.4,
        212.59999999999997
      ],
      [
        48.4,
        212.59999999999997
      ],
      [
        48.4,
        212.59999999999997
      ],
      [
        48.4,
        212.59999999999997
      ],
      [
        48.4,
        212.59999999999997
      ]
    ],
    "STP": [
      [
        44.7,
        189.69999999999996
      ],
      [
        44.7,
        189.69999999999996
      ],
      [
        44.7,
        189.69999999999996
      ],
      [
        44.7,
        189.69999999999996
      ],
      [
        44.7,
        189.69999999999996
      ],
      [
        44.7,
        189.69999999999996
      ],
      [
        44.7,
        189.69999999999996
      ],
      [
        44.7,
        189.69999999999996
      ],
      [
        44.7,
        189.69999999999996
      ]
    ],
    "RRFIFO": [
      [
        52.3,
        192.99999999999997
      ],
      [
        53.99999999999999,
        191.39999999999998
      ],
      [
        53.99999999999999,
        191.39999999999998
      ],
      [
        53.99999999999999,
        191.39999999999998
      ],
      [
        53.99999999999999,
        191.39999999999998
      ],
      [
        53.99999999999999,
        191.39999999999998
      ],
      [
        53.99999999999999,
        191.39999999999998
      ],
      [
        53.99999999999999,
        191.39999999999998
      ],
      [
        53.99999999999999,
        191.39999999999998
      ],
      [
        53.99999999999999,
        191.39999999999998
      ]
    ],
    "RRLTP": [
      [
        47.8,
        180.09999999999997
      ]
    ],
    "RRECA": [
      [
        50.00000000000001,
        212.49999999999994
      ],
      [
        59.2,
        195.69999999999996
      ],
      [
        59.2,
        195.69999999999996
      ],
      [
        59.2,
        195.69999999999996
      ],
      [
        59.2,
        195.69999999999996
      ],
      [
        59.2,
        195.69999999999996
      ],
      [
        59.2,
        195.69999999999996
      ],
      [
        59.2,
        195.69999999999996
      ],
      [
        59.2,
        195.69999999999996
      ],
      [
        59.2,
        195.69999999999996
      ]
    ]
  },
  "40": {
    "FIFO": [
      [
        97.50000000000001,
        200.90000000000006
      ],
      [
        91.9,
        203.90000000000006
      ],
      [
        105.90000000000002,
        199.90000000000006
      ],
      [
        105.90000000000002,
        199.90000000000006
      ],
      [
        94.20000000000002,
        203.60000000000008
      ],
      [
        97.50000000000001,
        200.90000000000006
      ],
      [
        103.60000000000001,
        200.20000000000005
      ],
      [
        97.50000000000001,
        200.90000000000006
      ],
      [
        97.50000000000001,
        200.90000000000006
      ],
      [
        105.90000000000002,
        199.90000000000006
      ]
    ],
    "LTP": [
      [
        54.199999999999996,
        200.6
      ],
      [
        54.199999999999996,
        200.6
      ],
      [
        54.199999999999996,
        200.6
      ],
      [
        54.199999999999996,
        200.6
      ],
      [
        54.199999999999996,
        200.6
      ],
      [
        54.199999999999996,
        200.6
      ],
      [
        54.199999999999996,
        200.6
      ],
      [
        54.199999999999996,
        200.6
      ],
      [
        54.199999999999996,
        200.6
      ],
      [
        54.199999999999996,
        200.6
      ]
    ],
    "STP": [
      [
        48.2,
        190.09999999999997
      ],
      [
        48.2,
        190.09999999999997
      ],
      [
        48.2,
        190.09999999999997
      ],
      [
        48.2,
        190.09999999999997
      ],
      [
        48.2,
        190.09999999999997
      ],
      [
        48.2,
        190.09999999999997
      ],
      [
        48.2,
        190.09999999999997
      ],
      [
        48.2,
        190.09999999999997
      ],
      [
        48.2,
        190.09999999999997
      ],
      [
        48.2,
        190.09999999999997
      ]
    ],
    "RRFIFO": [
      [
        52.3,
        192.99999999999997
      ],
      [
        52.3,
        192.99999999999997
      ],
      [
        52.3,
        192.99999999999997
      ],
      [
        52.3,
        192.99999999999997
      ],
      [
        52.3,
        192.99999999999997
      ],
      [
        52.3,
        192.99999999999997
      ],
      [
        52.3,
        192.99999999999997
      ],
      [
        52.3,
        192.99999999999997
      ],
      [
        52.3,
        192.99999999999997
      ],
      [
        52.3,
        192.99999999999997
      ]
    ],
    "RRLTP": [
      [
        47.8,
        180.09999999999997
      ],
      [
        47.8,
        180.09999999999997
      ],
      [
        47.8,
        180.09999999999997
      ],
      [
        47.8,
        180.09999999999997
      ],
      [
        47.8,
        180.09999999999997
      ],
      [
        47.8,
        180.09999999999997
      ],
      [
        47.8,
        180.09999999999997
      ],
      [
        47.8,
        180.09999999999997
      ],
      [
        47.8,
        180.09999999999997
      ],
      [
        47.8,
        180.09999999999997
      ]
    ],
    "RRECA": [
      [
        50.00000000000001,
        208.19999999999993
      ],
      [
        50.00000000000001,
        208.19999999999993
      ],
      [
        50.00000000000001,
        208.19999999999993
      ],
      [
        50.00000000000001,
        208.19999999999993
      ],
      [
        50.00000000000001,
        208.19999999999993
      ],
      [
        50.00000000000001,
        208.19999999999993
      ],
      [
        50.00000000000001,
        208.19999999999993
      ],
      [
        50.00000000000001,
        208.19999999999993
      ],
      [
        50.00000000000001,
        208.19999999999993
      ],
      [
        50.00000000000001,
        208.19999999999993
      ]
    ]
  },
  "60": {
    "FIFO": [
      [
        97.50000000000001,
        200.90000000000006
      ],
      [
        91.9,
        203.90000000000006
      ],
      [
        105.90000000000002,
        199.90000000000006
      ],
      [
        105.90000000000002,
        199.90000000000006
      ],
      [
        91.9,
        203.90000000000006
      ],
      [
        95.2,
        201.20000000000005
      ],
      [
        103.60000000000001,
        200.20000000000005
      ],
      [
        94.20000000000002,
        203.60000000000008
      ],
      [
        97.50000000000001,
        200.90000000000006
      ],
      [
        97.50000000000001,
        200.90000000000006
      ]
    ],