{
  "20": {
    "FIFO": [
      [
        72.1,
        199.29999999999995
      ],
      [
        88.29999999999998,
        187.39999999999998
      ],
      [
        88.29999999999998,
        187.39999999999998
      ]
    ],
    "LTP": [
      [
        46.8,
        195.39999999999995
      ],
      [
        46.00000000000001,
        198.49999999999997
      ],
      [
        46.8,
        195.39999999999995
      ],
      [
        53.4,
        194.89999999999995
      ]
    ],
    "STP": [
      [
        59.4,
        186.39999999999998
      ],
      [
        56.1,
        190.89999999999995
      ],
      [
        49.2,
        202.7
      ],
      [
        50.599999999999994,
        194.9
      ],
      [
        50.1,
        197.3
      ],
      [
        54.5,
        192.3
      ],
      [
        50.1,
        197.3
      ]
    ],
    "RRFIFO": [
      [
        65.39999999999999,
        198.99999999999997
      ],
      [
        56.800000000000004,
        199.49999999999997
      ],
      [
        56.800000000000004,
        199.49999999999997
      ]
    ],
    "RRLTP": [
      [
        41.6,
        216.60000000000002
      ],
      [
        49.2,
        207.10000000000005
      ]
    ],
    "RRECA": [
      [
        40.800000000000004,
        172.1
      ]
    ]
  },
  "40": {
    "FIFO": [
      [
        72.1,
        196.69999999999993
      ],
      [
        72.1,
        196.69999999999993
      ],
      [
        72.1,
        196.69999999999993
      ],
      [
        72.1,
        196.69999999999993
      ],
      [
        72.1,
        196.69999999999993
      ],
      [
        72.1,
        196.69999999999993
      ],
      [
        72.1,
        196.69999999999993
      ],
      [
        72.1,
        196.69999999999993
      ],
      [
        72.1,
        196.69999999999993
      ],
      [
        72.1,
        196.69999999999993
      ]
    ],
    "LTP": [
      [
        46.00000000000001,
        195.7
      ],
      [
        46.00000000000001,
        195.7
      ],
      [
        46.00000000000001,
        195.7
      ],
      [
        46.00000000000001,
        195.7
      ],
      [
        46.00000000000001,
        195.7
      ],
      [
        46.00000000000001,
        195.7
      ],
      [
        46.00000000000001,
        195.7
      ],
      [
        46.00000000000001,
        195.7
      ],
      [
        46.00000000000001,
        195.7
      ],
      [
        46.00000000000001,
        195.7
      ]
    ],
    "STP": [
      [
        59.4,
        179.19999999999996
      ],
      [
        59.4,
        179.19999999999996
      ],
      [
        59.4,
        179.19999999999996
      ],
      [
        59.4,
        179.19999999999996
      ],
      [
        59.4,
        179.19999999999996
      ],
      [
        59.4,
        179.19999999999996
      ],
      [
        59.4,
        179.19999999999996
      ],
      [
        59.4,
        179.19999999999996
      ],
      [
        59.4,
        179.19999999999996
      ],
      [
        59.4,
        179.19999999999996
      ]
    ],
    "RRFIFO": [
      [
        62.300000000000004,
        203.99999999999997
      ],
      [
        62.300000000000004,
        203.99999999999997
      ],
      [
        62.300000000000004,
        203.99999999999997
      ],
      [
        62.300000000000004,
        203.99999999999997
      ],
      [
        62.300000000000004,
        203.99999999999997
      ],
      [
        62.300000000000004,
        203.99999999999997
      ],
      [
        62.300000000000004,
        203.99999999999997
      ],
      [
        62.300000000000004,
        203.99999999999997
      ],
      [
        62.300000000000004,
        203.99999999999997
      ],
      [
        62.300000000000004,
        203.99999999999997
      ]
    ],
    "RRLTP": [
      [
        62.2,
        213.60000000000002
      ],
      [
        62.2,
        213.60000000000002
      ],
      [
        62.2,
        213.60000000000002
      ],
      [
        62.2,
        213.60000000000002
      ],
      [
        62.2,
        213.60000000000002
      ],
      [
        62.2,
        213.60000000000002
      ],
      [
        62.2,
        213.60000000000002
      ],
      [
        62.2,
        213.60000000000002
      ],
      [
        62.2,
        213.60000000000002
      ],
      [
        62.2,
        213.60000000000002
      ]
    ],
    "RRECA": [
      [
        40.800000000000004,
        167.3
      ],
      [
        40.800000000000004,
        167.3
      ],
      [
        40.800000000000004,
        167.3
      ],
      [
        40.800000000000004,
        167.3
      ],
      [
        40.800000000000004,
        167.3
      ],
      [
        40.800000000000004,
        167.3
      ],
      [
        40.800000000000004,
        167.3
      ],
      [
        40.800000000000004,
        167.3
      ],
      [
        40.800000000000004,
        167.3
      ],
      [
        40.800000000000004,
        167.3
      ]
    ]
  },
  "60": {
    "FIFO": [
      [
        72.1,
        196.69999999999993
      ],
      [
        72.1,
        196.69999999999993
      ],
      [
        72.1,
        196.69999999999993
      ],
      [
        72.1,
        196.69999999999993
      ],
      [
        72.1,
        196.69999999999993
      ],
      [
        72.1,
        196.69999999999993
      ],
      [
        72.1,
        196.69999999999993
      ],
      [
        72.1,
        196.69999999999993
      ],
      [
        72.1,
        196.69999999999993
      ],
      [
        72.1,
        196.69999999999993
      ]
    ],
    "LTP": [
      [
        46.00000000000001,
        195.7
      ],
      [
        46.00000000000001,
        195.7
      ],
      [
        46.00000000000001,
        195.7
      ],
      [
        46.00000000000001,
        195.7
      ],
      [
        46.00000000000001,
        195.7
      ],
      [
        46.00000000000001,
        195.7
      ],
      [
        46.00000000000001,
        195.7
      ],
      [
        46.00000000000001,
        195.7
      ],
      [
        46.00000000000001,
        195.7
      ],
      [
        46.00000000000001,
        195.7
      ]
    ],
    "STP": [
      [
        59.4,
        179.19999999999996
      ],
      [
        59.4,
        179.19999999999996
      ],
      [
        59.4,
        179.19999999999996
      ],
      [
        59.4,
        179.19999999999996
      ],
      [
        59.4,
        179.19999999999996
      ],
      [
        59.4,
        179.19999999999996
      ],
      [
        59.4,
        179.19999999999996
      ],
      [
        59.4,
        179.19999999999996
      ],
      [
        59.4,
        179.19999999999996
      ],
      [
        59.4,
        179.19999999999996
      ]
    ],
    "RRFIFO": [
      [
        62.300000000000004,
        203.99999999999997
      ],
      [
        62.300000000000004,
        203.99999999999997
      ],
      [
        62.300000000000004,
        203.99999999999997
      ],
      [
        62.300000000000004,
        203.99999999999997
      ],
      [
        62.300000000000004,
        203.99999999999997
      ],
      [
        62.300000000000004,
        203.99999999999997
      ],
      [
        62.300000000000004,
        203.99999999999997
      ],
      [
        62.300000000000004,
        203.99999999999997
      ],
      [
        62.300000000000004,
        203.99999999999997
      ],
      [
        62.300000000000004,
        203.99999999999997
      ]
    ],