{
  "20": {
    "FIFO": [
      [
        228.19999999999996,
        295.70000000000005
      ],
      [
        228.79999999999995,
        294.0
      ],
      [
        228.19999999999996,
        295.70000000000005
      ],
      [
        228.79999999999995,
        294.0
      ],
      [
        228.79999999999995,
        294.0
      ],
      [
        228.19999999999996,
        295.70000000000005
      ],
      [
        228.19999999999996,
        295.70000000000005
      ],
      [
        228.79999999999995,
        294.0
      ],
      [
        228.79999999999995,
        294.0
      ],
      [
        228.79999999999995,
        294.0
      ]
    ],
    "LTP": [
      [
        115.10000000000001,
        281.70000000000005
      ],
      [
        101.60000000000001,
        293.99999999999994
      ],
      [
        115.10000000000001,
        281.70000000000005
      ],
      [
        115.10000000000001,
        281.70000000000005
      ],
      [
        101.60000000000001,
        293.99999999999994
      ],
      [
        115.10000000000001,
        281.70000000000005
      ],
      [
        115.10000000000001,
        281.70000000000005
      ],
      [
        101.60000000000001,
        293.99999999999994
      ],
      [
        101.60000000000001,
        293.99999999999994
      ],
      [
        101.60000000000001,
        293.99999999999994
      ]
    ],
    "STP": [
      [
        101.30000000000001,
        315.5999999999999
      ],
      [
        94.8,
        321.4999999999999
      ],
      [
        101.30000000000001,
        315.5999999999999
      ],
      [
        101.30000000000001,
        315.5999999999999
      ],
      [
        103.3,
        314.9999999999999
      ],
      [
        103.3,
        314.9999999999999
      ]
    ],
    "RRFIFO": [
      [
        86.20000000000002,
        329.20000000000005
      ],
      [
        89.9,
        323.0000000000001
      ],
      [
        86.20000000000002,
        329.20000000000005
      ],
      [
        86.20000000000002,
        329.20000000000005
      ],
      [
        89.9,
        323.0000000000001
      ],
      [
        86.20000000000002,
        329.20000000000005
      ],
      [
        86.20000000000002,
        329.20000000000005
      ],
      [
        81.49999999999999,
        341.20000000000005
      ]
    ],
    "RRLTP": [
      [
        104.6,
        285.3000000000001
      ],
      [
        98.69999999999999,
        286.9000000000001
      ],
      [
        95.70000000000002,
        297.4000000000001
      ],
      [
        96.3,
        294.1000000000001
      ],
      [
        96.3,
        294.1000000000001
      ]
    ],
    "RRECA": [
      [
        84.19999999999999,
        321.09999999999997
      ],
      [
        79.30000000000001,
        329.0
      ],
      [
        84.19999999999999,
        321.09999999999997
      ],
      [
        84.19999999999999,
        321.09999999999997
      ],
      [
        79.30000000000001,
        329.0
      ],
      [
        84.19999999999999,
        321.09999999999997
      ],
      [
        84.19999999999999,
        321.09999999999997
      ],
      [
        79.30000000000001,
        329.0
      ]
    ]
  },
  "40": {
    "FIFO": [
      [
        227.09999999999997,
        293.5
      ],
      [
        227.09999999999997,
        293.5
      ],
      [
        227.09999999999997,
        293.5
      ],
      [
        227.09999999999997,
        293.5
      ],
      [
        227.09999999999997,
        293.5
      ],
      [
        227.09999999999997,
        293.5
      ],
      [
        227.09999999999997,
        293.5
      ],
      [
        227.09999999999997,
        293.5
      ],
      [
        227.09999999999997,
        293.5
      ],
      [
        227.09999999999997,
        293.5
      ]
    ],
    "LTP": [
      [
        101.60000000000001,
        285.1
      ],
      [
        101.60000000000001,
        285.1
      ],
      [
        101.60000000000001,
        285.1
      ],
      [
        101.60000000000001,
        285.1
      ],
      [
        101.60000000000001,
        285.1
      ],
      [
        101.60000000000001,
        285.1
      ],
      [
        101.60000000000001,
        285.1
      ],
      [
        101.60000000000001,
        285.1
      ],
      [
        101.60000000000001,
        285.1
      ],
      [
        101.60000000000001,
        285.1
      ]
    ],
    "STP": [
      [
        101.30000000000001,
        315.5999999999999
      ],
      [
        101.30000000000001,
        315.5999999999999
      ],
      [
        101.30000000000001,
        315.5999999999999
      ],
      [
        101.30000000000001,
        315.5999999999999
      ],
      [
        101.30000000000001,
        315.5999999999999
      ],
      [
        101.30000000000001,
        315.5999999999999
      ],
      [
        101.30000000000001,
        315.5999999999999
      ],
      [
        101.30000000000001,
        315.5999999999999
      ],
      [
        101.30000000000001,
        315.5999999999999
      ],
      [
        101.30000000000001,
        315.5999999999999
      ]
    ],
    "RRFIFO": [
      [
        89.9,
        323.0000000000001
      ],
      [
        89.9,
        323.0000000000001
      ],
      [
        89.9,
        323.0000000000001
      ],
      [
        89.9,
        323.0000000000001
      ],
      [
        89.9,
        323.0000000000001
      ],
      [
        89.9,
        323.0000000000001
      ],
      [
        89.9,
        323.0000000000001
      ],
      [
        89.9,
        323.0000000000001
      ],
      [
        89.9,
        323.0000000000001
      ],
      [
        89.9,
        323.0000000000001
      ]
    ],
    "RRLTP": [
      [
        104.6,
        285.3000000000001
      ],
      [
        98.69999999999999,
        286.9000000000001
      ],
      [
        104.6,
        285.3000000000001
      ],
      [
        98.69999999999999,
        286.9000000000001
      ],
      [
        98.69999999999999,
        286.9000000000001
      ],
      [
        104.6,
        285.3000000000001
      ],
      [
        104.6,
        285.3000000000001
      ],
      [
        98.69999999999999,
        286.9000000000001
      ],
      [
        104.6,
        285.3000000000001
      ],
      [
        98.69999999999999,
        286.9000000000001
      ]
    ],
    "RRECA": [
      [
        79.30000000000001,
        329.0
      ],
      [
        79.30000000000001,
        329.0
      ],
      [
        79.30000000000001,
        329.0
      ],
      [
        79.30000000000001,
        329.0
      ],
      [
        79.30000000000001,
        329.0
      ],
      [
        79.30000000000001,
        329.0
      ],
      [
        79.30000000000001,
        329.0
      ],
      [
        79.30000000000001,
        329.0
      ],
      [
        79.30000000000001,
        329.0
      ],
      [
        79.30000000000001,
        329.0
      ]
    ]
  },
  "60": {
    "FIFO": [
      [
        227.09999999999997,
        293.5
      ],
      [
        227.09999999999997,
        293.5
      ],
      [
        227.09999999999997,
        293.5
      ],
      [
        227.09999999999997,
        293.5
      ],
      [
        227.09999999999997,
        293.5
      ],
      [
        227.09999999999997,
        293.5
      ],
      [
        227.09999999999997,
        293.5
      ],
      [
        227.09999999999997,
        293.5
      ],
      [
        227.09999999999997,
        293.5
      ],
      [
        227.09999999999997,
        293.5
      ]
    ],