{
  "20": {
    "FIFO": [
      [
        48.49999999999999,
        87.79999999999997
      ],
      [
        48.49999999999999,
        87.79999999999997
      ],
      [
        48.49999999999999,
        87.79999999999997
      ],
      [
        48.49999999999999,
        87.79999999999997
      ],
      [
        48.49999999999999,
        87.79999999999997
      ],
      [
        48.49999999999999,
        87.79999999999997
      ],
      [
        48.49999999999999,
        87.79999999999997
      ],
      [
        48.49999999999999,
        87.79999999999997
      ],
      [
        48.49999999999999,
        87.79999999999997
      ],
      [
        48.49999999999999,
        87.79999999999997
      ]
    ],
    "LTP": [
      [
        30.099999999999998,
        85.89999999999999
      ],
      [
        32.8,
        84.89999999999999
      ],
      [
        32.8,
        84.89999999999999
      ],
      [
        32.8,
        84.89999999999999
      ],
      [
        32.8,
        84.89999999999999
      ],
      [
        32.8,
        84.89999999999999
      ],
      [
        30.099999999999998,
        85.89999999999999
      ],
      [
        32.8,
        84.89999999999999
      ],
      [
        32.8,
        84.89999999999999
      ],
      [
        30.099999999999998,
        85.89999999999999
      ]
    ],
    "STP": [
      [
        36.599999999999994,
        92.19999999999999
      ],
      [
        36.599999999999994,
        92.19999999999999
      ],
      [
        36.599999999999994,
        92.19999999999999
      ],
      [
        36.599999999999994,
        92.19999999999999
      ],
      [
        36.599999999999994,
        92.19999999999999
      ],
      [
        36.599999999999994,
        92.19999999999999
      ],
      [
        36.599999999999994,
        92.19999999999999
      ],
      [
        36.599999999999994,
        92.19999999999999
      ],
      [
        36.599999999999994,
        92.19999999999999
      ],
      [
        36.599999999999994,
        92.19999999999999
      ]
    ],
    "RRFIFO": [
      [
        39.199999999999996,
        92.00000000000001
      ],
      [
        39.199999999999996,
        92.00000000000001
      ],
      [
        39.199999999999996,
        92.00000000000001
      ],
      [
        39.199999999999996,
        92.00000000000001
      ],
      [
        39.199999999999996,
        92.00000000000001
      ],
      [
        39.199999999999996,
        92.00000000000001
      ],
      [
        39.199999999999996,
        92.00000000000001
      ],
      [
        39.199999999999996,
        92.00000000000001
      ],
      [
        39.199999999999996,
        92.00000000000001
      ],
      [
        39.199999999999996,
        92.00000000000001
      ]
    ],
    "RRLTP": [
      [
        41.6,
        93.7
      ],
      [
        41.6,
        93.7
      ],
      [
        41.6,
        93.7
      ],
      [
        41.6,
        93.7
      ],
      [
        41.6,
        93.7
      ],
      [
        41.6,
        93.7
      ],
      [
        41.6,
        93.7
      ],
      [
        41.6,
        93.7
      ],
      [
        41.6,
        93.7
      ],
      [
        41.6,
        93.7
      ]
    ],
    "RRECA": [
      [
        40.400000000000006,
        86.70000000000002
      ],
      [
        40.400000000000006,
        86.70000000000002
      ],
      [
        40.2,
        88.60000000000001
      ],
      [
        41.400000000000006,
        84.40000000000002
      ],
      [
        40.2,
        88.60000000000001
      ],
      [
        41.400000000000006,
        84.40000000000002
      ],
      [
        40.400000000000006,
        86.70000000000002
      ],
      [
        40.400000000000006,
        86.70000000000002
      ],
      [
        41.2,
        86.30000000000001
      ],
      [
        40.2,
        88.60000000000001
      ]
    ]
  },
  "40": {
    "FIFO": [
      [
        48.49999999999999,
        87.79999999999997
      ],
      [
        48.49999999999999,
        87.79999999999997
      ],
      [
        48.49999999999999,
        87.79999999999997
      ],
      [
        48.49999999999999,
        87.79999999999997
      ],
      [
        48.49999999999999,
        87.79999999999997
      ],
      [
        48.49999999999999,
        87.79999999999997
      ],
      [
        48.49999999999999,
        87.79999999999997
      ],
      [
        48.49999999999999,
        87.79999999999997
      ],
      [
        48.49999999999999,
        87.79999999999997
      ],
      [
        48.49999999999999,
        87.79999999999997
      ]
    ],
    "LTP": [
      [
        30.099999999999998,
        85.89999999999999
      ],
      [
        32.8,
        84.89999999999999
      ],
      [
        32.8,
        84.89999999999999
      ],
      [
        32.8,
        84.89999999999999
      ],
      [
        32.8,
        84.89999999999999
      ],
      [
        32.8,
        84.89999999999999
      ],
      [
        30.099999999999998,
        85.89999999999999
      ],
      [
        30.099999999999998,
        85.89999999999999
      ],
      [
        32.8,
        84.89999999999999
      ],
      [
        30.099999999999998,
        85.89999999999999
      ]
    ],
    "STP": [
      [
        36.599999999999994,
        92.19999999999999
      ],
      [
        36.599999999999994,
        92.19999999999999
      ],
      [
        36.599999999999994,
        92.19999999999999
      ],
      [
        36.599999999999994,
        92.19999999999999
      ],
      [
        36.599999999999994,
        92.19999999999999
      ],
      [
        36.599999999999994,
        92.19999999999999
      ],
      [
        36.599999999999994,
        92.19999999999999
      ],
      [
        36.599999999999994,
        92.19999999999999
      ],
      [
        36.599999999999994,
        92.19999999999999
      ],
      [
        36.599999999999994,
        92.19999999999999
      ]
    ],
    "RRFIFO": [
      [
        39.199999999999996,
        92.00000000000001
      ],
      [
        39.199999999999996,
        92.00000000000001
      ],
      [
        39.199999999999996,
        92.00000000000001
      ],
      [
        39.199999999999996,
        92.00000000000001
      ],
      [
        39.199999999999996,
        92.00000000000001
      ],
      [
        39.199999999999996,
        92.00000000000001
      ],
      [
        39.199999999999996,
        92.00000000000001
      ],
      [
        39.199999999999996,
        92.00000000000001
      ],
      [
        39.199999999999996,
        92.00000000000001
      ],
      [
        39.199999999999996,
        92.00000000000001
      ]
    ],
    "RRLTP": [
      [
        41.6,
        93.7
      ],
      [
        41.6,
        93.7
      ],
      [
        41.6,
        93.7
      ],
      [
        41.6,
        93.7
      ],
      [
        41.6,
        93.7
      ],
      [
        41.6,
        93.7
      ],
      [
        41.6,
        93.7
      ],
      [
        41.6,
        93.7
      ],
      [
        41.6,
        93.7
      ],
      [
        41.6,
        93.7
      ]
    ],
    "RRECA": [
      [
        40.400000000000006,
        86.70000000000002
      ],
      [
        40.400000000000006,
        86.70000000000002
      ],
      [
        40.2,
        88.60000000000001
      ],
      [
        41.400000000000006,
        84.40000000000002
      ],
      [
        41.400000000000006,
        84.40000000000002
      ],
      [
        40.400000000000006,
        86.70000000000002
      ],
      [
        40.2,
        88.60000000000001
      ],
      [
        41.2,
        86.30000000000001
      ],
      [
        40.2,
        88.60000000000001
      ],
      [
        40.2,
        88.60000000000001
      ]
    ]
  },