{
  "20": {
    "FIFO": [
      [
        202.30000000000004,
        321.3
      ],
      [
        233.59999999999997,
        288.09999999999997
      ],
      [
        254.5,
        275.3
      ],
      [
        289.2,
        273.40000000000003
      ],
      [
        254.5,
        275.3
      ],
      [
        254.5,
        275.3
      ],
      [
        254.5,
        275.3
      ],
      [
        254.5,
        275.3
      ],
      [
        254.5,
        275.3
      ]
    ],
    "LTP": [
      [
        93.3,
        311.4
      ],
      [
        93.3,
        311.4
      ],
      [
        96.30000000000003,
        284.3999999999999
      ],
      [
        104.1,
        276.9999999999999
      ],
      [
        96.30000000000003,
        284.3999999999999
      ],
      [
        96.30000000000003,
        284.3999999999999
      ],
      [
        96.30000000000003,
        284.3999999999999
      ]
    ],
    "STP": [
      [
        124.7,
        312.09999999999997
      ],
      [
        124.7,
        312.09999999999997
      ],
      [
        80.9,
        349.70000000000005
      ],
      [
        82.1,
        336.6
      ],
      [
        82.1,
        336.6
      ]
    ],
    "RRFIFO": [
      [
        100.00000000000003,
        313.79999999999995
      ],
      [
        101.70000000000002,
        313.29999999999995
      ],
      [
        116.80000000000001,
        285.2
      ],
      [
        109.60000000000002,
        291.50000000000006
      ],
      [
        102.70000000000002,
        292.50000000000006
      ],
      [
        109.60000000000002,
        291.50000000000006
      ],
      [
        109.60000000000002,
        291.50000000000006
      ],
      [
        109.60000000000002,
        291.50000000000006
      ],
      [
        109.60000000000002,
        291.50000000000006
      ],
      [
        109.60000000000002,
        291.50000000000006
      ]
    ],
    "RRLTP": [
      [
        83.80000000000001,
        342.40000000000003
      ],
      [
        83.80000000000001,
        342.40000000000003
      ],
      [
        98.4,
        328.3000000000001
      ]
    ],
    "RRECA": [
      [
        127.4,
        280.20000000000005
      ],
      [
        91.30000000000001,
        330.90000000000003
      ],
      [
        91.30000000000001,
        330.90000000000003
      ],
      [
        91.30000000000001,
        330.90000000000003
      ],
      [
        91.30000000000001,
        330.90000000000003
      ],
      [
        91.30000000000001,
        330.90000000000003
      ],
      [
        91.30000000000001,
        330.90000000000003
      ]
    ]
  },
  "40": {
    "FIFO": [
      [
        259.90000000000003,
        281.6
      ],
      [
        259.90000000000003,
        281.6
      ],
      [
        259.90000000000003,
        281.6
      ],
      [
        259.90000000000003,
        281.6
      ],
      [
        262.0,
        269.1
      ],
      [
        259.90000000000003,
        281.6
      ],
      [
        259.90000000000003,
        281.6
      ],
      [
        229.00000000000003,
        286.20000000000005
      ],
      [
        202.30000000000004,
        321.3
      ]
    ],
    "LTP": [
      [
        99.9,
        281.49999999999994
      ],
      [
        106.30000000000001,
        270.49999999999994
      ],
      [
        93.3,
        311.4
      ]
    ],
    "STP": [
      [
        102.60000000000001,
        318.7
      ],
      [
        97.60000000000001,
        322.0
      ],
      [
        97.60000000000001,
        322.0
      ],
      [
        97.60000000000001,
        322.0
      ],
      [
        93.0,
        330.1
      ],
      [
        97.60000000000001,
        322.0
      ],
      [
        97.60000000000001,
        322.0
      ],
      [
        121.60000000000002,
        301.2
      ],
      [
        84.5,
        336.9
      ]
    ],
    "RRFIFO": [
      [
        111.90000000000002,
        271.99999999999994
      ],
      [
        105.50000000000003,
        275.7
      ],
      [
        105.50000000000003,
        275.7
      ],
      [
        105.50000000000003,
        275.7
      ],
      [
        105.50000000000003,
        275.7
      ],
      [
        105.50000000000003,
        275.7
      ],
      [
        101.50000000000001,
        293.20000000000005
      ],
      [
        100.00000000000003,
        313.79999999999995
      ]
    ],
    "RRLTP": [
      [
        108.5,
        312.30000000000007
      ],
      [
        90.30000000000001,
        333.60000000000014
      ],
      [
        100.89999999999999,
        325.2000000000001
      ],
      [
        101.10000000000001,
        322.40000000000015
      ],
      [
        83.80000000000001,
        342.40000000000003
      ]
    ],
    "RRECA": [
      [
        100.5,
        302.90000000000003
      ],
      [
        100.5,
        302.90000000000003
      ],
      [
        100.5,
        302.90000000000003
      ],
      [
        100.5,
        302.90000000000003
      ],
      [
        124.0,
        288.50000000000006
      ],
      [
        100.5,
        302.90000000000003
      ],
      [
        100.5,
        302.90000000000003
      ],
      [
        115.70000000000002,
        293.5
      ],
      [
        127.4,
        282.70000000000005
      ]
    ]
  },
  "60": {
    "FIFO": [
      [
        216.40000000000003,
        284.90000000000003
      ],
      [
        231.50000000000003,
        278.40000000000003
      ],
      [
        216.40000000000003,
        284.90000000000003
      ],
      [
        231.50000000000003,
        278.40000000000003
      ],
      [
        216.40000000000003,
        284.90000000000003
      ],
      [
        216.40000000000003,
        284.90000000000003
      ],
      [
        231.50000000000003,
        278.40000000000003
      ],
      [
        216.40000000000003,
        284.90000000000003
      ],
      [
        231.50000000000003,
        278.40000000000003
      ],
      [
        216.40000000000003,
        284.90000000000003
      ]
    ],
    "LTP": [
      [
        109.70000000000002,
        263.00000000000006
      ],
      [
        109.70000000000002,
        263.00000000000006
      ],
      [
        109.70000000000002,
        263.00000000000006
      ],
      [
        109.70000000000002,
        263.00000000000006
      ],
      [
        109.70000000000002,
        263.00000000000006
      ],
      [
        109.70000000000002,
        263.00000000000006
      ],
      [
        109.70000000000002,
        263.00000000000006
      ],
      [
        109.70000000000002,
        263.00000000000006
      ],
      [
        109.70000000000002,
        263.00000000000006
      ],
      [
        109.70000000000002,
        263.00000000000006
      ]
    ],
    "STP": [
      [
        111.5,
        308.99999999999994
      ],
      [
        111.5,
        308.99999999999994
      ],
      [
        106.5,
        312.29999999999995
      ],
      [
        111.5,
        308.99999999999994
      ],
      [
        106.5,
        312.29999999999995
      ],
      [
        111.5,
        308.99999999999994
      ],
      [
        111.5,
        308.99999999999994
      ],
      [
        106.5,
        312.29999999999995
      ],
      [
        111.5,
        308.99999999999994
      ],
      [
        111.5,
        308.99999999999994
      ]
    ],