{
  "20": {
    "FIFO": [
      [
        233.2,
        264.0
      ],
      [
        233.09999999999997,
        264.5
      ],
      [
        233.2,
        264.0
      ],
      [
        233.09999999999997,
        264.5
      ],
      [
        233.2,
        264.0
      ],
      [
        233.2,
        264.0
      ],
      [
        233.2,
        264.0
      ],
      [
        233.2,
        264.0
      ],
      [
        233.2,
        264.0
      ],
      [
        233.2,
        264.0
      ]
    ],
    "LTP": [
      [
        99.99999999999997,
        293.0
      ],
      [
        99.99999999999997,
        293.0
      ],
      [
        99.99999999999997,
        293.0
      ],
      [
        99.99999999999997,
        293.0
      ],
      [
        99.99999999999997,
        293.0
      ],
      [
        99.99999999999997,
        293.0
      ],
      [
        99.99999999999997,
        293.0
      ],
      [
        109.79999999999997,
        290.9
      ],
      [
        118.09999999999997,
        286.90000000000003
      ],
      [
        99.99999999999997,
        293.0
      ]
    ],
    "STP": [
      [
        100.1,
        285.1999999999999
      ],
      [
        100.1,
        285.1999999999999
      ],
      [
        100.1,
        285.1999999999999
      ],
      [
        100.1,
        285.1999999999999
      ],
      [
        100.1,
        285.1999999999999
      ],
      [
        100.1,
        285.1999999999999
      ],
      [
        100.1,
        285.1999999999999
      ],
      [
        100.1,
        285.1999999999999
      ]
    ],
    "RRFIFO": [
      [
        89.5,
        343.6000000000001
      ],
      [
        85.10000000000001,
        345.5000000000001
      ],
      [
        89.5,
        343.6000000000001
      ],
      [
        85.10000000000001,
        345.5000000000001
      ],
      [
        89.5,
        343.6000000000001
      ],
      [
        85.10000000000001,
        345.5000000000001
      ],
      [
        89.5,
        343.6000000000001
      ],
      [
        85.10000000000001,
        345.5000000000001
      ],
      [
        85.10000000000001,
        345.5000000000001
      ],
      [
        89.5,
        343.6000000000001
      ]
    ],
    "RRLTP": [
      [
        89.5,
        320.79999999999995
      ],
      [
        89.5,
        320.79999999999995
      ],
      [
        89.5,
        320.79999999999995
      ],
      [
        89.5,
        320.79999999999995
      ],
      [
        89.5,
        320.79999999999995
      ],
      [
        89.5,
        320.79999999999995
      ],
      [
        89.5,
        320.79999999999995
      ],
      [
        89.5,
        320.79999999999995
      ],
      [
        89.5,
        320.79999999999995
      ],
      [
        89.5,
        320.79999999999995
      ]
    ],
    "RRECA": [
      [
        111.6,
        304.1000000000001
      ],
      [
        111.6,
        304.1000000000001
      ],
      [
        111.6,
        304.1000000000001
      ],
      [
        111.6,
        304.1000000000001
      ],
      [
        111.6,
        304.1000000000001
      ],
      [
        111.6,
        304.1000000000001
      ],
      [
        111.6,
        304.1000000000001
      ],
      [
        111.6,
        304.1000000000001
      ],
      [
        111.6,
        304.1000000000001
      ],
      [
        111.6,
        304.1000000000001
      ]
    ]
  },
  "40": {
    "FIFO": [
      [
        233.2,
        264.0
      ],
      [
        215.0,
        275.40000000000003
      ],
      [
        215.0,
        275.40000000000003
      ],
      [
        233.2,
        264.0
      ],
      [
        215.0,
        275.40000000000003
      ],
      [
        226.7,
        269.3
      ],
      [
        215.0,
        275.40000000000003
      ],
      [
        233.2,
        264.0
      ],
      [
        220.7,
        270.1
      ],
      [
        215.0,
        275.40000000000003
      ]
    ],
    "LTP": [
      [
        99.99999999999997,
        293.0
      ],
      [
        99.99999999999997,
        293.0
      ],
      [
        99.99999999999997,
        293.0
      ],
      [
        99.99999999999997,
        293.0
      ],
      [
        99.99999999999997,
        293.0
      ],
      [
        99.99999999999997,
        293.0
      ],
      [
        99.99999999999997,
        293.0
      ],
      [
        99.99999999999997,
        293.0
      ],
      [
        99.99999999999997,
        293.0
      ],
      [
        99.99999999999997,
        293.0
      ]
    ],
    "STP": [
      [
        100.1,
        285.1999999999999
      ],
      [
        100.1,
        285.1999999999999
      ],
      [
        100.1,
        285.1999999999999
      ],
      [
        100.1,
        285.1999999999999
      ],
      [
        100.1,
        285.1999999999999
      ],
      [
        100.1,
        285.1999999999999
      ],
      [
        100.1,
        285.1999999999999
      ],
      [
        100.1,
        285.1999999999999
      ],
      [
        100.1,
        285.1999999999999
      ],
      [
        100.1,
        285.1999999999999
      ]
    ],
    "RRFIFO": [
      [
        85.10000000000001,
        345.5000000000001
      ],
      [
        85.10000000000001,
        345.5000000000001
      ],
      [
        85.10000000000001,
        345.5000000000001
      ],
      [
        85.10000000000001,
        345.5000000000001
      ],
      [
        85.10000000000001,
        345.5000000000001
      ],
      [
        85.10000000000001,
        345.5000000000001
      ],
      [
        85.10000000000001,
        345.5000000000001
      ],
      [
        85.10000000000001,
        345.5000000000001
      ],
      [
        85.10000000000001,
        345.5000000000001
      ],
      [
        85.10000000000001,
        345.5000000000001
      ]
    ],
    "RRLTP": [
      [
        89.5,
        320.79999999999995
      ],
      [
        89.5,
        320.79999999999995
      ],
      [
        89.5,
        320.79999999999995
      ],
      [
        89.5,
        320.79999999999995
      ],
      [
        89.5,
        320.79999999999995
      ],
      [
        89.5,
        320.79999999999995
      ],
      [
        89.5,
        320.79999999999995
      ],
      [
        89.5,
        320.79999999999995
      ],
      [
        89.5,
        320.79999999999995
      ],
      [
        89.5,
        320.79999999999995
      ]
    ],
    "RRECA": [
      [
        110.69999999999999,
        289.4
      ],
      [
        110.69999999999999,
        289.4
      ],
      [
        115.1,
        282.29999999999995
      ],
      [
        110.69999999999999,
        289.4
      ],
      [
        115.1,
        282.29999999999995
      ],
      [
        110.69999999999999,
        289.4
      ],
      [
        115.1,
        282.29999999999995
      ],
      [
        110.69999999999999,
        289.4
      ],
      [
        115.1,
        282.29999999999995
      ],
      [
        110.69999999999999,
        289.4
      ]
    ]
  },
  "60": {
    "FIFO": [
      [
        233.2,
        264.0
      ],
      [
        215.0,
        275.40000000000003
      ],
      [
        220.7,
        270.1
      ],
      [
        233.2,
        264.0
      ],
      [
        220.7,
        270.1
      ],
      [
        226.7,
        269.3
      ],
      [
        215.0,
        275.40000000000003
      ],
      [
        220.7,
        270.1
      ],
      [
        215.0,
        275.40000000000003
      ],
      [
        226.7,
        269.3
      ]
    ],