{
  "20": {
    "FIFO": [
      [
        83.4,
        219.99999999999997
      ],
      [
        83.4,
        219.99999999999997
      ],
      [
        83.4,
        219.99999999999997
      ],
      [
        83.4,
        219.99999999999997
      ],
      [
        83.4,
        219.99999999999997
      ],
      [
        83.4,
        219.99999999999997
      ],
      [
        83.4,
        219.99999999999997
      ],
      [
        83.4,
        219.99999999999997
      ],
      [
        83.4,
        219.99999999999997
      ],
      [
        83.4,
        219.99999999999997
      ]
    ],
    "LTP": [
      [
        49.80000000000001,
        183.69999999999996
      ],
      [
        49.80000000000001,
        183.69999999999996
      ],
      [
        45.400000000000006,
        185.49999999999997
      ],
      [
        49.80000000000001,
        183.69999999999996
      ],
      [
        49.80000000000001,
        183.69999999999996
      ],
      [
        45.400000000000006,
        185.49999999999997
      ],
      [
        49.80000000000001,
        183.69999999999996
      ],
      [
        49.80000000000001,
        183.69999999999996
      ],
      [
        49.80000000000001,
        183.69999999999996
      ],
      [
        45.400000000000006,
        185.49999999999997
      ]
    ],
    "STP": [
      [
        48.199999999999996,
        185.7
      ],
      [
        48.199999999999996,
        185.7
      ],
      [
        48.199999999999996,
        185.7
      ],
      [
        48.199999999999996,
        185.7
      ],
      [
        48.199999999999996,
        185.7
      ],
      [
        48.199999999999996,
        185.7
      ],
      [
        48.199999999999996,
        185.7
      ],
      [
        48.199999999999996,
        185.7
      ],
      [
        48.199999999999996,
        185.7
      ],
      [
        48.199999999999996,
        185.7
      ]
    ],
    "RRFIFO": [
      [
        58.3,
        214.00000000000003
      ],
      [
        58.3,
        214.00000000000003
      ],
      [
        58.3,
        214.00000000000003
      ],
      [
        58.3,
        214.00000000000003
      ],
      [
        58.3,
        214.00000000000003
      ],
      [
        58.3,
        214.00000000000003
      ],
      [
        58.3,
        214.00000000000003
      ],
      [
        58.3,
        214.00000000000003
      ],
      [
        58.3,
        214.00000000000003
      ],
      [
        58.3,
        214.00000000000003
      ]
    ],
    "RRLTP": [
      [
        51.49999999999999,
        205.49999999999997
      ],
      [
        51.49999999999999,
        205.49999999999997
      ],
      [
        51.49999999999999,
        205.49999999999997
      ],
      [
        51.49999999999999,
        205.49999999999997
      ],
      [
        51.49999999999999,
        205.49999999999997
      ],
      [
        51.49999999999999,
        205.49999999999997
      ],
      [
        51.49999999999999,
        205.49999999999997
      ],
      [
        51.49999999999999,
        205.49999999999997
      ],
      [
        51.49999999999999,
        205.49999999999997
      ],
      [
        51.49999999999999,
        205.49999999999997
      ]
    ],
    "RRECA": [
      [
        36.1,
        177.80000000000004
      ],
      [
        40.5,
        173.20000000000005
      ],
      [
        36.1,
        177.80000000000004
      ],
      [
        36.1,
        177.80000000000004
      ],
      [
        40.5,
        173.20000000000005
      ],
      [
        36.1,
        177.80000000000004
      ],
      [
        36.1,
        177.80000000000004
      ],
      [
        40.5,
        173.20000000000005
      ],
      [
        36.1,
        177.80000000000004
      ],
      [
        36.1,
        177.80000000000004
      ]
    ]
  },
  "40": {
    "FIFO": [
      [
        83.4,
        219.39999999999998
      ]
    ],
    "LTP": [
      [
        49.80000000000001,
        183.69999999999996
      ],
      [
        49.80000000000001,
        183.69999999999996
      ],
      [
        49.80000000000001,
        183.69999999999996
      ],
      [
        45.400000000000006,
        185.49999999999997
      ],
      [
        45.400000000000006,
        185.49999999999997
      ],
      [
        49.80000000000001,
        183.69999999999996
      ],
      [
        49.80000000000001,
        183.69999999999996
      ],
      [
        45.400000000000006,
        185.49999999999997
      ],
      [
        45.400000000000006,
        185.49999999999997
      ],
      [
        49.80000000000001,
        183.69999999999996
      ]
    ],
    "STP": [
      [
        48.199999999999996,
        185.7
      ],
      [
        48.199999999999996,
        185.7
      ],
      [
        48.199999999999996,
        185.7
      ],
      [
        48.199999999999996,
        185.7
      ],
      [
        48.199999999999996,
        185.7
      ],
      [
        48.199999999999996,
        185.7
      ],
      [
        48.199999999999996,
        185.7
      ],
      [
        48.199999999999996,
        185.7
      ],
      [
        48.199999999999996,
        185.7
      ],
      [
        48.199999999999996,
        185.7
      ]
    ],
    "RRFIFO": [
      [
        58.3,
        214.00000000000003
      ],
      [
        58.3,
        214.00000000000003
      ],
      [
        58.3,
        214.00000000000003
      ],
      [
        58.3,
        214.00000000000003
      ],
      [
        58.3,
        214.00000000000003
      ],
      [
        58.3,
        214.00000000000003
      ],
      [
        58.3,
        214.00000000000003
      ],
      [
        58.3,
        214.00000000000003
      ],
      [
        58.3,
        214.00000000000003
      ],
      [
        58.3,
        214.00000000000003
      ]
    ],
    "RRLTP": [
      [
        51.49999999999999,
        205.49999999999997
      ],
      [
        51.49999999999999,
        205.49999999999997
      ],
      [
        51.49999999999999,
        205.49999999999997
      ],
      [
        51.49999999999999,
        205.49999999999997
      ],
      [
        51.49999999999999,
        205.49999999999997
      ],
      [
        51.49999999999999,
        205.49999999999997
      ],
      [
        51.49999999999999,
        205.49999999999997
      ],
      [
        51.49999999999999,
        205.49999999999997
      ],
      [
        51.49999999999999,
        205.49999999999997
      ],
      [
        51.49999999999999,
        205.49999999999997
      ]
    ],
    "RRECA": [
      [
        40.5,
        173.20000000000005
      ],
      [
        36.1,
        177.80000000000004
      ],
      [
        40.5,
        173.20000000000005
      ],
      [
        40.5,
        173.20000000000005
      ],
      [
        40.5,
        173.20000000000005
      ],
      [
        36.1,
        177.80000000000004
      ],
      [
        40.5,
        173.20000000000005
      ],
      [
        36.1,
        177.80000000000004
      ],
      [
        40.5,
        173.20000000000005
      ],
      [
        36.1,
        177.80000000000004
      ]
    ]
  },
  "60": {
    "FIFO": [
      [
        83.4,
        218.29999999999998
      ],
      [
        83.4,
        218.29999999999998
      ],
      [
        83.4,
        218.29999999999998
      ],
      [
        83.4,
        218.29999999999998
      ],
      [
        83.4,
        218.29999999999998
      ],
      [
        83.4,
        218.29999999999998
      ],
      [
        83.4,
        218.29999999999998
      ],
      [
        83.4,
        218.29999999999998
      ],
      [
        83.4,
        218.29999999999998
      ],
      [
        83.4,
        218.29999999999998
      ]
    ],