{
  "20": {
    "FIFO": [
      [
        171.29999999999995,
        356.9
      ],
      [
        197.29999999999995,
        346.2
      ],
      [
        214.49999999999994,
        344.59999999999997
      ],
      [
        171.29999999999995,
        356.9
      ],
      [
        200.29999999999995,
        345.7
      ],
      [
        184.79999999999998,
        349.79999999999995
      ]
    ],
    "LTP": [
      [
        96.79999999999998,
        307.29999999999995
      ],
      [
        119.1,
        267.0
      ],
      [
        113.99999999999999,
        274.29999999999995
      ],
      [
        102.29999999999998,
        296.99999999999994
      ],
      [
        115.60000000000001,
        270.59999999999997
      ],
      [
        117.39999999999999,
        270.3999999999999
      ],
      [
        103.7,
        294.3999999999999
      ],
      [
        111.29999999999998,
        286.8999999999999
      ]
    ],
    "STP": [
      [
        106.40000000000002,
        292.09999999999997
      ],
      [
        111.00000000000003,
        281.59999999999997
      ],
      [
        130.70000000000002,
        266.29999999999995
      ],
      [
        106.40000000000002,
        292.09999999999997
      ],
      [
        111.00000000000001,
        291.69999999999993
      ],
      [
        117.60000000000001,
        278.99999999999994
      ],
      [
        119.80000000000003,
        273.2
      ]
    ],
    "RRFIFO": [
      [
        86.99999999999999,
        329.70000000000005
      ],
      [
        111.00000000000001,
        299.6
      ],
      [
        82.19999999999999,
        337.70000000000005
      ],
      [
        101.7,
        302.2
      ],
      [
        113.40000000000002,
        292.0
      ]
    ],
    "RRLTP": [
      [
        83.5,
        332.5
      ],
      [
        84.3,
        308.00000000000006
      ],
      [
        89.50000000000003,
        305.5
      ],
      [
        89.50000000000003,
        305.5
      ],
      [
        84.00000000000001,
        320.2
      ],
      [
        90.9,
        304.3
      ],
      [
        84.00000000000001,
        320.2
      ]
    ],
    "RRECA": [
      [
        94.10000000000004,
        319.9000000000001
      ],
      [
        77.2,
        374.4000000000001
      ],
      [
        84.80000000000003,
        366.0000000000001
      ],
      [
        83.90000000000003,
        367.30000000000007
      ],
      [
        88.50000000000001,
        359.7000000000001
      ]
    ]
  },
  "40": {
    "FIFO": [
      [
        171.29999999999995,
        356.9
      ],
      [
        171.29999999999995,
        356.9
      ],
      [
        176.29999999999998,
        350.8
      ],
      [
        176.29999999999998,
        350.8
      ],
      [
        171.29999999999995,
        356.9
      ],
      [
        171.29999999999995,
        356.9
      ],
      [
        171.29999999999995,
        356.9
      ],
      [
        171.29999999999995,
        356.9
      ],
      [
        176.29999999999998,
        350.8
      ],
      [
        171.29999999999995,
        356.9
      ]
    ],
    "LTP": [
      [
        96.79999999999998,
        293.49999999999994
      ],
      [
        96.79999999999998,
        293.49999999999994
      ],
      [
        102.29999999999998,
        289.8999999999999
      ],
      [
        96.79999999999998,
        293.49999999999994
      ],
      [
        102.29999999999998,
        289.8999999999999
      ],
      [
        96.79999999999998,
        293.49999999999994
      ],
      [
        96.79999999999998,
        293.49999999999994
      ],
      [
        102.29999999999998,
        289.8999999999999
      ],
      [
        96.79999999999998,
        293.49999999999994
      ],
      [
        96.79999999999998,
        293.49999999999994
      ]
    ],
    "STP": [
      [
        120.4,
        268.49999999999994
      ],
      [
        120.4,
        268.49999999999994
      ],
      [
        117.9,
        270.2
      ],
      [
        120.4,
        268.49999999999994
      ],
      [
        117.9,
        270.2
      ],
      [
        120.4,
        268.49999999999994
      ],
      [
        120.4,
        268.49999999999994
      ],
      [
        117.9,
        270.2
      ],
      [
        120.4,
        268.49999999999994
      ],
      [
        120.4,
        268.49999999999994
      ]
    ],
    "RRFIFO": [
      [
        82.69999999999999,
        313.9000000000001
      ],
      [
        82.69999999999999,
        313.9000000000001
      ],
      [
        82.69999999999999,
        313.9000000000001
      ],
      [
        82.69999999999999,
        313.9000000000001
      ],
      [
        82.69999999999999,
        313.9000000000001
      ],
      [
        82.69999999999999,
        313.9000000000001
      ],
      [
        82.69999999999999,
        313.9000000000001
      ],
      [
        82.69999999999999,
        313.9000000000001
      ],
      [
        82.69999999999999,
        313.9000000000001
      ],
      [
        82.69999999999999,
        313.9000000000001
      ]
    ],
    "RRLTP": [
      [
        85.8,
        324.00000000000006
      ],
      [
        81.3,
        325.90000000000003
      ],
      [
        81.3,
        325.90000000000003
      ],
      [
        81.3,
        325.90000000000003
      ],
      [
        81.3,
        325.90000000000003
      ],
      [
        85.8,
        324.00000000000006
      ],
      [
        81.3,
        325.90000000000003
      ],
      [
        81.3,
        325.90000000000003
      ],
      [
        81.3,
        325.90000000000003
      ],
      [
        85.8,
        324.00000000000006
      ]
    ],
    "RRECA": [
      [
        94.10000000000004,
        318.00000000000006
      ],
      [
        94.10000000000004,
        318.00000000000006
      ],
      [
        94.10000000000004,
        318.00000000000006
      ],
      [
        94.10000000000004,
        318.00000000000006
      ],
      [
        94.10000000000004,
        318.00000000000006
      ],
      [
        94.10000000000004,
        318.00000000000006
      ],
      [
        94.10000000000004,
        318.00000000000006
      ],
      [
        94.10000000000004,
        318.00000000000006
      ],
      [
        94.10000000000004,
        318.00000000000006
      ],
      [
        94.10000000000004,
        318.00000000000006
      ]
    ]
  },
  "60": {
    "FIFO": [
      [
        171.29999999999995,
        356.9
      ],
      [
        171.29999999999995,
        356.9
      ],
      [
        176.29999999999998,
        350.8
      ],
      [
        176.29999999999998,
        350.8
      ],
      [
        176.29999999999998,
        350.8
      ],
      [
        176.29999999999998,
        350.8
      ],
      [
        171.29999999999995,
        356.9
      ],
      [
        171.29999999999995,
        356.9
      ],
      [
        176.29999999999998,
        350.8
      ],
      [
        171.29999999999995,
        356.9
      ]
    ],
    "LTP": [
      [
        96.79999999999998,
        293.49999999999994
      ],
      [
        96.79999999999998,
        293.49999999999994
      ],
      [
        102.29999999999998,
        289.8999999999999
      ],
      [
        96.79999999999998,
        293.49999999999994
      ],
      [
        96.79999999999998,
        293.49999999999994
      ],
      [
        96.79999999999998,
        293.49999999999994
      ],
      [
        102.29999999999998,
        289.8999999999999
      ],
      [
        96.79999999999998,
        293.49999999999994
      ],
      [
        102.29999999999998,
        289.8999999999999
      ],
      [
        102.29999999999998,
        289.8999999999999
      ]
    ],