{
  "20": {
    "FIFO": [
      [
        79.10000000000001,
        236.49999999999997
      ],
      [
        91.70000000000002,
        234.29999999999998
      ],
      [
        91.70000000000002,
        234.29999999999998
      ],
      [
        91.70000000000002,
        234.29999999999998
      ],
      [
        79.10000000000001,
        236.49999999999997
      ]
    ],
    "LTP": [
      [
        50.900000000000006,
        201.0
      ],
      [
        50.900000000000006,
        201.0
      ],
      [
        50.900000000000006,
        201.0
      ],
      [
        50.900000000000006,
        201.0
      ],
      [
        50.900000000000006,
        201.0
      ],
      [
        50.900000000000006,
        201.0
      ],
      [
        55.400000000000006,
        190.9
      ]
    ],
    "STP": [
      [
        49.400000000000006,
        203.70000000000002
      ],
      [
        53.900000000000006,
        196.1
      ],
      [
        53.900000000000006,
        196.1
      ],
      [
        53.900000000000006,
        196.1
      ],
      [
        49.400000000000006,
        203.70000000000002
      ],
      [
        49.400000000000006,
        203.70000000000002
      ],
      [
        49.400000000000006,
        203.70000000000002
      ],
      [
        53.900000000000006,
        196.1
      ],
      [
        53.900000000000006,
        196.1
      ],
      [
        49.400000000000006,
        203.70000000000002
      ]
    ],
    "RRFIFO": [
      [
        43.900000000000006,
        178.99999999999994
      ],
      [
        44.3,
        168.99999999999994
      ]
    ],
    "RRLTP": [
      [
        43.1,
        186.69999999999996
      ],
      [
        46.9,
        175.6
      ]
    ],
    "RRECA": [
      [
        48.8,
        192.29999999999995
      ],
      [
        48.8,
        192.29999999999995
      ],
      [
        48.8,
        192.29999999999995
      ],
      [
        48.4,
        193.29999999999995
      ],
      [
        48.4,
        193.29999999999995
      ]
    ]
  },
  "40": {
    "FIFO": [
      [
        91.70000000000002,
        234.29999999999998
      ],
      [
        91.70000000000002,
        234.29999999999998
      ],
      [
        91.70000000000002,
        234.29999999999998
      ],
      [
        91.70000000000002,
        234.29999999999998
      ],
      [
        91.70000000000002,
        234.29999999999998
      ],
      [
        91.70000000000002,
        234.29999999999998
      ],
      [
        91.70000000000002,
        234.29999999999998
      ],
      [
        91.70000000000002,
        234.29999999999998
      ],
      [
        91.70000000000002,
        234.29999999999998
      ],
      [
        91.70000000000002,
        234.29999999999998
      ]
    ],
    "LTP": [
      [
        50.900000000000006,
        201.0
      ],
      [
        50.900000000000006,
        201.0
      ],
      [
        50.900000000000006,
        201.0
      ],
      [
        50.900000000000006,
        201.0
      ],
      [
        50.900000000000006,
        201.0
      ],
      [
        50.900000000000006,
        201.0
      ],
      [
        50.900000000000006,
        201.0
      ],
      [
        50.900000000000006,
        201.0
      ],
      [
        50.900000000000006,
        201.0
      ],
      [
        50.900000000000006,
        201.0
      ]
    ],
    "STP": [
      [
        53.900000000000006,
        196.1
      ],
      [
        53.900000000000006,
        196.1
      ],
      [
        53.900000000000006,
        196.1
      ],
      [
        53.900000000000006,
        196.1
      ],
      [
        53.900000000000006,
        196.1
      ],
      [
        53.900000000000006,
        196.1
      ],
      [
        53.900000000000006,
        196.1
      ],
      [
        53.900000000000006,
        196.1
      ],
      [
        53.900000000000006,
        196.1
      ],
      [
        53.900000000000006,
        196.1
      ]
    ],
    "RRFIFO": [
      [
        46.8,
        170.79999999999998
      ],
      [
        46.8,
        170.79999999999998
      ],
      [
        46.8,
        170.79999999999998
      ],
      [
        46.8,
        170.79999999999998
      ],
      [
        46.8,
        170.79999999999998
      ],
      [
        46.8,
        170.79999999999998
      ],
      [
        46.8,
        170.79999999999998
      ],
      [
        46.8,
        170.79999999999998
      ],
      [
        46.8,
        170.79999999999998
      ],
      [
        46.8,
        170.79999999999998
      ]
    ],
    "RRLTP": [
      [
        45.7,
        185.79999999999998
      ],
      [
        45.7,
        185.79999999999998
      ],
      [
        45.7,
        185.79999999999998
      ],
      [
        45.7,
        185.79999999999998
      ],
      [
        45.7,
        185.79999999999998
      ],
      [
        45.7,
        185.79999999999998
      ],
      [
        45.7,
        185.79999999999998
      ],
      [
        45.7,
        185.79999999999998
      ],
      [
        45.7,
        185.79999999999998
      ],
      [
        45.7,
        185.79999999999998
      ]
    ],
    "RRECA": [
      [
        48.8,
        192.29999999999995
      ],
      [
        48.8,
        192.29999999999995
      ],
      [
        48.8,
        192.29999999999995
      ],
      [
        48.8,
        192.29999999999995
      ],
      [
        48.8,
        192.29999999999995
      ],
      [
        48.8,
        192.29999999999995
      ],
      [
        48.8,
        192.29999999999995
      ],
      [
        48.8,
        192.29999999999995
      ],
      [
        48.8,
        192.29999999999995
      ],
      [
        48.8,
        192.29999999999995
      ]
    ]
  },
  "60": {
    "FIFO": [
      [
        91.70000000000002,
        234.29999999999998
      ],
      [
        91.70000000000002,
        234.29999999999998
      ],
      [
        91.70000000000002,
        234.29999999999998
      ],
      [
        91.70000000000002,
        234.29999999999998
      ],
      [
        91.70000000000002,
        234.29999999999998
      ],
      [
        91.70000000000002,
        234.29999999999998
      ],
      [
        91.70000000000002,
        234.29999999999998
      ],
      [
        91.70000000000002,
        234.29999999999998
      ],
      [
        91.70000000000002,
        234.29999999999998
      ],
      [
        91.70000000000002,
        234.29999999999998
      ]
    ],
    "LTP": [
      [
        50.900000000000006,
        201.0
      ],
      [
        50.900000000000006,
        201.0
      ],
      [
        50.900000000000006,
        201.0
      ],
      [
        50.900000000000006,
        201.0
      ],
      [
        50.900000000000006,
        201.0
      ],
      [
        50.900000000000006,
        201.0
      ],
      [
        50.900000000000006,
        201.0
      ],
      [
        50.900000000000006,
        201.0
      ],
      [
        50.900000000000006,
        201.0
      ],
      [
        50.900000000000006,
        201.0
      ]
    ],
    "STP": [
      [
        53.900000000000006,
        196.1
      ],
      [
        53.900000000000006,
        196.1
      ],
      [
        53.900000000000006,
        196.1
      ],
      [
        53.900000000000006,
        196.1
      ],
      [
        53.900000000000006,
        196.1
      ],
      [
        53.900000000000006,
        196.1
      ],
      [
        53.900000000000006,
        196.1
      ],
      [
        53.900000000000006,
        196.1
      ],
      [
        53.900000000000006,
        196.1
      ],
      [
        53.900000000000006,
        196.1
      ]
    ],