{
  "20": {
    "FIFO": [
      [
        68.10000000000001,
        211.9
      ],
      [
        68.10000000000001,
        211.9
      ],
      [
        68.10000000000001,
        211.9
      ],
      [
        68.10000000000001,
        211.9
      ],
      [
        68.10000000000001,
        211.9
      ],
      [
        68.10000000000001,
        211.9
      ],
      [
        78.5,
        205.40000000000003
      ],
      [
        68.10000000000001,
        211.9
      ],
      [
        89.60000000000002,
        204.00000000000003
      ],
      [
        78.5,
        205.40000000000003
      ]
    ],
    "LTP": [
      [
        48.5,
        191.0
      ],
      [
        48.5,
        191.0
      ],
      [
        48.5,
        191.0
      ],
      [
        48.5,
        191.0
      ],
      [
        48.5,
        191.0
      ],
      [
        44.6,
        194.6
      ],
      [
        44.6,
        194.6
      ]
    ],
    "STP": [
      [
        58.2,
        194.60000000000002
      ]
    ],
    "RRFIFO": [
      [
        41.9,
        195.3
      ],
      [
        45.0,
        194.6
      ],
      [
        41.9,
        195.3
      ],
      [
        41.9,
        195.3
      ],
      [
        45.0,
        194.6
      ],
      [
        41.9,
        195.3
      ],
      [
        45.0,
        194.6
      ],
      [
        45.0,
        194.6
      ],
      [
        45.0,
        194.6
      ]
    ],
    "RRLTP": [
      [
        46.49999999999999,
        209.60000000000002
      ],
      [
        46.49999999999999,
        209.60000000000002
      ],
      [
        46.49999999999999,
        209.60000000000002
      ],
      [
        46.49999999999999,
        209.60000000000002
      ],
      [
        46.49999999999999,
        209.60000000000002
      ],
      [
        46.49999999999999,
        209.60000000000002
      ],
      [
        46.49999999999999,
        209.60000000000002
      ],
      [
        46.49999999999999,
        209.60000000000002
      ],
      [
        46.49999999999999,
        209.60000000000002
      ]
    ],
    "RRECA": [
      [
        41.5,
        182.20000000000002
      ],
      [
        44.2,
        181.60000000000002
      ]
    ]
  },
  "40": {
    "FIFO": [
      [
        68.10000000000001,
        211.9
      ],
      [
        68.10000000000001,
        211.9
      ],
      [
        68.10000000000001,
        211.9
      ],
      [
        68.10000000000001,
        211.9
      ],
      [
        68.10000000000001,
        211.9
      ],
      [
        68.10000000000001,
        211.9
      ],
      [
        68.10000000000001,
        211.9
      ],
      [
        68.10000000000001,
        211.9
      ],
      [
        68.10000000000001,
        211.9
      ],
      [
        68.10000000000001,
        211.9
      ]
    ],
    "LTP": [
      [
        48.5,
        191.0
      ],
      [
        44.6,
        195.2
      ],
      [
        44.6,
        195.2
      ],
      [
        48.5,
        191.0
      ],
      [
        44.6,
        195.2
      ],
      [
        44.6,
        195.2
      ],
      [
        44.6,
        195.2
      ],
      [
        44.6,
        195.2
      ],
      [
        48.5,
        191.0
      ],
      [
        44.6,
        195.2
      ]
    ],
    "STP": [
      [
        60.80000000000001,
        199.3
      ],
      [
        60.80000000000001,
        199.3
      ],
      [
        60.80000000000001,
        199.3
      ],
      [
        60.80000000000001,
        199.3
      ],
      [
        60.80000000000001,
        199.3
      ],
      [
        60.80000000000001,
        199.3
      ],
      [
        60.80000000000001,
        199.3
      ],
      [
        60.80000000000001,
        199.3
      ],
      [
        60.80000000000001,
        199.3
      ],
      [
        60.80000000000001,
        199.3
      ]
    ],
    "RRFIFO": [
      [
        42.4,
        190.0
      ],
      [
        45.0,
        189.29999999999998
      ],
      [
        45.0,
        189.29999999999998
      ],
      [
        42.4,
        190.0
      ],
      [
        42.4,
        190.0
      ],
      [
        45.0,
        189.29999999999998
      ],
      [
        45.0,
        189.29999999999998
      ],
      [
        45.0,
        189.29999999999998
      ],
      [
        42.4,
        190.0
      ],
      [
        42.4,
        190.0
      ]
    ],
    "RRLTP": [
      [
        50.8,
        205.4
      ],
      [
        50.8,
        205.4
      ],
      [
        46.49999999999999,
        209.60000000000002
      ],
      [
        50.8,
        205.4
      ],
      [
        46.49999999999999,
        209.60000000000002
      ],
      [
        50.8,
        205.4
      ],
      [
        46.49999999999999,
        209.60000000000002
      ],
      [
        50.8,
        205.4
      ],
      [
        50.8,
        205.4
      ],
      [
        46.49999999999999,
        209.60000000000002
      ]
    ],
    "RRECA": [
      [
        40.7,
        178.9
      ],
      [
        40.7,
        178.9
      ],
      [
        40.7,
        178.9
      ],
      [
        40.7,
        178.9
      ],
      [
        40.7,
        178.9
      ],
      [
        40.7,
        178.9
      ],
      [
        40.7,
        178.9
      ],
      [
        40.7,
        178.9
      ],
      [
        40.7,
        178.9
      ],
      [
        40.7,
        178.9
      ]
    ]
  },
  "60": {
    "FIFO": [
      [
        68.10000000000001,
        211.9
      ],
      [
        68.10000000000001,
        211.9
      ],
      [
        68.10000000000001,
        211.9
      ],
      [
        68.10000000000001,
        211.9
      ],
      [
        68.10000000000001,
        211.9
      ],
      [
        68.10000000000001,
        211.9
      ],
      [
        68.10000000000001,
        211.9
      ],
      [
        68.10000000000001,
        211.9
      ],
      [
        68.10000000000001,
        211.9
      ],
      [
        68.10000000000001,
        211.9
      ]
    ],
    "LTP": [
      [
        48.5,
        191.0
      ],
      [
        44.6,
        195.2
      ],
      [
        44.6,
        195.2
      ],
      [
        44.6,
        195.2
      ],
      [
        44.6,
        195.2
      ],
      [
        48.5,
        191.0
      ],
      [
        44.6,
        195.2
      ],
      [
        48.5,
        191.0
      ],
      [
        48.5,
        191.0
      ],
      [
        44.6,
        195.2
      ]
    ],
    "STP": [
      [
        60.80000000000001,
        199.3
      ],
      [
        60.80000000000001,
        199.3
      ],
      [
        60.80000000000001,
        199.3
      ],
      [
        60.80000000000001,
        199.3
      ],
      [
        60.80000000000001,
        199.3
      ],
      [
        60.80000000000001,
        199.3
      ],
      [
        60.80000000000001,
        199.3
      ],
      [
        60.80000000000001,
        199.3
      ],
      [
        60.80000000000001,
        199.3
      ],
      [
        60.80000000000001,
        199.3
      ]
    ],
    "RRFIFO": [
      [
        42.4,
        190.0
      ],
      [
        45.0,
        189.29999999999998
      ],
      [
        42.4,
        190.0
      ],
      [
        45.0,
        189.29999999999998
      ],
      [
        42.4,
        190.0
      ],
      [
        42.4,
        190.0
      ],
      [
        45.0,
        189.29999999999998
      ],
      [
        45.0,
        189.29999999999998
      ],
      [
        42.4,
        190.0
      ],
      [
        45.0,
        189.29999999999998
      ]
    ],