{
  "20": {
    "FIFO": [
      [
        59.6,
        71.69999999999997
      ],
      [
        59.6,
        71.69999999999997
      ],
      [
        59.6,
        71.69999999999997
      ],
      [
        59.6,
        71.69999999999997
      ],
      [
        59.6,
        71.69999999999997
      ],
      [
        56.199999999999996,
        74.3
      ],
      [
        59.6,
        71.69999999999997
      ],
      [
        59.6,
        71.69999999999997
      ],
      [
        59.6,
        71.69999999999997
      ],
      [
        59.6,
        71.69999999999997
      ]
    ],
    "LTP": [
      [
        42.49999999999999,
        70.80000000000001
      ],
      [
        42.49999999999999,
        70.80000000000001
      ],
      [
        34.4,
        75.19999999999999
      ]
    ],
    "STP": [
      [
        33.5,
        97.7
      ],
      [
        38.4,
        92.8
      ],
      [
        31.5,
        98.0
      ],
      [
        31.5,
        98.0
      ],
      [
        31.5,
        98.0
      ],
      [
        31.5,
        98.0
      ],
      [
        31.5,
        98.0
      ]
    ],
    "RRFIFO": [
      [
        36.5,
        90.2
      ],
      [
        36.5,
        90.2
      ],
      [
        36.5,
        90.2
      ],
      [
        36.5,
        90.2
      ],
      [
        36.5,
        90.2
      ],
      [
        36.5,
        90.2
      ],
      [
        36.5,
        90.2
      ],
      [
        36.5,
        90.2
      ],
      [
        36.5,
        90.2
      ]
    ],
    "RRLTP": [
      [
        31.099999999999998,
        80.1
      ],
      [
        31.099999999999998,
        80.1
      ],
      [
        37.800000000000004,
        79.0
      ],
      [
        31.099999999999998,
        80.1
      ],
      [
        31.099999999999998,
        80.1
      ],
      [
        27.7,
        81.69999999999999
      ],
      [
        31.099999999999998,
        80.1
      ],
      [
        31.099999999999998,
        80.1
      ],
      [
        31.099999999999998,
        80.1
      ],
      [
        31.099999999999998,
        80.1
      ]
    ],
    "RRECA": [
      [
        56.60000000000001,
        91.30000000000001
      ],
      [
        56.60000000000001,
        91.30000000000001
      ],
      [
        49.900000000000006,
        98.9
      ],
      [
        49.900000000000006,
        98.9
      ],
      [
        54.400000000000006,
        91.7
      ],
      [
        49.900000000000006,
        98.9
      ],
      [
        49.900000000000006,
        98.9
      ],
      [
        49.900000000000006,
        98.9
      ],
      [
        49.900000000000006,
        98.9
      ]
    ]
  },
  "40": {
    "FIFO": [
      [
        64.89999999999999,
        71.19999999999997
      ],
      [
        64.89999999999999,
        71.19999999999997
      ],
      [
        59.6,
        71.69999999999997
      ],
      [
        64.89999999999999,
        71.19999999999997
      ],
      [
        64.89999999999999,
        71.19999999999997
      ],
      [
        59.6,
        71.69999999999997
      ],
      [
        64.89999999999999,
        71.19999999999997
      ],
      [
        64.89999999999999,
        71.19999999999997
      ],
      [
        59.6,
        71.69999999999997
      ],
      [
        64.89999999999999,
        71.19999999999997
      ]
    ],
    "LTP": [
      [
        34.0,
        73.29999999999998
      ],
      [
        36.3,
        67.69999999999999
      ],
      [
        34.0,
        73.29999999999998
      ],
      [
        34.0,
        73.29999999999998
      ],
      [
        36.3,
        67.69999999999999
      ],
      [
        34.0,
        73.29999999999998
      ],
      [
        36.3,
        67.69999999999999
      ],
      [
        36.3,
        67.69999999999999
      ],
      [
        34.0,
        73.29999999999998
      ],
      [
        34.0,
        73.29999999999998
      ]
    ],
    "STP": [
      [
        33.5,
        97.7
      ],
      [
        33.5,
        97.7
      ],
      [
        33.5,
        97.7
      ],
      [
        33.5,
        97.7
      ],
      [
        33.5,
        97.7
      ],
      [
        33.5,
        97.7
      ],
      [
        33.5,
        97.7
      ],
      [
        33.5,
        97.7
      ],
      [
        33.5,
        97.7
      ],
      [
        33.5,
        97.7
      ]
    ],
    "RRFIFO": [
      [
        36.5,
        89.0
      ],
      [
        36.5,
        89.0
      ],
      [
        36.5,
        89.0
      ],
      [
        36.5,
        89.0
      ],
      [
        36.5,
        89.0
      ],
      [
        36.5,
        89.0
      ],
      [
        36.5,
        89.0
      ],
      [
        36.5,
        89.0
      ],
      [
        36.5,
        89.0
      ],
      [
        36.5,
        89.0
      ]
    ],
    "RRLTP": [
      [
        27.7,
        81.69999999999999
      ],
      [
        27.7,
        81.69999999999999
      ],
      [
        27.7,
        81.69999999999999
      ],
      [
        27.7,
        81.69999999999999
      ],
      [
        27.7,
        81.69999999999999
      ],
      [
        27.7,
        81.69999999999999
      ],
      [
        27.7,
        81.69999999999999
      ],
      [
        27.7,
        81.69999999999999
      ],
      [
        27.7,
        81.69999999999999
      ],
      [
        27.7,
        81.69999999999999
      ]
    ],
    "RRECA": [
      [
        57.400000000000006,
        87.80000000000001
      ],
      [
        57.400000000000006,
        87.80000000000001
      ],
      [
        48.400000000000006,
        91.80000000000001
      ],
      [
        65.60000000000001,
        87.30000000000001
      ],
      [
        65.60000000000001,
        87.30000000000001
      ],
      [
        48.400000000000006,
        91.80000000000001
      ],
      [
        57.400000000000006,
        87.80000000000001
      ],
      [
        56.60000000000001,
        91.30000000000001
      ],
      [
        48.400000000000006,
        91.80000000000001
      ],
      [
        65.60000000000001,
        87.30000000000001
      ]
    ]
  },
  "60": {
    "FIFO": [
      [
        64.89999999999999,
        71.19999999999997
      ],
      [
        64.89999999999999,
        71.19999999999997
      ],
      [
        59.6,
        71.69999999999997
      ],
      [
        64.89999999999999,
        71.19999999999997
      ],
      [
        64.89999999999999,
        71.19999999999997
      ],
      [
        59.6,
        71.69999999999997
      ],
      [
        59.6,
        71.69999999999997
      ],
      [
        64.89999999999999,
        71.19999999999997
      ],
      [
        64.89999999999999,
        71.19999999999997
      ],
      [
        59.6,
        71.69999999999997
      ]
    ],
    "LTP": [
      [
        34.0,
        73.29999999999998
      ],
      [
        36.3,
        67.69999999999999
      ],
      [
        34.0,
        73.29999999999998
      ],
      [
        34.0,
        73.29999999999998
      ],
      [
        36.3,
        67.69999999999999
      ],
      [
        34.0,
        73.29999999999998
      ],
      [
        34.0,
        73.29999999999998
      ],
      [
        34.0,
        73.29999999999998
      ],
      [
        34.0,
        73.29999999999998
      ],
      [
        34.0,
        73.29999999999998
      ]
    ],
    "STP": [
      [
        33.5,
        97.7
      ],
      [
        33.5,
        97.7
      ],
      [
        33.5,
        97.7
      ],
      [
        33.5,
        97.7
      ],
      [
        33.5,
        97.7
      ],
      [
        33.5,
        97.7
      ],
      [
        33.5,
        97.7
      ],
      [
        33.5,
        97.7
      ],
      [
        33.5,
        97.7
      ],
      [
        33.5,
        97.7
      ]
    ],