{
  "20": {
    "FIFO": [
      [
        200.5,
        333.9999999999999
      ],
      [
        204.5,
        329.39999999999986
      ],
      [
        204.5,
        329.39999999999986
      ],
      [
        204.5,
        329.39999999999986
      ],
      [
        204.5,
        329.39999999999986
      ],
      [
        204.5,
        329.39999999999986
      ],
      [
        204.5,
        329.39999999999986
      ],
      [
        204.5,
        329.39999999999986
      ],
      [
        204.5,
        329.39999999999986
      ],
      [
        204.5,
        329.39999999999986
      ]
    ],
    "LTP": [
      [
        90.8,
        323.3
      ],
      [
        90.8,
        323.3
      ],
      [
        90.8,
        323.3
      ],
      [
        90.8,
        323.3
      ],
      [
        90.8,
        323.3
      ],
      [
        90.8,
        323.3
      ],
      [
        90.8,
        323.3
      ],
      [
        90.8,
        323.3
      ],
      [
        90.8,
        323.3
      ],
      [
        90.8,
        323.3
      ]
    ],
    "STP": [
      [
        113.40000000000002,
        301.0999999999999
      ],
      [
        113.40000000000002,
        301.0999999999999
      ],
      [
        111.40000000000002,
        304.19999999999993
      ],
      [
        113.40000000000002,
        301.0999999999999
      ],
      [
        111.40000000000002,
        304.19999999999993
      ],
      [
        113.40000000000002,
        301.0999999999999
      ],
      [
        113.40000000000002,
        301.0999999999999
      ],
      [
        113.40000000000002,
        301.0999999999999
      ],
      [
        113.40000000000002,
        301.0999999999999
      ],
      [
        113.40000000000002,
        301.0999999999999
      ]
    ],
    "RRFIFO": [
      [
        82.5,
        328.70000000000016
      ],
      [
        90.10000000000001,
        322.10000000000014
      ],
      [
        90.10000000000001,
        322.10000000000014
      ],
      [
        90.10000000000001,
        322.10000000000014
      ],
      [
        90.10000000000001,
        322.10000000000014
      ],
      [
        90.10000000000001,
        322.10000000000014
      ],
      [
        90.10000000000001,
        322.10000000000014
      ],
      [
        90.10000000000001,
        322.10000000000014
      ],
      [
        90.10000000000001,
        322.10000000000014
      ],
      [
        90.10000000000001,
        322.10000000000014
      ]
    ],
    "RRLTP": [
      [
        81.00000000000001,
        315.19999999999993
      ]
    ],
    "RRECA": [
      [
        113.80000000000003,
        314.3999999999999
      ],
      [
        113.80000000000003,
        314.3999999999999
      ],
      [
        113.80000000000003,
        314.3999999999999
      ],
      [
        113.80000000000003,
        314.3999999999999
      ],
      [
        113.80000000000003,
        314.3999999999999
      ],
      [
        113.80000000000003,
        314.3999999999999
      ],
      [
        113.80000000000003,
        314.3999999999999
      ],
      [
        113.80000000000003,
        314.3999999999999
      ],
      [
        113.80000000000003,
        314.3999999999999
      ],
      [
        113.80000000000003,
        314.3999999999999
      ]
    ]
  },
  "40": {
    "FIFO": [
      [
        200.5,
        333.9999999999999
      ],
      [
        204.5,
        329.39999999999986
      ],
      [
        204.5,
        329.39999999999986
      ],
      [
        200.5,
        333.9999999999999
      ],
      [
        200.5,
        333.9999999999999
      ],
      [
        204.5,
        329.39999999999986
      ],
      [
        200.5,
        333.9999999999999
      ],
      [
        200.5,
        333.9999999999999
      ],
      [
        204.5,
        329.39999999999986
      ],
      [
        204.5,
        329.39999999999986
      ]
    ],
    "LTP": [
      [
        90.8,
        323.3
      ],
      [
        90.8,
        323.3
      ],
      [
        90.8,
        323.3
      ],
      [
        90.8,
        323.3
      ],
      [
        90.8,
        323.3
      ],
      [
        90.8,
        323.3
      ],
      [
        90.8,
        323.3
      ],
      [
        90.8,
        323.3
      ],
      [
        90.8,
        323.3
      ],
      [
        90.8,
        323.3
      ]
    ],
    "STP": [
      [
        113.40000000000002,
        301.0999999999999
      ],
      [
        113.40000000000002,
        301.0999999999999
      ],
      [
        111.40000000000002,
        304.19999999999993
      ],
      [
        111.40000000000002,
        304.19999999999993
      ],
      [
        111.40000000000002,
        304.19999999999993
      ],
      [
        111.40000000000002,
        304.19999999999993
      ],
      [
        113.40000000000002,
        301.0999999999999
      ],
      [
        111.40000000000002,
        304.19999999999993
      ],
      [
        111.40000000000002,
        304.19999999999993
      ],
      [
        111.40000000000002,
        304.19999999999993
      ]
    ],
    "RRFIFO": [
      [
        82.5,
        328.70000000000016
      ],
      [
        82.5,
        328.70000000000016
      ],
      [
        90.10000000000001,
        322.10000000000014
      ],
      [
        82.5,
        328.70000000000016
      ],
      [
        84.49999999999999,
        327.90000000000015
      ],
      [
        90.10000000000001,
        322.10000000000014
      ],
      [
        82.5,
        328.70000000000016
      ],
      [
        84.49999999999999,
        327.90000000000015
      ],
      [
        90.10000000000001,
        322.10000000000014
      ],
      [
        90.10000000000001,
        322.10000000000014
      ]
    ],
    "RRLTP": [
      [
        81.00000000000001,
        315.19999999999993
      ],
      [
        81.00000000000001,
        315.19999999999993
      ],
      [
        81.00000000000001,
        315.19999999999993
      ],
      [
        81.00000000000001,
        315.19999999999993
      ],
      [
        80.0,
        318.3999999999999
      ],
      [
        92.2,
        292.0
      ],
      [
        81.00000000000001,
        315.19999999999993
      ],
      [
        80.0,
        318.3999999999999
      ],
      [
        92.2,
        292.0
      ],
      [
        92.2,
        292.0
      ]
    ],
    "RRECA": [
      [
        113.80000000000003,
        314.3999999999999
      ],
      [
        113.80000000000003,
        314.3999999999999
      ],
      [
        113.80000000000003,
        314.3999999999999
      ],
      [
        113.80000000000003,
        314.3999999999999
      ],
      [
        113.80000000000003,
        314.3999999999999
      ],
      [
        113.80000000000003,
        314.3999999999999
      ],
      [
        113.80000000000003,
        314.3999999999999
      ],
      [
        113.80000000000003,
        314.3999999999999
      ],
      [
        113.80000000000003,
        314.3999999999999
      ],
      [
        113.80000000000003,
        314.3999999999999
      ]
    ]
  },
  "60": {
    "FIFO": [
      [
        204.5,
        329.39999999999986
      ],
      [
        204.5,
        329.39999999999986
      ],
      [
        204.5,
        329.39999999999986
      ],
      [
        204.5,
        329.39999999999986
      ],
      [
        204.5,
        329.39999999999986
      ],
      [
        204.5,
        329.39999999999986
      ],
      [
        204.5,
        329.39999999999986
      ],
      [
        204.5,
        329.39999999999986
      ],
      [
        204.5,
        329.39999999999986
      ],
      [
        204.5,
        329.39999999999986
      ]
    ],