{
  "20": {
    "FIFO": [
      [
        58.8,
        106.30000000000001
      ],
      [
        58.8,
        106.30000000000001
      ],
      [
        58.8,
        106.30000000000001
      ],
      [
        58.8,
        106.30000000000001
      ],
      [
        58.8,
        106.30000000000001
      ],
      [
        58.8,
        106.30000000000001
      ],
      [
        58.8,
        106.30000000000001
      ],
      [
        58.8,
        106.30000000000001
      ],
      [
        58.8,
        106.30000000000001
      ],
      [
        58.8,
        106.30000000000001
      ]
    ],
    "LTP": [
      [
        33.9,
        80.69999999999999
      ],
      [
        33.9,
        80.69999999999999
      ],
      [
        33.9,
        80.69999999999999
      ],
      [
        33.9,
        80.69999999999999
      ],
      [
        33.9,
        80.69999999999999
      ],
      [
        33.9,
        80.69999999999999
      ],
      [
        33.9,
        80.69999999999999
      ],
      [
        33.9,
        80.69999999999999
      ],
      [
        33.9,
        80.69999999999999
      ],
      [
        33.9,
        80.69999999999999
      ]
    ],
    "STP": [
      [
        37.7,
        101.49999999999999
      ],
      [
        37.7,
        101.49999999999999
      ],
      [
        37.7,
        101.49999999999999
      ],
      [
        37.7,
        101.49999999999999
      ],
      [
        37.7,
        101.49999999999999
      ],
      [
        37.7,
        101.49999999999999
      ],
      [
        37.7,
        101.49999999999999
      ],
      [
        37.7,
        101.49999999999999
      ],
      [
        37.7,
        101.49999999999999
      ],
      [
        37.7,
        101.49999999999999
      ]
    ],
    "RRFIFO": [
      [
        32.9,
        96.7
      ],
      [
        32.9,
        96.7
      ],
      [
        32.9,
        96.7
      ],
      [
        32.9,
        96.7
      ],
      [
        32.9,
        96.7
      ],
      [
        32.9,
        96.7
      ],
      [
        32.9,
        96.7
      ],
      [
        32.9,
        96.7
      ],
      [
        32.9,
        96.7
      ],
      [
        32.9,
        96.7
      ]
    ],
    "RRLTP": [
      [
        42.9,
        82.10000000000001
      ],
      [
        46.49999999999999,
        75.7
      ],
      [
        42.9,
        82.10000000000001
      ],
      [
        42.9,
        82.10000000000001
      ],
      [
        42.9,
        82.10000000000001
      ],
      [
        42.9,
        82.10000000000001
      ],
      [
        42.9,
        82.10000000000001
      ],
      [
        42.9,
        82.10000000000001
      ],
      [
        42.9,
        82.10000000000001
      ],
      [
        42.9,
        82.10000000000001
      ]
    ],
    "RRECA": [
      [
        38.39999999999999,
        76.50000000000001
      ],
      [
        38.39999999999999,
        76.50000000000001
      ],
      [
        38.39999999999999,
        76.50000000000001
      ],
      [
        38.39999999999999,
        76.50000000000001
      ],
      [
        38.39999999999999,
        76.50000000000001
      ],
      [
        38.39999999999999,
        76.50000000000001
      ],
      [
        38.39999999999999,
        76.50000000000001
      ],
      [
        38.39999999999999,
        76.50000000000001
      ],
      [
        38.39999999999999,
        76.50000000000001
      ],
      [
        38.39999999999999,
        76.50000000000001
      ]
    ]
  },
  "40": {
    "FIFO": [
      [
        58.8,
        106.30000000000001
      ],
      [
        58.8,
        106.30000000000001
      ],
      [
        58.8,
        106.30000000000001
      ],
      [
        58.8,
        106.30000000000001
      ],
      [
        58.8,
        106.30000000000001
      ],
      [
        58.8,
        106.30000000000001
      ],
      [
        58.8,
        106.30000000000001
      ],
      [
        58.8,
        106.30000000000001
      ],
      [
        58.8,
        106.30000000000001
      ],
      [
        58.8,
        106.30000000000001
      ]
    ],
    "LTP": [
      [
        33.9,
        80.69999999999999
      ],
      [
        33.9,
        80.69999999999999
      ],
      [
        33.9,
        80.69999999999999
      ],
      [
        33.9,
        80.69999999999999
      ],
      [
        33.9,
        80.69999999999999
      ],
      [
        33.9,
        80.69999999999999
      ],
      [
        33.9,
        80.69999999999999
      ],
      [
        33.9,
        80.69999999999999
      ],
      [
        33.9,
        80.69999999999999
      ],
      [
        33.9,
        80.69999999999999
      ]
    ],
    "STP": [
      [
        37.7,
        101.49999999999999
      ],
      [
        37.7,
        101.49999999999999
      ],
      [
        37.7,
        101.49999999999999
      ],
      [
        37.7,
        101.49999999999999
      ],
      [
        37.7,
        101.49999999999999
      ],
      [
        37.7,
        101.49999999999999
      ],
      [
        37.7,
        101.49999999999999
      ],
      [
        37.7,
        101.49999999999999
      ],
      [
        37.7,
        101.49999999999999
      ],
      [
        37.7,
        101.49999999999999
      ]
    ],
    "RRFIFO": [
      [
        32.9,
        96.7
      ],
      [
        32.9,
        96.7
      ],
      [
        32.9,
        96.7
      ],
      [
        32.9,
        96.7
      ],
      [
        32.9,
        96.7
      ],
      [
        32.9,
        96.7
      ],
      [
        32.9,
        96.7
      ],
      [
        32.9,
        96.7
      ],
      [
        32.9,
        96.7
      ],
      [
        32.9,
        96.7
      ]
    ],
    "RRLTP": [
      [
        42.9,
        82.10000000000001
      ],
      [
        46.49999999999999,
        75.7
      ],
      [
        46.49999999999999,
        75.7
      ],
      [
        42.9,
        82.10000000000001
      ],
      [
        42.9,
        82.10000000000001
      ],
      [
        46.49999999999999,
        75.7
      ],
      [
        42.9,
        82.10000000000001
      ],
      [
        46.49999999999999,
        75.7
      ],
      [
        42.9,
        82.10000000000001
      ],
      [
        46.49999999999999,
        75.7
      ]
    ],
    "RRECA": [
      [
        38.39999999999999,
        76.50000000000001
      ],
      [
        38.39999999999999,
        76.50000000000001
      ],
      [
        38.39999999999999,
        76.50000000000001
      ],
      [
        38.39999999999999,
        76.50000000000001
      ],
      [
        38.39999999999999,
        76.50000000000001
      ],
      [
        38.39999999999999,
        76.50000000000001
      ],
      [
        38.39999999999999,
        76.50000000000001
      ],
      [
        38.39999999999999,
        76.50000000000001
      ],
      [
        38.39999999999999,
        76.50000000000001
      ],
      [
        38.39999999999999,
        76.50000000000001
      ]
    ]
  },
  "60": {
    "FIFO": [
      [
        42.900000000000006,
        98.0
      ],
      [
        42.900000000000006,
        98.0
      ],
      [
        49.00000000000001,
        86.3
      ],
      [
        42.900000000000006,
        98.0
      ],
      [
        42.900000000000006,
        98.0
      ],
      [
        42.900000000000006,
        98.0
      ],
      [
        42.900000000000006,
        98.0
      ]
    ],