{
  "20": {
    "FIFO": [
      [
        74.19999999999999,
        221.5
      ],
      [
        81.1,
        216.60000000000005
      ]
    ],
    "LTP": [
      [
        40.8,
        177.79999999999995
      ]
    ],
    "STP": [
      [
        44.800000000000004,
        209.6
      ]
    ],
    "RRFIFO": [
      [
        49.6,
        186.7
      ]
    ],
    "RRLTP": [
      [
        52.3,
        216.19999999999996
      ],
      [
        50.199999999999996,
        226.89999999999992
      ],
      [
        53.800000000000004,
        186.4
      ],
      [
        55.900000000000006,
        174.20000000000002
      ]
    ],
    "RRECA": [
      [
        43.2,
        193.09999999999997
      ],
      [
        50.3,
        191.59999999999997
      ]
    ]
  },
  "40": {
    "FIFO": [
      [
        70.0,
        209.29999999999995
      ],
      [
        70.0,
        209.29999999999995
      ],
      [
        70.0,
        209.29999999999995
      ],
      [
        70.0,
        209.29999999999995
      ],
      [
        70.0,
        209.29999999999995
      ],
      [
        70.0,
        209.29999999999995
      ],
      [
        70.0,
        209.29999999999995
      ],
      [
        70.0,
        209.29999999999995
      ],
      [
        70.0,
        209.29999999999995
      ],
      [
        70.0,
        209.29999999999995
      ]
    ],
    "LTP": [
      [
        43.39999999999999,
        177.0
      ],
      [
        43.39999999999999,
        177.0
      ],
      [
        43.39999999999999,
        177.0
      ],
      [
        43.39999999999999,
        177.0
      ],
      [
        43.39999999999999,
        177.0
      ],
      [
        43.39999999999999,
        177.0
      ],
      [
        43.39999999999999,
        177.0
      ],
      [
        43.39999999999999,
        177.0
      ],
      [
        43.39999999999999,
        177.0
      ],
      [
        43.39999999999999,
        177.0
      ]
    ],
    "STP": [
      [
        43.599999999999994,
        199.79999999999998
      ],
      [
        43.599999999999994,
        199.79999999999998
      ],
      [
        43.599999999999994,
        199.79999999999998
      ],
      [
        43.599999999999994,
        199.79999999999998
      ],
      [
        43.599999999999994,
        199.79999999999998
      ],
      [
        43.599999999999994,
        199.79999999999998
      ],
      [
        43.599999999999994,
        199.79999999999998
      ],
      [
        43.599999999999994,
        199.79999999999998
      ],
      [
        43.599999999999994,
        199.79999999999998
      ],
      [
        43.599999999999994,
        199.79999999999998
      ]
    ],
    "RRFIFO": [
      [
        48.2,
        193.49999999999997
      ],
      [
        48.2,
        193.49999999999997
      ],
      [
        48.2,
        193.49999999999997
      ],
      [
        48.2,
        193.49999999999997
      ],
      [
        48.2,
        193.49999999999997
      ],
      [
        48.2,
        193.49999999999997
      ],
      [
        48.2,
        193.49999999999997
      ],
      [
        48.2,
        193.49999999999997
      ],
      [
        48.2,
        193.49999999999997
      ],
      [
        48.2,
        193.49999999999997
      ]
    ],
    "RRLTP": [
      [
        52.8,
        203.19999999999996
      ],
      [
        52.8,
        203.19999999999996
      ],
      [
        52.8,
        203.19999999999996
      ],
      [
        52.8,
        203.19999999999996
      ],
      [
        52.8,
        203.19999999999996
      ],
      [
        52.8,
        203.19999999999996
      ],
      [
        52.8,
        203.19999999999996
      ],
      [
        52.8,
        203.19999999999996
      ],
      [
        52.8,
        203.19999999999996
      ],
      [
        52.8,
        203.19999999999996
      ]
    ],
    "RRECA": [
      [
        45.900000000000006,
        198.89999999999995
      ],
      [
        45.900000000000006,
        198.89999999999995
      ],
      [
        45.900000000000006,
        198.89999999999995
      ],
      [
        45.900000000000006,
        198.89999999999995
      ],
      [
        45.900000000000006,
        198.89999999999995
      ],
      [
        45.900000000000006,
        198.89999999999995
      ],
      [
        45.900000000000006,
        198.89999999999995
      ],
      [
        45.900000000000006,
        198.89999999999995
      ],
      [
        45.900000000000006,
        198.89999999999995
      ],
      [
        45.900000000000006,
        198.89999999999995
      ]
    ]
  },
  "60": {
    "FIFO": [
      [
        70.0,
        209.29999999999995
      ],
      [
        70.0,
        209.29999999999995
      ],
      [
        70.0,
        209.29999999999995
      ],
      [
        70.0,
        209.29999999999995
      ],
      [
        70.0,
        209.29999999999995
      ],
      [
        70.0,
        209.29999999999995
      ],
      [
        70.0,
        209.29999999999995
      ],
      [
        70.0,
        209.29999999999995
      ],
      [
        70.0,
        209.29999999999995
      ],
      [
        70.0,
        209.29999999999995
      ]
    ],
    "LTP": [
      [
        43.39999999999999,
        177.0
      ],
      [
        43.39999999999999,
        177.0
      ],
      [
        43.39999999999999,
        177.0
      ],
      [
        43.39999999999999,
        177.0
      ],
      [
        43.39999999999999,
        177.0
      ],
      [
        43.39999999999999,
        177.0
      ],
      [
        43.39999999999999,
        177.0
      ],
      [
        43.39999999999999,
        177.0
      ],
      [
        43.39999999999999,
        177.0
      ],
      [
        43.39999999999999,
        177.0
      ]
    ],
    "STP": [
      [
        43.599999999999994,
        199.79999999999998
      ],
      [
        43.599999999999994,
        199.79999999999998
      ],
      [
        43.599999999999994,
        199.79999999999998
      ],
      [
        43.599999999999994,
        199.79999999999998
      ],
      [
        43.599999999999994,
        199.79999999999998
      ],
      [
        43.599999999999994,
        199.79999999999998
      ],
      [
        43.599999999999994,
        199.79999999999998
      ],
      [
        43.599999999999994,
        199.79999999999998
      ],
      [
        43.599999999999994,
        199.79999999999998
      ],
      [
        43.599999999999994,
        199.79999999999998
      ]
    ],
    "RRFIFO": [
      [
        48.2,
        193.49999999999997
      ],
      [
        48.2,
        193.49999999999997
      ],
      [
        48.2,
        193.49999999999997
      ],
      [
        48.2,
        193.49999999999997
      ],
      [
        48.2,
        193.49999999999997
      ],
      [
        48.2,
        193.49999999999997
      ],
      [
        48.2,
        193.49999999999997
      ],
      [
        48.2,
        193.49999999999997
      ],
      [
        48.2,
        193.49999999999997
      ],
      [
        48.2,
        193.49999999999997
      ]
    ],
    "RRLTP": [
      [
        52.8,
        203.19999999999996
      ],
      [
        52.8,
        203.19999999999996
      ],
      [
        52.8,
        203.19999999999996
      ],
      [
        52.8,
        203.19999999999996
      ],
      [
        52.8,
        203.19999999999996
      ],
      [
        52.8,
        203.19999999999996
      ],
      [
        52.8,
        203.19999999999996
      ],
      [
        52.8,
        203.19999999999996
      ],
      [
        52.8,
        203.19999999999996
      ],
      [
        52.8,
        203.19999999999996
      ]
    ],