{
  "20": {
    "FIFO": [
      [
        106.7,
        207.60000000000002
      ],
      [
        105.69999999999999,
        209.4
      ],
      [
        105.69999999999999,
        209.4
      ],
      [
        105.69999999999999,
        209.4
      ],
      [
        106.7,
        207.60000000000002
      ],
      [
        105.69999999999999,
        209.4
      ],
      [
        106.7,
        207.60000000000002
      ],
      [
        106.7,
        207.60000000000002
      ],
      [
        105.69999999999999,
        209.4
      ],
      [
        105.69999999999999,
        209.4
      ]
    ],
    "LTP": [
      [
        53.6,
        208.60000000000002
      ],
      [
        53.6,
        208.60000000000002
      ],
      [
        53.6,
        208.60000000000002
      ],
      [
        53.6,
        208.60000000000002
      ],
      [
        53.6,
        208.60000000000002
      ],
      [
        53.6,
        208.60000000000002
      ],
      [
        53.6,
        208.60000000000002
      ],
      [
        53.6,
        208.60000000000002
      ],
      [
        53.6,
        208.60000000000002
      ],
      [
        53.6,
        208.60000000000002
      ]
    ],
    "STP": [
      [
        53.599999999999994,
        213.3
      ],
      [
        53.599999999999994,
        213.3
      ],
      [
        53.599999999999994,
        213.3
      ],
      [
        53.599999999999994,
        213.3
      ],
      [
        53.599999999999994,
        213.3
      ],
      [
        53.599999999999994,
        213.3
      ],
      [
        53.599999999999994,
        213.3
      ],
      [
        53.599999999999994,
        213.3
      ],
      [
        53.599999999999994,
        213.3
      ],
      [
        53.599999999999994,
        213.3
      ]
    ],
    "RRFIFO": [
      [
        48.69999999999999,
        188.7
      ],
      [
        48.69999999999999,
        188.7
      ],
      [
        48.69999999999999,
        188.7
      ],
      [
        48.69999999999999,
        188.7
      ],
      [
        48.69999999999999,
        188.7
      ],
      [
        48.69999999999999,
        188.7
      ],
      [
        48.69999999999999,
        188.7
      ],
      [
        48.69999999999999,
        188.7
      ],
      [
        48.69999999999999,
        188.7
      ],
      [
        48.69999999999999,
        188.7
      ]
    ],
    "RRLTP": [
      [
        45.099999999999994,
        198.1
      ],
      [
        51.099999999999994,
        192.20000000000002
      ],
      [
        47.49999999999999,
        196.20000000000002
      ],
      [
        45.099999999999994,
        198.1
      ],
      [
        45.099999999999994,
        198.1
      ],
      [
        47.49999999999999,
        196.20000000000002
      ],
      [
        45.099999999999994,
        198.1
      ],
      [
        45.099999999999994,
        198.1
      ],
      [
        47.49999999999999,
        196.20000000000002
      ],
      [
        45.099999999999994,
        198.1
      ]
    ],
    "RRECA": [
      [
        50.39999999999999,
        195.4
      ],
      [
        50.39999999999999,
        195.4
      ],
      [
        50.39999999999999,
        195.4
      ],
      [
        50.39999999999999,
        195.4
      ],
      [
        50.39999999999999,
        195.4
      ],
      [
        50.39999999999999,
        195.4
      ],
      [
        50.39999999999999,
        195.4
      ],
      [
        50.39999999999999,
        195.4
      ],
      [
        50.39999999999999,
        195.4
      ],
      [
        50.39999999999999,
        195.4
      ]
    ]
  },
  "40": {
    "FIFO": [
      [
        90.5,
        226.0
      ],
      [
        90.5,
        226.0
      ],
      [
        90.5,
        226.0
      ],
      [
        90.5,
        226.0
      ],
      [
        90.5,
        226.0
      ],
      [
        90.5,
        226.0
      ],
      [
        90.5,
        226.0
      ],
      [
        90.5,
        226.0
      ],
      [
        90.5,
        226.0
      ],
      [
        90.5,
        226.0
      ]
    ],
    "LTP": [
      [
        47.6,
        205.3
      ],
      [
        47.6,
        205.3
      ],
      [
        47.6,
        205.3
      ],
      [
        47.6,
        205.3
      ],
      [
        47.6,
        205.3
      ],
      [
        47.6,
        205.3
      ],
      [
        47.6,
        205.3
      ],
      [
        47.6,
        205.3
      ],
      [
        47.6,
        205.3
      ],
      [
        47.6,
        205.3
      ]
    ],
    "STP": [
      [
        49.300000000000004,
        204.60000000000005
      ],
      [
        49.300000000000004,
        204.60000000000005
      ],
      [
        49.300000000000004,
        204.60000000000005
      ],
      [
        49.300000000000004,
        204.60000000000005
      ],
      [
        49.300000000000004,
        204.60000000000005
      ],
      [
        49.300000000000004,
        204.60000000000005
      ],
      [
        49.300000000000004,
        204.60000000000005
      ],
      [
        49.300000000000004,
        204.60000000000005
      ],
      [
        49.300000000000004,
        204.60000000000005
      ],
      [
        49.300000000000004,
        204.60000000000005
      ]
    ],
    "RRFIFO": [
      [
        44.699999999999996,
        187.49999999999997
      ],
      [
        44.699999999999996,
        187.49999999999997
      ],
      [
        44.699999999999996,
        187.49999999999997
      ],
      [
        44.699999999999996,
        187.49999999999997
      ],
      [
        44.699999999999996,
        187.49999999999997
      ],
      [
        44.699999999999996,
        187.49999999999997
      ],
      [
        44.699999999999996,
        187.49999999999997
      ],
      [
        44.699999999999996,
        187.49999999999997
      ],
      [
        44.699999999999996,
        187.49999999999997
      ],
      [
        44.699999999999996,
        187.49999999999997
      ]
    ],
    "RRLTP": [
      [
        45.099999999999994,
        193.3
      ],
      [
        45.099999999999994,
        193.3
      ],
      [
        45.099999999999994,
        193.3
      ],
      [
        45.099999999999994,
        193.3
      ],
      [
        45.099999999999994,
        193.3
      ],
      [
        45.099999999999994,
        193.3
      ],
      [
        45.099999999999994,
        193.3
      ],
      [
        45.099999999999994,
        193.3
      ],
      [
        45.099999999999994,
        193.3
      ],
      [
        45.099999999999994,
        193.3
      ]
    ],
    "RRECA": [
      [
        50.39999999999999,
        195.4
      ],
      [
        50.39999999999999,
        195.4
      ],
      [
        50.39999999999999,
        195.4
      ],
      [
        50.39999999999999,
        195.4
      ],
      [
        50.39999999999999,
        195.4
      ],
      [
        50.39999999999999,
        195.4
      ],
      [
        50.39999999999999,
        195.4
      ],
      [
        50.39999999999999,
        195.4
      ],
      [
        50.39999999999999,
        195.4
      ],
      [
        50.39999999999999,
        195.4
      ]
    ]
  },
  "60": {
    "FIFO": [
      [
        90.5,
        226.0
      ],
      [
        90.5,
        226.0
      ],
      [
        90.5,
        226.0
      ],
      [
        90.5,
        226.0
      ],
      [
        90.5,
        226.0
      ],
      [
        90.5,
        226.0
      ],
      [
        90.5,
        226.0
      ],
      [
        90.5,
        226.0
      ],
      [
        90.5,
        226.0
      ],
      [
        90.5,
        226.0
      ]
    ],