{
  "20": {
    "FIFO": [
      [
        181.89999999999998,
        353.19999999999993
      ],
      [
        181.89999999999998,
        353.19999999999993
      ],
      [
        181.89999999999998,
        353.19999999999993
      ],
      [
        181.89999999999998,
        353.19999999999993
      ],
      [
        181.89999999999998,
        353.19999999999993
      ],
      [
        181.89999999999998,
        353.19999999999993
      ],
      [
        181.89999999999998,
        353.19999999999993
      ],
      [
        181.89999999999998,
        353.19999999999993
      ],
      [
        181.89999999999998,
        353.19999999999993
      ],
      [
        181.89999999999998,
        353.19999999999993
      ]
    ],
    "LTP": [
      [
        101.9,
        333.09999999999997
      ],
      [
        101.9,
        333.09999999999997
      ],
      [
        101.9,
        333.09999999999997
      ],
      [
        101.9,
        333.09999999999997
      ],
      [
        101.9,
        333.09999999999997
      ],
      [
        101.9,
        333.09999999999997
      ],
      [
        101.9,
        333.09999999999997
      ],
      [
        101.9,
        333.09999999999997
      ],
      [
        101.9,
        333.09999999999997
      ],
      [
        101.9,
        333.09999999999997
      ]
    ],
    "STP": [
      [
        96.0,
        318.50000000000006
      ],
      [
        96.0,
        318.50000000000006
      ],
      [
        96.0,
        318.50000000000006
      ],
      [
        96.0,
        318.50000000000006
      ],
      [
        96.0,
        318.50000000000006
      ],
      [
        96.0,
        318.50000000000006
      ],
      [
        96.0,
        318.50000000000006
      ],
      [
        96.0,
        318.50000000000006
      ],
      [
        96.0,
        318.50000000000006
      ],
      [
        96.0,
        318.50000000000006
      ]
    ],
    "RRFIFO": [
      [
        109.4,
        315.7
      ],
      [
        109.4,
        315.7
      ],
      [
        109.4,
        315.7
      ],
      [
        109.4,
        315.7
      ],
      [
        109.4,
        315.7
      ],
      [
        109.4,
        315.7
      ],
      [
        109.4,
        315.7
      ],
      [
        109.4,
        315.7
      ],
      [
        109.4,
        315.7
      ],
      [
        109.4,
        315.7
      ]
    ],
    "RRLTP": [
      [
        83.10000000000001,
        338.70000000000005
      ],
      [
        83.10000000000001,
        338.70000000000005
      ],
      [
        83.10000000000001,
        338.70000000000005
      ],
      [
        83.10000000000001,
        338.70000000000005
      ],
      [
        83.10000000000001,
        338.70000000000005
      ],
      [
        83.10000000000001,
        338.70000000000005
      ],
      [
        83.10000000000001,
        338.70000000000005
      ],
      [
        83.10000000000001,
        338.70000000000005
      ],
      [
        83.10000000000001,
        338.70000000000005
      ],
      [
        83.10000000000001,
        338.70000000000005
      ]
    ],
    "RRECA": [
      [
        111.3,
        314.70000000000005
      ],
      [
        111.3,
        314.70000000000005
      ],
      [
        111.3,
        314.70000000000005
      ],
      [
        111.3,
        314.70000000000005
      ],
      [
        111.3,
        314.70000000000005
      ],
      [
        111.3,
        314.70000000000005
      ],
      [
        111.3,
        314.70000000000005
      ],
      [
        111.3,
        314.70000000000005
      ],
      [
        111.3,
        314.70000000000005
      ],
      [
        111.3,
        314.70000000000005
      ]
    ]
  },
  "40": {
    "FIFO": [
      [
        181.89999999999998,
        353.19999999999993
      ],
      [
        181.89999999999998,
        353.19999999999993
      ],
      [
        181.89999999999998,
        353.19999999999993
      ],
      [
        181.89999999999998,
        353.19999999999993
      ],
      [
        181.89999999999998,
        353.19999999999993
      ],
      [
        181.89999999999998,
        353.19999999999993
      ],
      [
        181.89999999999998,
        353.19999999999993
      ],
      [
        181.89999999999998,
        353.19999999999993
      ],
      [
        181.89999999999998,
        353.19999999999993
      ],
      [
        181.89999999999998,
        353.19999999999993
      ]
    ],
    "LTP": [
      [
        101.9,
        333.09999999999997
      ],
      [
        101.9,
        333.09999999999997
      ],
      [
        101.9,
        333.09999999999997
      ],
      [
        101.9,
        333.09999999999997
      ],
      [
        101.9,
        333.09999999999997
      ],
      [
        101.9,
        333.09999999999997
      ],
      [
        101.9,
        333.09999999999997
      ],
      [
        101.9,
        333.09999999999997
      ],
      [
        101.9,
        333.09999999999997
      ],
      [
        101.9,
        333.09999999999997
      ]
    ],
    "STP": [
      [
        96.0,
        318.50000000000006
      ],
      [
        96.0,
        318.50000000000006
      ],
      [
        96.0,
        318.50000000000006
      ],
      [
        96.0,
        318.50000000000006
      ],
      [
        96.0,
        318.50000000000006
      ],
      [
        96.0,
        318.50000000000006
      ],
      [
        96.0,
        318.50000000000006
      ],
      [
        96.0,
        318.50000000000006
      ],
      [
        96.0,
        318.50000000000006
      ],
      [
        96.0,
        318.50000000000006
      ]
    ],
    "RRFIFO": [
      [
        109.4,
        315.7
      ],
      [
        109.4,
        315.7
      ],
      [
        109.4,
        315.7
      ],
      [
        109.4,
        315.7
      ],
      [
        109.4,
        315.7
      ],
      [
        109.4,
        315.7
      ],
      [
        109.4,
        315.7
      ],
      [
        109.4,
        315.7
      ],
      [
        109.4,
        315.7
      ],
      [
        109.4,
        315.7
      ]
    ],
    "RRLTP": [
      [
        83.10000000000001,
        338.70000000000005
      ],
      [
        83.10000000000001,
        338.70000000000005
      ],
      [
        83.10000000000001,
        338.70000000000005
      ],
      [
        83.10000000000001,
        338.70000000000005
      ],
      [
        83.10000000000001,
        338.70000000000005
      ],
      [
        83.10000000000001,
        338.70000000000005
      ],
      [
        83.10000000000001,
        338.70000000000005
      ],
      [
        83.10000000000001,
        338.70000000000005
      ],
      [
        83.10000000000001,
        338.70000000000005
      ],
      [
        83.10000000000001,
        338.70000000000005
      ]
    ],
    "RRECA": [
      [
        111.3,
        314.70000000000005
      ],
      [
        111.3,
        314.70000000000005
      ],
      [
        111.3,
        314.70000000000005
      ],
      [
        111.3,
        314.70000000000005
      ],
      [
        111.3,
        314.70000000000005
      ],
      [
        111.3,
        314.70000000000005
      ],
      [
        111.3,
        314.70000000000005
      ],
      [
        111.3,
        314.70000000000005
      ],
      [
        111.3,
        314.70000000000005
      ],
      [
        111.3,
        314.70000000000005
      ]
    ]
  },